timestamp,family,slug,raw_probability,calibrated_fair_value,recommended_action,paper_stake,hours_to_resolution,market_volume,best_bid,best_ask,spread,buy_depth_1c,buy_depth_2c,buy_depth_5c,sell_depth_1c,no_buy_depth_1c,no_buy_depth_2c,outcome
2026-08-26T16:08:05.517300+00:00,hourly,bitcoin-up-or-down-august-26-2026-12pm-et,0.655,0.6209728141515503,NO_TRADE,0.0,,,,,,,,,,,,0
2026-08-26T16:12:26.964787+00:00,hourly,bitcoin-up-or-down-august-26-2026-12pm-et,0.605,0.5738788065882695,NO_TRADE,0.0,,,,,,,,,,,,0
2026-08-26T17:09:35.907330+00:00,hourly,bitcoin-up-or-down-august-26-2026-1pm-et,0.675,0.6506840457751721,NO_TRADE,0.0,,,,,,,,,,,,1
2026-08-26T19:27:54.291999+00:00,hourly,bitcoin-up-or-down-august-26-2026-3pm-et,0.655,0.6230512381629769,NO_TRADE,0.0,,,,,,,,,,,,1
2026-08-26T22:25:26.407612+00:00,hourly,bitcoin-up-or-down-august-26-2026-6pm-et,0.7,0.6471376005979362,NO_TRADE,0.0,,,,,,,,,,,,0
2026-08-27T03:27:20.319310+00:00,hourly,bitcoin-up-or-down-august-26-2026-11pm-et,0.835,0.8558377074615923,NO_TRADE,0.0,,,,,,,,,,,,1
2026-08-27T11:19:36.396444+00:00,hourly,bitcoin-up-or-down-august-27-2026-7am-et,0.59,0.43848414177675565,NO_TRADE,0.0,,,,,,,,,,,,0
2026-08-27T11:28:56.902601+00:00,hourly,bitcoin-up-or-down-august-27-2026-7am-et,0.395,0.21611773336333573,NO_TRADE,0.0,,,,,,,,,,,,0
2026-08-27T11:33:06.923169+00:00,hourly,bitcoin-up-or-down-august-27-2026-7am-et,0.21000000000000002,0.09473662276744693,NO_TRADE,0.0,,,,,,,,,,,,0
2026-08-27T11:42:59.065686+00:00,hourly,bitcoin-up-or-down-august-27-2026-7am-et,0.07,0.035016543256936365,NO_TRADE,0.0,,,,,,,,,,,,0
2026-08-27T11:50:14.624085+00:00,hourly,bitcoin-up-or-down-august-27-2026-7am-et,0.015,0.00948153444282118,NO_TRADE,0.0,,,,,,,,,,,,0
2026-08-27T11:53:17.120858+00:00,hourly,bitcoin-up-or-down-august-27-2026-7am-et,0.0125,0.007632604798456628,NO_TRADE,0.0,,,,,,,,,,,,0
2026-08-27T12:03:07.690173+00:00,hourly,bitcoin-up-or-down-august-27-2026-8am-et,0.545,0.46445841174879143,NO_TRADE,0.0,,,,,,,,,,,,0
2026-08-27T12:13:13.660375+00:00,hourly,bitcoin-up-or-down-august-27-2026-8am-et,0.5700000000000001,0.43849334061547296,NO_TRADE,0.0,,,,,,,,,,,,0
2026-08-27T12:22:19.723120+00:00,hourly,bitcoin-up-or-down-august-27-2026-8am-et,0.545,0.4340037915427432,NO_TRADE,0.0,,,,,,,,,,,,0
2026-08-27T12:33:12.185033+00:00,hourly,bitcoin-up-or-down-august-27-2026-8am-et,0.48,0.39615569223932046,NO_TRADE,0.0,,,,,,,,,,,,0
2026-08-27T12:43:05.449711+00:00,hourly,bitcoin-up-or-down-august-27-2026-8am-et,0.11,0.04744412083709361,NO_TRADE,0.0,,,,,,,,,,,,0
2026-08-27T12:52:13.666596+00:00,hourly,bitcoin-up-or-down-august-27-2026-8am-et,0.03,0.016686246423003516,NO_TRADE,0.0,,,,,,,,,,,,0
2026-08-27T13:03:29.379063+00:00,hourly,bitcoin-up-or-down-august-27-2026-9am-et,0.565,0.4514434234247712,NO_TRADE,0.0,,,,,,,,,,,,1
2026-08-27T13:12:38.406168+00:00,hourly,bitcoin-up-or-down-august-27-2026-9am-et,0.5700000000000001,0.48687831884906474,NO_TRADE,0.0,,,,,,,,,,,,1
2026-08-27T13:23:24.200765+00:00,hourly,bitcoin-up-or-down-august-27-2026-9am-et,0.625,0.5504490970963114,NO_TRADE,0.0,,,,,,,,,,,,1
2026-08-27T13:32:58.182763+00:00,hourly,bitcoin-up-or-down-august-27-2026-9am-et,0.345,0.1943852191143103,NO_TRADE,0.0,,,,,,,,,,,,1
2026-08-27T13:43:11.856964+00:00,hourly,bitcoin-up-or-down-august-27-2026-9am-et,0.495,0.3572198756403483,NO_TRADE,0.0,,,,,,,,,,,,1
2026-08-27T13:53:03.979037+00:00,hourly,bitcoin-up-or-down-august-27-2026-9am-et,0.565,0.4872177729061589,NO_TRADE,0.0,,,,,,,,,,,,1
2026-08-27T14:03:16.132156+00:00,hourly,bitcoin-up-or-down-august-27-2026-10am-et,0.565,0.7140560857212646,NO_TRADE,0.0,,,,,,,,,,,,1
2026-08-27T14:13:02.077430+00:00,hourly,bitcoin-up-or-down-august-27-2026-10am-et,0.365,0.2389218398128803,NO_TRADE,0.0,,,,,,,,,,,,1
2026-08-27T14:23:07.388141+00:00,hourly,bitcoin-up-or-down-august-27-2026-10am-et,0.795,0.844196077489498,NO_TRADE,0.0,,,,,,,,,,,,1
2026-08-27T14:33:14.263885+00:00,hourly,bitcoin-up-or-down-august-27-2026-10am-et,0.825,0.8220831108332961,NO_TRADE,0.0,,,,,,,,,,,,1
2026-08-27T14:43:36.983528+00:00,hourly,bitcoin-up-or-down-august-27-2026-10am-et,0.9815,0.9877270445210594,NO_TRADE,0.0,,,,,,,,,,,,1
2026-08-27T14:53:56.997644+00:00,hourly,bitcoin-up-or-down-august-27-2026-10am-et,0.997,0.9946621825443396,NO_TRADE,0.0,,,,,,,,,,,,1
2026-08-27T15:03:24.045493+00:00,hourly,bitcoin-up-or-down-august-27-2026-11am-et,0.495,0.4379683241996285,NO_TRADE,0.0,,,,,,,,,,,,1
2026-08-27T15:13:16.325546+00:00,hourly,bitcoin-up-or-down-august-27-2026-11am-et,0.725,0.8019665495008934,NO_TRADE,0.0,,,,,,,,,,,,1
2026-08-27T15:23:18.256726+00:00,hourly,bitcoin-up-or-down-august-27-2026-11am-et,0.705,0.6570391356083881,NO_TRADE,0.0,,,,,,,,,,,,1
2026-08-27T15:32:30.508742+00:00,hourly,bitcoin-up-or-down-august-27-2026-11am-et,0.735,0.5598517211253573,NO_TRADE,0.0,,,,,,,,,,,,1
2026-08-27T15:42:18.504169+00:00,hourly,bitcoin-up-or-down-august-27-2026-11am-et,0.8200000000000001,0.6997461767286008,NO_TRADE,0.0,,,,,,,,,,,,1
2026-08-27T15:53:06.398843+00:00,hourly,bitcoin-up-or-down-august-27-2026-11am-et,0.895,0.8333183458265734,NO_TRADE,0.0,,,,,,,,,,,,1
2026-08-27T16:02:17.522411+00:00,hourly,bitcoin-up-or-down-august-27-2026-12pm-et,0.54,0.42507619480357756,NO_TRADE,0.0,,,,,,,,,,,,1
2026-08-27T16:11:56.740534+00:00,hourly,bitcoin-up-or-down-august-27-2026-12pm-et,0.515,0.4039678282072447,NO_TRADE,0.0,,,,,,,,,,,,1
2026-08-27T16:21:45.089363+00:00,hourly,bitcoin-up-or-down-august-27-2026-12pm-et,0.6799999999999999,0.6770798424845463,NO_TRADE,0.0,,,,,,,,,,,,1
2026-08-27T16:32:57.872591+00:00,hourly,bitcoin-up-or-down-august-27-2026-12pm-et,0.575,0.39606279380783255,NO_TRADE,0.0,,,,,,,,,,,,1
2026-08-27T16:41:49.813720+00:00,hourly,bitcoin-up-or-down-august-27-2026-12pm-et,0.83,0.7749890668149358,NO_TRADE,0.0,,,,,,,,,,,,1
2026-08-27T16:52:00.595882+00:00,hourly,bitcoin-up-or-down-august-27-2026-12pm-et,0.915,0.8810988286733702,NO_TRADE,0.0,,,,,,,,,,,,1
2026-08-27T17:02:09.221827+00:00,hourly,bitcoin-up-or-down-august-27-2026-1pm-et,0.35,0.1763934025715453,NO_TRADE,0.0,,,,,,,,,,,,1
2026-08-27T17:11:34.188590+00:00,hourly,bitcoin-up-or-down-august-27-2026-1pm-et,0.6799999999999999,0.6366724178684575,NO_TRADE,0.0,,,,,,,,,,,,1
2026-08-27T17:21:44.490102+00:00,hourly,bitcoin-up-or-down-august-27-2026-1pm-et,0.875,0.8593832389257777,NO_TRADE,0.0,,,,,,,,,,,,1
2026-08-27T17:31:59.476408+00:00,hourly,bitcoin-up-or-down-august-27-2026-1pm-et,0.92,0.8669569213470546,NO_TRADE,0.0,,,,,,,,,,,,1
2026-08-27T17:41:41.258785+00:00,hourly,bitcoin-up-or-down-august-27-2026-1pm-et,0.915,0.8347298391123437,NO_TRADE,0.0,,,,,,,,,,,,1
2026-08-27T17:51:41.945181+00:00,hourly,bitcoin-up-or-down-august-27-2026-1pm-et,0.905,0.7961258431946419,NO_TRADE,0.0,,,,,,,,,,,,1
2026-08-27T18:02:09.038525+00:00,hourly,bitcoin-up-or-down-august-27-2026-2pm-et,0.42,0.23596596303874634,NO_TRADE,0.0,,,,,,,,,,,,0
2026-08-27T18:11:51.402119+00:00,hourly,bitcoin-up-or-down-august-27-2026-2pm-et,0.335,0.18767832522583366,NO_TRADE,0.0,,,,,,,,,,,,0
2026-08-27T18:21:47.469057+00:00,hourly,bitcoin-up-or-down-august-27-2026-2pm-et,0.035,0.006788451717744518,NO_TRADE,0.0,,,,,,,,,,,,0
2026-08-27T18:32:44.436262+00:00,hourly,bitcoin-up-or-down-august-27-2026-2pm-et,0.034,0.020018299445033447,NO_TRADE,0.0,,,,,,,,,,,,0
2026-08-27T18:41:50.286608+00:00,hourly,bitcoin-up-or-down-august-27-2026-2pm-et,0.0125,0.007635480143347161,NO_TRADE,0.0,,,,,,,,,,,,0
2026-08-27T18:51:46.055756+00:00,hourly,bitcoin-up-or-down-august-27-2026-2pm-et,0.0055,0.00304067665134893,NO_TRADE,0.0,,,,,,,,,,,,0
2026-08-27T19:01:55.681724+00:00,hourly,bitcoin-up-or-down-august-27-2026-3pm-et,0.44,0.363161092351883,NO_TRADE,0.0,,,,,,,,,,,,0
2026-08-27T19:11:40.447515+00:00,hourly,bitcoin-up-or-down-august-27-2026-3pm-et,0.59,0.49710620871902755,NO_TRADE,0.0,,,,,,,,,,,,0
2026-08-27T19:21:39.607843+00:00,hourly,bitcoin-up-or-down-august-27-2026-3pm-et,0.475,0.33120394036683154,NO_TRADE,0.0,,,,,,,,,,,,0
2026-08-27T19:31:55.672695+00:00,hourly,bitcoin-up-or-down-august-27-2026-3pm-et,0.555,0.44926753755095855,NO_TRADE,0.0,,,,,,,,,,,,0
2026-08-27T19:41:44.631643+00:00,hourly,bitcoin-up-or-down-august-27-2026-3pm-et,0.125,0.05630958238373258,NO_TRADE,0.0,,,,,,,,,,,,0
2026-08-27T19:53:01.622541+00:00,hourly,bitcoin-up-or-down-august-27-2026-3pm-et,0.07,0.04501524162281252,NO_TRADE,0.0,,,,,,,,,,,,0
2026-08-27T20:01:59.496386+00:00,hourly,bitcoin-up-or-down-august-27-2026-4pm-et,0.525,0.36340997942118625,NO_TRADE,0.0,,,,,,,,,,,,1
2026-08-27T20:12:29.695567+00:00,hourly,bitcoin-up-or-down-august-27-2026-4pm-et,0.65,0.5683667888737042,NO_TRADE,0.0,,,,,,,,,,,,1
2026-08-27T20:21:43.511656+00:00,hourly,bitcoin-up-or-down-august-27-2026-4pm-et,0.805,0.7470962294191363,NO_TRADE,0.0,,,,,,,,,,,,1
2026-08-27T20:32:22.257852+00:00,hourly,bitcoin-up-or-down-august-27-2026-4pm-et,0.7,0.6002094960022819,NO_TRADE,0.0,,,,,,,,,,,,1
2026-08-27T20:41:37.396499+00:00,hourly,bitcoin-up-or-down-august-27-2026-4pm-et,0.795,0.7449573365756313,NO_TRADE,0.0,,,,,,,,,,,,1
2026-08-27T20:52:30.443998+00:00,hourly,bitcoin-up-or-down-august-27-2026-4pm-et,0.915,0.8848641606592941,NO_TRADE,0.0,,,,,,,,,,,,1
2026-08-27T21:02:02.220465+00:00,hourly,bitcoin-up-or-down-august-27-2026-5pm-et,0.43,0.3788321938598668,NO_TRADE,0.0,,,,,,,,,,,,1
2026-08-27T21:11:32.455523+00:00,hourly,bitcoin-up-or-down-august-27-2026-5pm-et,0.46499999999999997,0.3982691234894933,NO_TRADE,0.0,,,,,,,,,,,,1
2026-08-27T21:21:33.533846+00:00,hourly,bitcoin-up-or-down-august-27-2026-5pm-et,0.305,0.23019520147812414,NO_TRADE,0.0,,,,,,,,,,,,1
2026-08-27T21:31:58.082482+00:00,hourly,bitcoin-up-or-down-august-27-2026-5pm-et,0.445,0.41162746112134496,NO_TRADE,0.0,,,,,,,,,,,,1
2026-08-27T21:41:41.700877+00:00,hourly,bitcoin-up-or-down-august-27-2026-5pm-et,0.335,0.29267386517250504,NO_TRADE,0.0,,,,,,,,,,,,1
2026-08-27T21:51:39.520507+00:00,hourly,bitcoin-up-or-down-august-27-2026-5pm-et,0.485,0.43765046266874585,NO_TRADE,0.0,,,,,,,,,,,,1
2026-08-27T22:02:07.110724+00:00,hourly,bitcoin-up-or-down-august-27-2026-6pm-et,0.605,0.6084709437371272,NO_TRADE,0.0,,,,,,,,,,,,1
2026-08-27T22:11:35.014408+00:00,hourly,bitcoin-up-or-down-august-27-2026-6pm-et,0.54,0.48324182514247016,NO_TRADE,0.0,,,,,,,,,,,,1
2026-08-27T22:21:38.881697+00:00,hourly,bitcoin-up-or-down-august-27-2026-6pm-et,0.845,0.8545849409639982,NO_TRADE,0.0,,,,,,,,,,,,1
2026-08-27T22:31:46.622789+00:00,hourly,bitcoin-up-or-down-august-27-2026-6pm-et,0.585,0.4495980170585263,NO_TRADE,0.0,,,,,,,,,,,,1
2026-08-27T22:41:37.128096+00:00,hourly,bitcoin-up-or-down-august-27-2026-6pm-et,0.575,0.5115240343729308,NO_TRADE,0.0,,,,,,,,,,,,1
2026-08-27T22:51:35.171255+00:00,hourly,bitcoin-up-or-down-august-27-2026-6pm-et,0.735,0.6738934602753709,NO_TRADE,0.0,,,,,,,,,,,,1
2026-08-27T23:02:11.532249+00:00,hourly,bitcoin-up-or-down-august-27-2026-7pm-et,0.495,0.44764518153492255,NO_TRADE,0.0,,,,,,,,,,,,0
2026-08-27T23:11:41.901620+00:00,hourly,bitcoin-up-or-down-august-27-2026-7pm-et,0.41500000000000004,0.34020407933944435,NO_TRADE,0.0,,,,,,,,,,,,0
2026-08-27T23:21:47.456202+00:00,hourly,bitcoin-up-or-down-august-27-2026-7pm-et,0.46499999999999997,0.4505318942700221,NO_TRADE,0.0,,,,,,,,,,,,0
2026-08-27T23:31:52.532081+00:00,hourly,bitcoin-up-or-down-august-27-2026-7pm-et,0.45,0.39583807024795126,NO_TRADE,0.0,,,,,,,,,,,,0
2026-08-27T23:41:43.606575+00:00,hourly,bitcoin-up-or-down-august-27-2026-7pm-et,0.495,0.42554789145326,NO_TRADE,0.0,,,,,,,,,,,,0
2026-08-27T23:51:46.027034+00:00,hourly,bitcoin-up-or-down-august-27-2026-7pm-et,0.615,0.5672252826726111,NO_TRADE,0.0,,,,,,,,,,,,0
2026-08-28T00:02:14.514243+00:00,hourly,bitcoin-up-or-down-august-27-2026-8pm-et,0.385,0.29903575535709803,NO_TRADE,0.0,,,,,,,,,,,,1
2026-08-28T00:11:41.756233+00:00,hourly,bitcoin-up-or-down-august-27-2026-8pm-et,0.475,0.3967243915604974,NO_TRADE,0.0,,,,,,,,,,,,1
2026-08-28T00:21:37.676690+00:00,hourly,bitcoin-up-or-down-august-27-2026-8pm-et,0.755,0.7744512064228118,NO_TRADE,0.0,,,,,,,,,,,,1
2026-08-28T00:31:44.011047+00:00,hourly,bitcoin-up-or-down-august-27-2026-8pm-et,0.81,0.769565075972519,NO_TRADE,0.0,,,,,,,,,,,,1
2026-08-28T00:41:35.325655+00:00,hourly,bitcoin-up-or-down-august-27-2026-8pm-et,0.91,0.8788899597982768,NO_TRADE,0.0,,,,,,,,,,,,1
2026-08-28T00:51:35.443870+00:00,hourly,bitcoin-up-or-down-august-27-2026-8pm-et,0.982,0.9727879580042685,NO_TRADE,0.0,,,,,,,,,,,,1
2026-08-28T01:02:01.032134+00:00,hourly,bitcoin-up-or-down-august-27-2026-9pm-et,0.635,0.7089685660165225,NO_TRADE,0.0,,,,,,,,,,,,0
2026-08-28T01:11:36.925920+00:00,hourly,bitcoin-up-or-down-august-27-2026-9pm-et,0.755,0.759785182194151,NO_TRADE,0.0,,,,,,,,,,,,0
2026-08-28T01:21:38.165316+00:00,hourly,bitcoin-up-or-down-august-27-2026-9pm-et,0.935,0.9442752972627062,NO_TRADE,0.0,,,,,,,,,,,,0
2026-08-28T01:31:47.517004+00:00,hourly,bitcoin-up-or-down-august-27-2026-9pm-et,0.965,0.9606235859064642,NO_TRADE,0.0,,,,,,,,,,,,0
2026-08-28T01:41:36.576531+00:00,hourly,bitcoin-up-or-down-august-27-2026-9pm-et,0.875,0.7563628212461214,NO_TRADE,0.0,,,,,,,,,,,,0
2026-08-28T01:51:28.759569+00:00,hourly,bitcoin-up-or-down-august-27-2026-9pm-et,0.86,0.7399097657460106,NO_TRADE,0.0,,,,,,,,,,,,0
2026-08-28T02:01:49.015949+00:00,hourly,bitcoin-up-or-down-august-27-2026-10pm-et,0.475,0.2513690919755381,NO_TRADE,0.0,,,,,,,,,,,,0
2026-08-28T02:11:39.990235+00:00,hourly,bitcoin-up-or-down-august-27-2026-10pm-et,0.415,0.26070353035882043,NO_TRADE,0.0,,,,,,,,,,,,0
2026-08-28T02:21:37.844723+00:00,hourly,bitcoin-up-or-down-august-27-2026-10pm-et,0.125,0.045632417723814774,NO_TRADE,0.0,,,,,,,,,,,,0
2026-08-28T02:31:49.661615+00:00,hourly,bitcoin-up-or-down-august-27-2026-10pm-et,0.045,0.023133444644647283,NO_TRADE,0.0,,,,,,,,,,,,0
2026-08-28T02:41:33.690983+00:00,hourly,bitcoin-up-or-down-august-27-2026-10pm-et,0.015,0.013171448679663762,NO_TRADE,0.0,,,,,,,,,,,,0
2026-08-28T02:51:36.835014+00:00,hourly,bitcoin-up-or-down-august-27-2026-10pm-et,0.0015,0.0006813086148633907,NO_TRADE,0.0,,,,,,,,,,,,0
2026-08-28T03:01:58.961056+00:00,hourly,bitcoin-up-or-down-august-27-2026-11pm-et,0.505,0.4043610417686405,NO_TRADE,0.0,,,,,,,,,,,,0
2026-08-28T03:11:40.717116+00:00,hourly,bitcoin-up-or-down-august-27-2026-11pm-et,0.345,0.22501255803633186,NO_TRADE,0.0,,,,,,,,,,,,0
2026-08-28T03:21:45.552687+00:00,hourly,bitcoin-up-or-down-august-27-2026-11pm-et,0.585,0.5983071438758178,NO_TRADE,0.0,,,,,,,,,,,,0
2026-08-28T03:31:54.412314+00:00,hourly,bitcoin-up-or-down-august-27-2026-11pm-et,0.625,0.5460041725369127,NO_TRADE,0.0,,,,,,,,,,,,0
2026-08-28T03:41:35.540702+00:00,hourly,bitcoin-up-or-down-august-27-2026-11pm-et,0.365,0.2853871469221948,NO_TRADE,0.0,,,,,,,,,,,,0
2026-08-28T03:51:40.659754+00:00,hourly,bitcoin-up-or-down-august-27-2026-11pm-et,0.08499999999999999,0.06172715879998091,NO_TRADE,0.0,,,,,,,,,,,,0
2026-08-28T04:01:50.374351+00:00,hourly,bitcoin-up-or-down-august-28-2026-12am-et,0.595,0.5360171413904432,NO_TRADE,0.0,,,,,,,,,,,,0
2026-08-28T04:11:39.294932+00:00,hourly,bitcoin-up-or-down-august-28-2026-12am-et,0.395,0.30160374135518575,NO_TRADE,0.0,,,,,,,,,,,,0
2026-08-28T04:21:45.132437+00:00,hourly,bitcoin-up-or-down-august-28-2026-12am-et,0.745,0.7958829242544495,NO_TRADE,0.0,,,,,,,,,,,,0
2026-08-28T04:31:58.788416+00:00,hourly,bitcoin-up-or-down-august-28-2026-12am-et,0.635,0.549720030965669,NO_TRADE,0.0,,,,,,,,,,,,0
2026-08-28T04:41:37.656432+00:00,hourly,bitcoin-up-or-down-august-28-2026-12am-et,0.305,0.23130487355210938,NO_TRADE,0.0,,,,,,,,,,,,0
2026-08-28T04:51:38.056917+00:00,hourly,bitcoin-up-or-down-august-28-2026-12am-et,0.135,0.11574721583653852,NO_TRADE,0.0,,,,,,,,,,,,0
2026-08-28T05:02:25.393056+00:00,hourly,bitcoin-up-or-down-august-28-2026-1am-et,0.505,0.4410122048902596,NO_TRADE,0.0,,,,,,,,,,,,1
2026-08-28T05:11:38.854112+00:00,hourly,bitcoin-up-or-down-august-28-2026-1am-et,0.45999999999999996,0.3782797804240832,NO_TRADE,0.0,,,,,,,,,,,,1
2026-08-28T05:21:36.522787+00:00,hourly,bitcoin-up-or-down-august-28-2026-1am-et,0.47,0.4345071975375619,NO_TRADE,0.0,,,,,,,,,,,,1
2026-08-28T05:31:47.530934+00:00,hourly,bitcoin-up-or-down-august-28-2026-1am-et,0.695,0.6979277426654233,NO_TRADE,0.0,,,,,,,,,,,,1
2026-08-28T05:41:38.402920+00:00,hourly,bitcoin-up-or-down-august-28-2026-1am-et,0.86,0.8488145155538925,NO_TRADE,0.0,,,,,,,,,,,,1
2026-08-28T05:51:33.669449+00:00,hourly,bitcoin-up-or-down-august-28-2026-1am-et,0.9904999999999999,0.9887217987607019,NO_TRADE,0.0,,,,,,,,,,,,1
2026-08-28T06:02:02.555272+00:00,hourly,bitcoin-up-or-down-august-28-2026-2am-et,0.685,0.6000538129653634,NO_TRADE,0.0,,,,,,,,,,,,1
2026-08-28T06:11:45.515332+00:00,hourly,bitcoin-up-or-down-august-28-2026-2am-et,0.775,0.794929800291142,NO_TRADE,0.0,,,,,,,,,,,,1
2026-08-28T06:21:45.963682+00:00,hourly,bitcoin-up-or-down-august-28-2026-2am-et,0.755,0.7004703943511399,NO_TRADE,0.0,,,,,,,,,,,,1
2026-08-28T06:31:48.062941+00:00,hourly,bitcoin-up-or-down-august-28-2026-2am-et,0.81,0.763445609595954,NO_TRADE,0.0,,,,,,,,,,,,1
2026-08-28T06:41:37.882753+00:00,hourly,bitcoin-up-or-down-august-28-2026-2am-et,0.845,0.8097084060663732,NO_TRADE,0.0,,,,,,,,,,,,1
2026-08-28T06:51:49.937830+00:00,hourly,bitcoin-up-or-down-august-28-2026-2am-et,0.9975,0.9976451732419405,NO_TRADE,0.0,,,,,,,,,,,,1
2026-08-28T07:01:59.731893+00:00,hourly,bitcoin-up-or-down-august-28-2026-3am-et,0.475,0.4023438062420715,NO_TRADE,0.0,,,,,,,,,,,,0
2026-08-28T07:11:25.154164+00:00,hourly,bitcoin-up-or-down-august-28-2026-3am-et,0.175,0.10770042285646682,NO_TRADE,0.0,,,,,,,,,,,,0
2026-08-28T07:21:40.685524+00:00,hourly,bitcoin-up-or-down-august-28-2026-3am-et,0.16,0.14468459290465732,NO_TRADE,0.0,,,,,,,,,,,,0
2026-08-28T07:31:53.079046+00:00,hourly,bitcoin-up-or-down-august-28-2026-3am-et,0.18,0.17810263094756065,NO_TRADE,0.0,,,,,,,,,,,,0
2026-08-28T07:41:44.796151+00:00,hourly,bitcoin-up-or-down-august-28-2026-3am-et,0.045,0.031602346615105636,NO_TRADE,0.0,,,,,,,,,,,,0
2026-08-28T07:51:51.010456+00:00,hourly,bitcoin-up-or-down-august-28-2026-3am-et,0.006,0.004724726576209976,NO_TRADE,0.0,,,,,,,,,,,,0
2026-08-28T08:02:04.101873+00:00,hourly,bitcoin-up-or-down-august-28-2026-4am-et,0.54,0.5040906321465598,NO_TRADE,0.0,,,,,,,,,,,,0
2026-08-28T08:11:44.821338+00:00,hourly,bitcoin-up-or-down-august-28-2026-4am-et,0.735,0.7362630043824582,NO_TRADE,0.0,,,,,,,,,,,,0
2026-08-28T08:21:39.221271+00:00,hourly,bitcoin-up-or-down-august-28-2026-4am-et,0.815,0.7855271764895251,NO_TRADE,0.0,,,,,,,,,,,,0
2026-08-28T08:31:52.969650+00:00,hourly,bitcoin-up-or-down-august-28-2026-4am-et,0.795,0.738862232897995,NO_TRADE,0.0,,,,,,,,,,,,0
2026-08-28T08:41:37.169793+00:00,hourly,bitcoin-up-or-down-august-28-2026-4am-et,0.795,0.7527788635122922,NO_TRADE,0.0,,,,,,,,,,,,0
2026-08-28T08:51:37.947200+00:00,hourly,bitcoin-up-or-down-august-28-2026-4am-et,0.08499999999999999,0.04998626539072525,NO_TRADE,0.0,,,,,,,,,,,,0
2026-08-28T09:02:08.077950+00:00,hourly,bitcoin-up-or-down-august-28-2026-5am-et,0.325,0.238983065645619,NO_TRADE,0.0,,,,,,,,,,,,0
2026-08-28T09:11:41.432582+00:00,hourly,bitcoin-up-or-down-august-28-2026-5am-et,0.415,0.3293181333951506,NO_TRADE,0.0,,,,,,,,,,,,0
2026-08-28T09:21:52.597139+00:00,hourly,bitcoin-up-or-down-august-28-2026-5am-et,0.33,0.28079048873308016,NO_TRADE,0.0,,,,,,,,,,,,0
2026-08-28T09:31:45.376504+00:00,hourly,bitcoin-up-or-down-august-28-2026-5am-et,0.22,0.1677395290541688,NO_TRADE,0.0,,,,,,,,,,,,0
2026-08-28T09:41:38.019993+00:00,hourly,bitcoin-up-or-down-august-28-2026-5am-et,0.125,0.09534881510701032,NO_TRADE,0.0,,,,,,,,,,,,0
2026-08-28T09:51:36.939977+00:00,hourly,bitcoin-up-or-down-august-28-2026-5am-et,0.03,0.021336524354283813,NO_TRADE,0.0,,,,,,,,,,,,0
2026-08-28T10:01:58.478384+00:00,hourly,bitcoin-up-or-down-august-28-2026-6am-et,0.525,0.4743250267753376,NO_TRADE,0.0,,,,,,,,,,,,1
2026-08-28T10:05:31.281784+00:00,hourly,bitcoin-up-or-down-august-28-2026-6am-et,0.395,0.2850450631126828,NO_TRADE,0.0,0.9079772822222223,0.0,0.39,0.4,0.010000000000000009,343.47999999999996,437.97999999999996,797.316,255.67000000000002,521.96,1238.27,1
2026-08-28T10:08:24.003834+00:00,hourly,bitcoin-up-or-down-august-28-2026-6am-et,0.195,0.09901294850379519,NO_TRADE,0.0,0.859998935,0.0,0.19,0.2,0.010000000000000009,104.75,189.23000000000002,428.07000000000005,204.53,887.47,1282.5334,1
2026-08-28T10:11:40.893101+00:00,hourly,bitcoin-up-or-down-august-28-2026-6am-et,0.325,0.23558001103381349,NO_TRADE,0.0,0.8053074719444444,0.0,0.32,0.33,0.010000000000000009,295.91,347.3075,536.8894,267.35,587.65,964.25,1
2026-08-28T10:21:45.107427+00:00,hourly,bitcoin-up-or-down-august-28-2026-6am-et,0.325,0.32551068932187954,NO_TRADE,0.0,0.6374701591666667,0.0,0.32,0.33,0.010000000000000009,143.83,254.08,738.79,555.24,1041.51,1204.61,1
2026-08-28T10:31:52.438397+00:00,hourly,bitcoin-up-or-down-august-28-2026-6am-et,0.685,0.685892305834122,NO_TRADE,0.0,0.4687671119444445,0.0,0.68,0.69,0.009999999999999898,745.52,874.4489,1481.6189,183.6519,114.0581,436.0381,1
2026-08-28T10:41:39.968178+00:00,hourly,bitcoin-up-or-down-august-28-2026-6am-et,0.715,0.6874923100836989,NO_TRADE,0.0,0.305564395,0.0,0.71,0.72,0.010000000000000009,1015.3799999999999,1422.3799999999999,2019.82,58.961,24.769,182.869,1
2026-08-28T10:51:33.020483+00:00,hourly,bitcoin-up-or-down-august-28-2026-6am-et,0.935,0.9244429917584099,NO_TRADE,0.0,0.1408276436111111,0.0,0.93,0.94,0.009999999999999898,790.9375,1026.1375,2158.0537999999997,1383.2659,109.96410000000002,113.56410000000001,1
2026-08-28T11:02:05.161380+00:00,hourly,bitcoin-up-or-down-august-28-2026-7am-et,0.535,0.5674114520317624,NO_TRADE,0.0,0.96523295,0.0,0.53,0.54,0.010000000000000009,452.05,504.046,886.4159999999999,167.61520000000002,27.244799999999998,815.5047999999999,1
2026-08-28T11:11:34.442990+00:00,hourly,bitcoin-up-or-down-august-28-2026-7am-et,0.665,0.65563389455777,NO_TRADE,0.0,0.8070991694444445,0.0,0.66,0.67,0.010000000000000009,122.04570000000001,228.9405,1249.8853,912.22,477.78,535.9848,1
2026-08-28T11:21:38.893389+00:00,hourly,bitcoin-up-or-down-august-28-2026-7am-et,0.775,0.7494821971273833,NO_TRADE,0.0,0.6391962808333334,0.0,0.77,0.78,0.010000000000000009,790.4300000000001,1034.43,2309.505,118.05,36.95,362.15999999999997,1
2026-08-28T11:31:48.669448+00:00,hourly,bitcoin-up-or-down-august-28-2026-7am-et,0.77,0.7083227172562645,NO_TRADE,0.0,0.4698140422222222,0.0,0.76,0.78,0.020000000000000018,982.85,1936.45,2199.275,993.9625000000001,320.52750000000003,351.26730000000003,1
2026-08-28T11:41:40.381816+00:00,hourly,bitcoin-up-or-down-august-28-2026-7am-et,0.635,0.549406607358495,NO_TRADE,0.0,0.30544949555555556,0.0,0.63,0.64,0.010000000000000009,536.5699999999999,1133.21,1477.4500000000003,21.8,13.2,337.68,1
2026-08-28T11:51:36.236929+00:00,hourly,bitcoin-up-or-down-august-28-2026-7am-et,0.505,0.4391036022881278,NO_TRADE,0.0,0.1399341863888889,0.0,0.5,0.51,0.010000000000000009,219.34000000000003,787.5000000000001,867.4600000000002,1067.915,1088.455,1215.855,1
2026-08-28T12:02:04.366900+00:00,hourly,bitcoin-up-or-down-august-28-2026-8am-et,0.535,0.4683574026971704,NO_TRADE,0.0,0.9654536388888889,0.0,0.53,0.54,0.010000000000000009,543.4000000000001,696.8400000000001,1094.3400000000001,200.78,185.22,366.52,0
2026-08-28T12:11:38.505436+00:00,hourly,bitcoin-up-or-down-august-28-2026-8am-et,0.405,0.32523971266640095,NO_TRADE,0.0,0.8059707122222223,0.0,0.4,0.41,0.009999999999999953,697.94,756.85,979.8675,230.95,216.8,879.9024,0
2026-08-28T12:21:42.316362+00:00,hourly,bitcoin-up-or-down-august-28-2026-8am-et,0.585,0.5502962607135543,NO_TRADE,0.0,0.638245455,0.0,0.58,0.59,0.010000000000000009,75.45,735.47,1173.7,876.5081999999999,652.2318,688.7518,0
2026-08-28T12:31:51.645865+00:00,hourly,bitcoin-up-or-down-august-28-2026-8am-et,0.275,0.19932469136131567,NO_TRADE,0.0,0.4689872597222222,0.0,0.27,0.28,0.010000000000000009,83.51,357.40999999999997,473.92779999999993,57.95,162.05,786.05,0
2026-08-28T12:41:40.399016+00:00,hourly,bitcoin-up-or-down-august-28-2026-8am-et,0.025,0.01409513901412795,NO_TRADE,0.0,0.30544471777777776,0.0,0.02,0.03,0.009999999999999998,32.85,103.85,150.74999999999997,14.5513,1365.6387,1365.6387,0
2026-08-28T12:51:44.040240+00:00,hourly,bitcoin-up-or-down-august-28-2026-8am-et,0.006500000000000001,0.005061391053278777,NO_TRADE,0.0,0.13776660000000002,0.0,0.005,0.008,0.003,12.221,19.897,52.54936,5.33094,2551.6490599999997,2551.6490599999997,0
2026-08-28T13:02:00.301358+00:00,hourly,bitcoin-up-or-down-august-28-2026-9am-et,0.535,0.49225199731810726,NO_TRADE,0.0,0.9665829561111111,0.0,0.53,0.54,0.010000000000000009,656.6700000000001,705.3900000000001,1178.7996,334.42359999999996,303.0064,460.73249999999996,0
2026-08-28T13:11:45.071533+00:00,hourly,bitcoin-up-or-down-august-28-2026-9am-et,0.415,0.3326240044291962,NO_TRADE,0.0,0.804146796388889,0.0,0.41,0.42,0.010000000000000009,57.650000000000006,263.1388,1353.8788,812.98,1178.02,1276.8034,0
2026-08-28T13:21:39.311894+00:00,hourly,bitcoin-up-or-down-august-28-2026-9am-et,0.355,0.29471800799469516,NO_TRADE,0.0,0.6390800294444444,0.0,0.35,0.36,0.010000000000000009,333.48519999999996,413.19399999999996,1148.184,502.12399999999997,936.476,1008.1659999999999,0
2026-08-28T13:31:50.323397+00:00,hourly,bitcoin-up-or-down-august-28-2026-9am-et,0.365,0.2945860041457572,NO_TRADE,0.0,0.4693546119444444,0.0,0.36,0.37,0.010000000000000009,483.2,590.0912,740.9012,110.46000000000001,203.34,457.44000000000005,0
2026-08-28T13:41:40.130730+00:00,hourly,bitcoin-up-or-down-august-28-2026-9am-et,0.14500000000000002,0.10608481839761563,NO_TRADE,0.0,0.30551924166666666,0.0,0.13,0.16,0.03,206.8118,217.61180000000002,328.6118,159.75,1160.25,1591.3482,0
2026-08-28T13:51:43.507961+00:00,hourly,bitcoin-up-or-down-august-28-2026-9am-et,0.095,0.0827297575012015,NO_TRADE,0.0,0.13791445527777776,0.0,0.09,0.1,0.010000000000000009,122.85,148.7508,218.6508,22.6,257.40000000000003,2229.6882,0
2026-08-28T14:02:06.651585+00:00,hourly,bitcoin-up-or-down-august-28-2026-10am-et,0.435,0.3262565872933353,NO_TRADE,0.0,0.9648190041666667,0.0,0.43,0.44,0.010000000000000009,52.95,671.6500000000001,1380.3000000000002,105.4,144.6,872.0699999999999,1
2026-08-28T14:11:36.422771+00:00,hourly,bitcoin-up-or-down-august-28-2026-10am-et,0.195,0.05413245838148321,NO_TRADE,0.0,0.8065492302777778,0.0,0.19,0.2,0.010000000000000009,226.82999999999998,408.99,822.3299999999999,3.6999999999999997,16.3,143.29,1
2026-08-28T14:21:43.356328+00:00,hourly,bitcoin-up-or-down-august-28-2026-10am-et,0.19,0.16383649807245168,NO_TRADE,0.0,0.6379565755555556,0.0,0.18,0.2,0.020000000000000018,479.95,600.0699999999999,802.42,111.0,532.0999999999999,842.8999999999999,1
2026-08-28T14:31:53.650957+00:00,hourly,bitcoin-up-or-down-august-28-2026-10am-et,0.185,0.16105157526006086,NO_TRADE,0.0,0.4684302897222222,0.0,0.18,0.19,0.010000000000000009,406.5,484.3806,662.2805999999999,58.00000000000001,281.99999999999994,678.4799999999999,1
2026-08-28T14:41:34.357644+00:00,hourly,bitcoin-up-or-down-august-28-2026-10am-et,0.765,0.8652914375654035,NO_TRADE,0.0,0.3071228766666667,0.0,0.76,0.77,0.010000000000000009,662.745,1002.4449999999999,2766.745,1509.7,480.3,543.519,1
2026-08-28T14:51:42.963168+00:00,hourly,bitcoin-up-or-down-august-28-2026-10am-et,0.515,0.3594812892359882,NO_TRADE,0.0,0.13806578666666666,0.0,0.51,0.52,0.010000000000000009,242.2,334.0,1400.0600000000002,900.0,897.0,1155.7791,1
2026-08-28T15:02:08.818151+00:00,hourly,bitcoin-up-or-down-august-28-2026-11am-et,0.565,0.656649319201476,NO_TRADE,0.0,0.9642171802777778,0.0,0.56,0.57,0.009999999999999898,1052.75,1258.07,1516.7499999999998,5.8184000000000005,4.5716,4.5716,0
2026-08-28T15:11:42.716932+00:00,hourly,bitcoin-up-or-down-august-28-2026-11am-et,0.37,0.25510124894615177,NO_TRADE,0.0,0.8048008522222223,0.0,0.36,0.38,0.020000000000000018,761.05,1039.05,1347.58,694.65,1280.35,1605.07,0
2026-08-28T15:21:50.662515+00:00,hourly,bitcoin-up-or-down-august-28-2026-11am-et,0.35,0.30247101872521664,NO_TRADE,0.0,0.6359270791666667,0.0,0.34,0.36,0.019999999999999962,141.05,667.0346,997.3743999999999,578.34,1130.66,1527.9364,0
2026-08-28T15:31:54.645792+00:00,hourly,bitcoin-up-or-down-august-28-2026-11am-et,0.135,0.05762758177998095,NO_TRADE,0.0,0.46815394666666665,0.0,0.13,0.14,0.010000000000000009,207.517,274.717,484.52189999999996,114.25,810.75,2145.75,0
2026-08-28T15:41:40.133289+00:00,hourly,bitcoin-up-or-down-august-28-2026-11am-et,0.015,0.0043232286536134265,NO_TRADE,0.0,0.3055185308333333,0.0,0.01,0.02,0.01,19.29,45.69,159.44500000000002,15.6178,1546.1622,1546.1622,0
2026-08-28T15:51:41.518064+00:00,hourly,bitcoin-up-or-down-august-28-2026-11am-et,0.0045000000000000005,0.001110019708466307,NO_TRADE,0.0,0.13846720444444444,0.0,0.004,0.005,0.001,10.95778,27.75778,98.2672,1.79156,1348.59844,1348.59844,0
2026-08-28T16:02:00.944584+00:00,hourly,bitcoin-up-or-down-august-28-2026-12pm-et,0.435,0.15172088346732185,NO_TRADE,0.0,0.9664042822222223,0.0,0.42,0.45,0.030000000000000027,739.9,911.4499999999999,1542.7567999999999,631.4516,196.12,997.12,0
2026-08-28T16:11:47.864178+00:00,hourly,bitcoin-up-or-down-august-28-2026-12pm-et,0.28,0.10991134113713147,NO_TRADE,0.0,0.8033710616666667,0.0,0.27,0.29,0.019999999999999962,187.68,303.93,869.45,139.26260000000002,64.5,84.52,0
2026-08-28T16:21:42.636247+00:00,hourly,bitcoin-up-or-down-august-28-2026-12pm-et,0.095,0.024724433111114864,NO_TRADE,0.0,0.6381565980555556,0.0,0.09,0.1,0.010000000000000009,155.48,199.682,379.05199999999996,48.3,272.5,599.1,0
2026-08-28T16:31:48.551765+00:00,hourly,bitcoin-up-or-down-august-28-2026-12pm-et,0.139,0.09994387810504583,NO_TRADE,0.0,0.4698467319444445,0.0,0.13,0.148,0.017999999999999988,96.50500000000001,257.22200000000004,419.50769,99.99799999999999,675.8620000000001,871.662,0
2026-08-28T16:41:36.055562+00:00,hourly,bitcoin-up-or-down-august-28-2026-12pm-et,0.097,0.1128071205103866,NO_TRADE,0.0,0.3066512327777778,0.0,0.09,0.104,0.013999999999999999,106.185,272.18899999999996,401.10200000000003,20.718159999999997,242.46824,607.49324,0
2026-08-28T16:51:46.273511+00:00,hourly,bitcoin-up-or-down-august-28-2026-12pm-et,0.013999999999999999,0.00862539610133763,NO_TRADE,0.0,0.13714624694444444,0.0,0.01,0.018,0.007999999999999998,26.473,34.753,49.18186,8.1166,3065.5434,3065.5434,0
2026-09-02T09:12:51.456549+00:00,hourly,bitcoin-up-or-down-september-2-2026-5am-et,0.745,0.7546396005493287,NO_TRADE,0.0,0.7857065141666667,1761.7556690000001,0.74,0.75,0.010000000000000009,561.8692,781.1652,2447.7114,767.6548,274.1052,327.3052,0
2026-09-02T09:22:53.035681+00:00,hourly,bitcoin-up-or-down-september-2-2026-5am-et,0.565,0.4180086170774735,BUY_NO,589.7222156,0.6186011997222223,5897.222156,0.56,0.57,0.009999999999999898,488.67999999999995,1045.05,1363.6399999999999,1191.6592,954.3608,1071.8816,0
2026-09-02T09:32:29.732610+00:00,hourly,bitcoin-up-or-down-september-2-2026-5am-et,0.245,0.15558739822970172,BUY_NO,589.7222156,0.4584076083333333,5897.222156,0.24,0.25,0.010000000000000009,382.9,470.65,651.15,17.701900000000002,58.828100000000006,449.7875,0
2026-09-02T09:42:22.705792+00:00,hourly,bitcoin-up-or-down-september-2-2026-5am-et,0.1,0.05694660275495106,BUY_NO,2000.0,0.2936928355555556,21709.725248000002,0.09,0.11,0.020000000000000004,52.3,95.39240000000001,252.12240000000003,41.45,496.85,639.45,0
2026-09-02T09:52:49.650967+00:00,hourly,bitcoin-up-or-down-september-2-2026-5am-et,0.11,0.1430923832858467,NO_TRADE,0.0,0.11954139805555557,32352.240293,0.1,0.12,0.01999999999999999,20.874200000000002,63.94100000000001,114.74100000000001,28.758,267.122,495.28200000000004,0
2026-09-02T10:03:06.338707+00:00,hourly,bitcoin-up-or-down-september-2-2026-6am-et,0.375,0.31265202832146677,NO_TRADE,0.0,0.9482392480555556,671.8937619999999,0.37,0.38,0.010000000000000009,354.2061,479.1941,726.4840999999999,164.83999999999997,289.16,354.2835,0
2026-09-02T10:12:45.027820+00:00,hourly,bitcoin-up-or-down-september-2-2026-6am-et,0.33,0.23316097968884608,NO_TRADE,0.0,0.7874922722222223,1518.325544,0.32,0.34,0.020000000000000018,255.24999999999997,334.45,568.1359000000001,237.17000000000002,512.8299999999999,1107.83,0
2026-09-02T10:22:18.491350+00:00,hourly,bitcoin-up-or-down-september-2-2026-6am-et,0.44,0.4561397879224852,NO_TRADE,0.0,0.6281968472222222,11739.449693,0.43,0.45,0.020000000000000018,523.078,625.538,678.938,8.6,102.83,664.496,0
2026-09-02T10:33:19.149585+00:00,hourly,bitcoin-up-or-down-september-2-2026-6am-et,0.11499999999999999,0.07749880643767165,BUY_NO,1173.9449693000001,0.44468067083333335,11739.449693,0.11,0.12,0.009999999999999995,112.8544,145.7544,303.50440000000003,15.280700000000001,135.1893,408.1802,0
2026-09-02T10:42:28.017411+00:00,hourly,bitcoin-up-or-down-september-2-2026-6am-et,0.065,0.060136028017034014,NO_TRADE,0.0,0.29221738583333334,15259.923175000004,0.06,0.07,0.010000000000000009,2.2,21.325,97.695,81.4465,1366.4834999999998,1810.0034999999998,0
2026-09-02T10:52:58.886367+00:00,hourly,bitcoin-up-or-down-september-2-2026-6am-et,0.0015,0.0012574223004094475,NO_TRADE,0.0,0.11697600916666666,21247.066373000016,0.001,0.002,0.001,19.6541,23.4641,69.8861,0.7804500000000001,779.6695500000001,779.6695500000001,0
2026-09-02T11:03:33.988297+00:00,hourly,bitcoin-up-or-down-september-2-2026-7am-et,0.505,0.5484455926046589,NO_TRADE,0.0,0.9405588063888889,3726.0084799999995,0.5,0.51,0.010000000000000009,148.8258,221.22379999999998,286.5044,1070.095,1090.4950000000001,1171.095,1
2026-09-02T11:12:46.117897+00:00,hourly,bitcoin-up-or-down-september-2-2026-7am-et,0.495,0.4366798911869419,NO_TRADE,0.0,0.7871894730555555,3726.0084799999995,0.49,0.5,0.010000000000000009,101.82,177.22,327.42,402.43999999999994,420.76,508.21,1
2026-09-02T11:22:05.324685+00:00,hourly,bitcoin-up-or-down-september-2-2026-7am-et,0.355,0.28001575943515533,BUY_NO,1999.5497304241328,0.6318542541666666,20980.319387000003,0.35,0.36,0.010000000000000009,55.1344,169.1344,502.61440000000005,135.84099999999998,253.619,368.76520000000005,1
2026-09-02T11:33:13.179881+00:00,hourly,bitcoin-up-or-down-september-2-2026-7am-et,0.39,0.41351483022655544,NO_TRADE,0.0,0.4463389219444444,20980.319387000003,0.38,0.4,0.020000000000000018,24.599999999999998,35.099999999999994,61.5,127.24000000000001,209.76,289.76,1
2026-09-02T11:42:59.130554+00:00,hourly,bitcoin-up-or-down-september-2-2026-7am-et,0.535,0.6349354465598601,BUY_YES,2000.0,0.2835748461111111,29160.743673000008,0.53,0.54,0.010000000000000009,90.13000000000001,112.53000000000002,147.33,162.95,147.05,160.3633,1
2026-09-02T11:53:04.070510+00:00,hourly,bitcoin-up-or-down-september-2-2026-7am-et,0.415,0.4342559307140559,NO_TRADE,0.0,0.11553596944444444,36134.347822000025,0.41,0.42,0.010000000000000009,28.577199999999998,140.7772,229.5272,596.35,866.6499999999999,881.8999999999999,1
2026-09-02T12:03:30.197398+00:00,hourly,bitcoin-up-or-down-september-2-2026-8am-et,0.415,0.4486392209827952,NO_TRADE,0.0,0.9416118338888889,632.7098659999999,0.41,0.42,0.010000000000000009,302.74780000000004,502.29220000000004,700.6522,292.8,437.2,673.88,0
2026-09-02T12:12:11.071127+00:00,hourly,bitcoin-up-or-down-september-2-2026-8am-et,0.495,0.44999502805063707,NO_TRADE,0.0,0.7969246869444444,1392.146954,0.49,0.5,0.010000000000000009,446.2431,703.6431,1006.6270999999999,9.602,10.198,140.048,0
2026-09-02T12:23:02.262792+00:00,hourly,bitcoin-up-or-down-september-2-2026-8am-et,0.75,0.8065493936778547,BUY_YES,1129.7120962000004,0.6160381133333334,11297.120962000003,0.74,0.76,0.020000000000000018,618.3199999999999,920.0318,1835.0318,334.2,120.80000000000001,174.28000000000003,0
2026-09-02T12:33:09.501395+00:00,hourly,bitcoin-up-or-down-september-2-2026-8am-et,0.695,0.7003336107301609,NO_TRADE,0.0,0.4473607236111111,11297.120962000003,0.69,0.7,0.010000000000000009,484.4778,632.0778,1034.7878,373.5,172.75,294.19,0
2026-09-02T12:42:58.270043+00:00,hourly,bitcoin-up-or-down-september-2-2026-8am-et,0.585,0.5065451691724393,BUY_NO,1266.4626004751844,0.28381387694444443,17886.706459000008,0.58,0.59,0.010000000000000009,342.4581,521.1881,734.5681,915.8718999999999,676.7981,779.3181,0
2026-09-02T12:53:12.736709+00:00,hourly,bitcoin-up-or-down-september-2-2026-8am-et,0.10500000000000001,0.09083217962758433,NO_TRADE,0.0,0.11312869194444444,26610.141161000003,0.1,0.11,0.009999999999999995,46.04,82.0604,141.9384,79.875,755.875,1036.475,0
2026-09-02T13:03:09.163774+00:00,hourly,bitcoin-up-or-down-september-2-2026-9am-et,0.665,0.6219216383742832,NO_TRADE,0.0,0.9474545072222222,367.262529,0.66,0.67,0.010000000000000009,963.065,1104.515,1390.885,191.85,103.15,158.23000000000002,1
2026-09-02T13:12:54.670021+00:00,hourly,bitcoin-up-or-down-september-2-2026-9am-et,0.685,0.7165337508398026,NO_TRADE,0.0,0.7848138830555556,449.299711,0.68,0.69,0.009999999999999898,1075.85,1295.9499999999998,1585.8299999999997,154.55,75.45,229.13,1
2026-09-02T13:22:33.203747+00:00,hourly,bitcoin-up-or-down-september-2-2026-9am-et,0.645,0.5940270385886445,BUY_NO,718.3275220524303,0.6241100702777778,7393.267570000001,0.64,0.65,0.010000000000000009,232.75,1127.2,1522.82,979.5937,570.3963,683.6363,1
2026-09-02T13:32:38.730676+00:00,hourly,bitcoin-up-or-down-september-2-2026-9am-et,0.615,0.5467816785281039,BUY_NO,739.3267570000002,0.4559081455555556,7393.267570000001,0.61,0.62,0.010000000000000009,291.45000000000005,561.6452,1204.0852,120.194,79.796,149.496,1
2026-09-02T13:42:48.406517+00:00,hourly,bitcoin-up-or-down-september-2-2026-9am-et,0.94,0.9543923274992675,NO_TRADE,0.0,0.2865537452777778,14258.384709000007,0.93,0.95,0.019999999999999907,1241.703,1401.753,3088.5706,1399.8100000000002,108.19,141.1282,1
2026-09-02T13:52:33.198644+00:00,hourly,bitcoin-up-or-down-september-2-2026-9am-et,0.9955,0.9981048278985185,NO_TRADE,0.0,0.12411148777777778,19641.488431,0.992,0.999,0.007000000000000006,3023.44353,3023.44353,3023.44353,626.85198,6.648020000000001,17.824780000000004,1
2026-09-02T14:03:27.869983+00:00,hourly,bitcoin-up-or-down-september-2-2026-10am-et,0.535,0.5003802272203249,NO_TRADE,0.0,0.9422583380555556,297.9296560000001,0.53,0.54,0.010000000000000009,311.5,412.3,525.3469,288.31,263.69,418.03999999999996,0
2026-09-02T14:12:45.999229+00:00,hourly,bitcoin-up-or-down-september-2-2026-10am-et,0.575,0.537799593511742,NO_TRADE,0.0,0.7872224363888889,297.9296560000001,0.57,0.58,0.010000000000000009,265.75,481.75,1051.29,215.03,167.97,266.97,0
2026-09-02T14:23:03.717770+00:00,hourly,bitcoin-up-or-down-september-2-2026-10am-et,0.765,0.7723658603296989,NO_TRADE,0.0,0.6156339527777778,6239.647238,0.76,0.77,0.010000000000000009,475.84000000000003,687.5600000000001,1310.9,290.32500000000005,95.775,151.675,0
2026-09-02T14:33:23.315748+00:00,hourly,bitcoin-up-or-down-september-2-2026-10am-et,0.485,0.34047857159344225,BUY_NO,1019.6793587000001,0.44352340333333334,10196.793587,0.48,0.49,0.010000000000000009,287.45,505.22,1144.57,82.47,91.53,223.83,0
2026-09-02T14:42:58.811089+00:00,hourly,bitcoin-up-or-down-september-2-2026-10am-et,0.575,0.4054246711519617,BUY_NO,1019.6793587000001,0.2836635863888889,10196.793587,0.57,0.58,0.010000000000000009,755.0,941.0,1500.8599999999997,113.05,86.94999999999999,584.2,0
2026-09-02T14:52:18.339015+00:00,hourly,bitcoin-up-or-down-september-2-2026-10am-et,0.665,0.5957387386245723,BUY_NO,973.6554753852683,0.1282391625,21413.003055000005,0.66,0.67,0.010000000000000009,205.73950000000002,1047.5394999999999,1341.1895,917.72,491.78,565.5799999999999,0
2026-09-02T15:02:35.064677+00:00,hourly,bitcoin-up-or-down-september-2-2026-11am-et,0.455,0.2630342525203229,NO_TRADE,0.0,0.9569264786111111,458.30188499999997,0.45,0.46,0.010000000000000009,86.75,138.59,444.70000000000005,235.22560000000001,295.5144,452.2644,1
2026-09-02T15:13:23.805207+00:00,hourly,bitcoin-up-or-down-september-2-2026-11am-et,0.21000000000000002,0.09307603661197256,NO_TRADE,0.0,0.7767207758333333,604.933232,0.2,0.22,0.01999999999999999,204.4,284.32,374.66999999999996,96.53720000000001,399.3428,758.5028,1
2026-09-02T15:23:17.312224+00:00,hourly,bitcoin-up-or-down-september-2-2026-11am-et,0.47,0.4546632043724388,NO_TRADE,0.0,0.6118577155555556,7089.910972999998,0.46,0.48,0.019999999999999962,261.65,391.65,756.4499999999999,106.64,127.86000000000001,281.86,1
2026-09-02T15:33:16.886779+00:00,hourly,bitcoin-up-or-down-september-2-2026-11am-et,0.655,0.5887951616837982,BUY_NO,708.9910972999999,0.44530922805555556,7089.910972999998,0.65,0.66,0.010000000000000009,238.2268,455.82680000000005,980.3768000000001,247.75,170.6,222.39999999999998,1
2026-09-02T15:42:48.245339+00:00,hourly,bitcoin-up-or-down-september-2-2026-11am-et,0.845,0.8654031057806875,NO_TRADE,0.0,0.28659851694444444,16771.458851000003,0.84,0.85,0.010000000000000009,387.5855,578.9855,800.2755,170.95,34.05,56.55,1
2026-09-02T15:53:10.615998+00:00,hourly,bitcoin-up-or-down-september-2-2026-11am-et,0.805,0.7591401815172863,BUY_NO,510.7477310339205,0.11371777833333334,26814.898230000017,0.8,0.81,0.010000000000000009,434.66560000000004,476.16560000000004,710.2656000000001,72.78,23.419999999999998,74.02,1
2026-09-02T16:02:52.804749+00:00,hourly,bitcoin-up-or-down-september-2-2026-12pm-et,0.425,0.3290063972557623,NO_TRADE,0.0,0.9519986808333334,2319.8667189999996,0.42,0.43,0.010000000000000009,705.9,836.4,995.75,11.7314,16.4386,472.4386,0
2026-09-02T16:12:20.983458+00:00,hourly,bitcoin-up-or-down-september-2-2026-12pm-et,0.565,0.48049505039636603,NO_TRADE,0.0,0.7941712616666666,2319.8667189999996,0.56,0.57,0.009999999999999898,314.80449999999996,468.20449999999994,1513.3545,860.2800000000001,680.72,902.9000000000001,0
2026-09-02T16:23:21.001899+00:00,hourly,bitcoin-up-or-down-september-2-2026-12pm-et,0.805,0.8093049754681189,NO_TRADE,0.0,0.6108328058333333,6445.391640000001,0.8,0.81,0.010000000000000009,158.21,195.56,733.6379999999999,587.9229,149.58710000000002,186.98710000000003,0
2026-09-02T16:32:34.989349+00:00,hourly,bitcoin-up-or-down-september-2-2026-12pm-et,0.835,0.7787986148953299,BUY_NO,616.8841578875919,0.4569474030555556,6445.391640000001,0.83,0.84,0.010000000000000009,140.15,374.93,674.4399999999999,531.4,113.6,171.55,0
2026-09-02T16:43:12.033874+00:00,hourly,bitcoin-up-or-down-september-2-2026-12pm-et,0.585,0.3981166343768629,BUY_NO,1110.8603890000002,0.2799905905555556,11108.60389,0.58,0.59,0.010000000000000009,211.29,385.14,925.09,102.69999999999999,77.3,193.89999999999998,0
2026-09-02T16:52:25.025776+00:00,hourly,bitcoin-up-or-down-september-2-2026-12pm-et,0.485,0.32935122707149567,BUY_NO,1596.6169575000001,0.12638172888888888,15966.169575,0.48,0.49,0.010000000000000009,217.38,227.57999999999998,475.78000000000003,79.71000000000001,88.28999999999999,200.61,0
2026-09-02T17:03:06.735823+00:00,hourly,bitcoin-up-or-down-september-2-2026-1pm-et,0.485,0.28456921755473263,NO_TRADE,0.0,0.9481289380555555,13.80392,0.48,0.49,0.010000000000000009,87.45,163.95,392.62,178.1053,242.84470000000002,388.8697,1
2026-09-02T17:12:10.435335+00:00,hourly,bitcoin-up-or-down-september-2-2026-1pm-et,0.485,0.34456221117220964,NO_TRADE,0.0,0.7971012958333333,705.599145,0.48,0.49,0.010000000000000009,29.8,157.3,450.5,373.54999999999995,411.45000000000005,662.5500000000001,1
2026-09-02T17:23:00.844414+00:00,hourly,bitcoin-up-or-down-september-2-2026-1pm-et,0.305,0.18336625285793776,BUY_NO,803.5186048,0.6164321072222222,8035.186048,0.3,0.31,0.010000000000000009,119.35,258.61,502.22900000000004,84.19999999999999,223.54999999999998,425.15,1
2026-09-02T17:33:09.973923+00:00,hourly,bitcoin-up-or-down-september-2-2026-1pm-et,0.485,0.4215501752128796,BUY_NO,803.5186048,0.44722946583333334,8035.186048,0.48,0.49,0.010000000000000009,291.31,420.34000000000003,544.44,198.85,221.15,375.05,1
2026-09-02T17:42:37.823473+00:00,hourly,bitcoin-up-or-down-september-2-2026-1pm-et,0.48,0.40711821725739106,BUY_NO,1337.9102711193386,0.2894934797222222,13935.420599000003,0.47,0.49,0.020000000000000018,101.28,231.33,593.84,180.35000000000002,289.15,456.9,1
2026-09-02T17:52:19.237952+00:00,hourly,bitcoin-up-or-down-september-2-2026-1pm-et,0.985,0.9864446786770978,NO_TRADE,0.0,0.1279894577777778,18955.581593000003,0.98,0.99,0.010000000000000009,735.9661,735.9661,735.9661,1091.9703,32.0197,50.08433999999999,1
2026-09-02T18:03:17.672386+00:00,hourly,bitcoin-up-or-down-september-2-2026-2pm-et,0.495,0.380499530767605,NO_TRADE,0.0,0.9450910038888889,2886.055807,0.49,0.5,0.010000000000000009,244.63,333.03,404.948,160.7844,189.57559999999998,361.8256,0
2026-09-02T18:12:46.116568+00:00,hourly,bitcoin-up-or-down-september-2-2026-2pm-et,0.545,0.44804376875138613,NO_TRADE,0.0,0.7871898422222222,2886.055807,0.54,0.55,0.010000000000000009,219.60000000000002,441.9,997.8999999999999,437.2669,384.4631,556.3031,0
2026-09-02T18:22:27.861643+00:00,hourly,bitcoin-up-or-down-september-2-2026-2pm-et,0.575,0.4797633063245261,BUY_NO,776.4868197000002,0.6255939880555555,7764.868197000002,0.57,0.58,0.010000000000000009,741.77,996.77,1300.56,60.53000000000001,47.47,108.22,0
2026-09-02T18:33:12.488746+00:00,hourly,bitcoin-up-or-down-september-2-2026-2pm-et,0.675,0.5875066119167981,BUY_NO,776.4868197000002,0.4465309038888889,7764.868197000002,0.67,0.68,0.010000000000000009,199.4,332.4,767.17,177.68,90.32000000000001,180.55,0
2026-09-02T18:42:18.761762+00:00,hourly,bitcoin-up-or-down-september-2-2026-2pm-et,0.385,0.25530061753338357,BUY_NO,1187.1355506000004,0.2947883994444444,11871.355506000004,0.38,0.39,0.010000000000000009,153.25,243.45,497.04999999999995,159.95,246.55,809.75,0
2026-09-02T18:52:24.482629+00:00,hourly,bitcoin-up-or-down-september-2-2026-2pm-et,0.385,0.30955913303576166,BUY_NO,1837.3295253000006,0.12653260305555555,18373.295253000004,0.38,0.39,0.010000000000000009,364.722,413.102,656.0419999999999,126.61000000000001,205.2874,245.60739999999998,0
2026-09-02T19:03:19.383983+00:00,hourly,bitcoin-up-or-down-september-2-2026-3pm-et,0.445,0.31369083038216683,NO_TRADE,0.0,0.9446155602777777,25.0,0.44,0.45,0.010000000000000009,130.9272,285.0872,403.9272,80.28999999999999,103.71000000000001,159.6046,0
2026-09-02T19:12:57.017569+00:00,hourly,bitcoin-up-or-down-september-2-2026-3pm-et,0.395,0.27141027096006476,NO_TRADE,0.0,0.7841617863888889,59.18235,0.39,0.4,0.010000000000000009,358.4,400.4,755.99,178.7,286.3,357.49,0
2026-09-02T19:23:11.800620+00:00,hourly,bitcoin-up-or-down-september-2-2026-3pm-et,0.265,0.15985905522982277,BUY_NO,895.8801925000002,0.6133887166666667,8958.801925000002,0.26,0.27,0.010000000000000009,55.483200000000004,143.9332,399.93319999999994,94.7125,278.39750000000004,464.5975,0
2026-09-02T19:33:24.397873+00:00,hourly,bitcoin-up-or-down-september-2-2026-3pm-et,0.08499999999999999,0.045926703994333684,BUY_NO,1311.1706467000004,0.4432228130555556,13111.706467000002,0.08,0.09,0.009999999999999995,113.74600000000001,170.17600000000002,235.81600000000003,36.912800000000004,456.9972,943.3625999999999,0
2026-09-02T19:42:30.908249+00:00,hourly,bitcoin-up-or-down-september-2-2026-3pm-et,0.08,0.07020571918524486,NO_TRADE,0.0,0.29141437527777775,13111.706467000002,0.07,0.09,0.01999999999999999,136.54,168.66,235.76,43.85,659.75,1666.1515,0
2026-09-02T19:52:34.950389+00:00,hourly,bitcoin-up-or-down-september-2-2026-3pm-et,0.07350000000000001,0.07037557687319576,NO_TRADE,0.0,0.12362489194444445,20140.03654199999,0.07,0.077,0.006999999999999992,30.806459999999998,65.95558,157.65433000000002,18.705,98.02499999999999,385.91499999999996,0
2026-09-02T20:02:43.372902+00:00,hourly,bitcoin-up-or-down-september-2-2026-4pm-et,0.565,0.5563303588824066,NO_TRADE,0.0,0.9546186383333333,25.39,0.56,0.57,0.009999999999999898,159.25369999999998,728.6037,996.2037,685.0,330.2,465.9,1
2026-09-02T20:12:15.338982+00:00,hourly,bitcoin-up-or-down-september-2-2026-4pm-et,0.565,0.49446660605567266,NO_TRADE,0.0,0.7957391716666666,555.801332,0.56,0.57,0.009999999999999898,937.0854999999999,1146.5355,1581.1755,285.32,233.08,391.067,1
2026-09-02T20:23:11.587767+00:00,hourly,bitcoin-up-or-down-september-2-2026-4pm-et,0.675,0.6270210344222699,BUY_NO,539.5481733,0.6134478425,5395.481733,0.67,0.68,0.010000000000000009,602.12,871.62,1572.57,577.4,287.6,394.903,1
2026-09-02T20:33:11.316043+00:00,hourly,bitcoin-up-or-down-september-2-2026-4pm-et,0.745,0.7526384369026596,NO_TRADE,0.0,0.4468566547222222,5395.481733,0.74,0.75,0.010000000000000009,190.325,589.185,1482.835,950.81,338.19,437.59000000000003,1
2026-09-02T20:43:02.990944+00:00,hourly,bitcoin-up-or-down-september-2-2026-4pm-et,0.615,0.5627391520239567,BUY_NO,774.7679996072662,0.28250251555555556,13739.731438,0.61,0.62,0.010000000000000009,64.06,170.94,690.36,250.25,194.75,264.45,1
2026-09-02T20:52:55.264069+00:00,hourly,bitcoin-up-or-down-september-2-2026-4pm-et,0.835,0.8005894633616286,NO_TRADE,0.0,0.11798220305555555,17486.951768999992,0.83,0.84,0.010000000000000009,202.95,254.54999999999998,882.4331999999999,731.7099999999999,169.84140000000002,185.61140000000003,1
2026-09-02T21:03:25.556335+00:00,hourly,bitcoin-up-or-down-september-2-2026-5pm-et,0.425,0.3202179470592674,NO_TRADE,0.0,0.9429010180555555,126.28019499999999,0.42,0.43,0.010000000000000009,281.41999999999996,495.59749999999997,583.8974999999999,187.45999999999998,265.53999999999996,511.53999999999996,0
2026-09-02T21:12:54.000459+00:00,hourly,bitcoin-up-or-down-september-2-2026-5pm-et,0.385,0.2724815445056508,NO_TRADE,0.0,0.7849998725,193.064506,0.38,0.39,0.010000000000000009,75.9282,137.4282,495.6644,322.75620000000004,540.2338,719.4338,0
2026-09-02T21:23:04.949724+00:00,hourly,bitcoin-up-or-down-september-2-2026-5pm-et,0.225,0.16293138779409316,NO_TRADE,0.0,0.6152917433333334,3428.9486180000004,0.22,0.23,0.010000000000000009,75.27,122.85499999999999,312.135,138.2979,506.69210000000004,666.6921,0
2026-09-02T21:32:58.233529+00:00,hourly,bitcoin-up-or-down-september-2-2026-5pm-et,0.135,0.1015278081725004,NO_TRADE,0.0,0.45049068638888884,3428.9486180000004,0.13,0.14,0.010000000000000009,124.40889999999999,150.7465,294.24649999999997,129.9,932.5999999999999,1235.1999999999998,0
2026-09-02T21:42:51.110099+00:00,hourly,bitcoin-up-or-down-september-2-2026-5pm-et,0.445,0.43846576984541236,NO_TRADE,0.0,0.2858027502777778,5996.048408,0.44,0.45,0.010000000000000009,493.568,616.708,898.038,88.69,114.31,140.41,0
2026-09-02T21:53:00.338965+00:00,hourly,bitcoin-up-or-down-september-2-2026-5pm-et,0.13,0.09724757590533484,NO_TRADE,0.0,0.11657250972222223,11722.055935999999,0.12,0.14,0.020000000000000018,159.8824,195.4024,323.93240000000003,33.09139999999999,248.8986,343.16459999999995,0
2026-09-02T22:02:45.662929+00:00,hourly,bitcoin-up-or-down-september-2-2026-6pm-et,0.425,0.338913983392325,NO_TRADE,0.0,0.9539825197222223,5.0,0.42,0.43,0.010000000000000009,341.45599999999996,440.45599999999996,780.526,187.86,270.14,525.404,0
2026-09-02T22:12:56.736801+00:00,hourly,bitcoin-up-or-down-september-2-2026-6pm-et,0.28500000000000003,0.19382608546303876,NO_TRADE,0.0,0.7842397775,23.630000000000003,0.28,0.29,0.009999999999999953,17.07,237.17,429.881,324.1557,870.7543000000001,1174.1543000000001,0
2026-09-02T22:23:05.358536+00:00,hourly,bitcoin-up-or-down-september-2-2026-6pm-et,0.10500000000000001,0.07722824155812236,NO_TRADE,0.0,0.6151781844444444,7392.980532000001,0.1,0.11,0.009999999999999995,136.474,182.624,219.524,21.82,214.28000000000003,936.48,0
2026-09-02T22:32:59.108451+00:00,hourly,bitcoin-up-or-down-september-2-2026-6pm-et,0.1,0.08664760548253866,NO_TRADE,0.0,0.4502476525,7392.980532000001,0.09,0.11,0.020000000000000004,100.6224,112.9724,165.9324,71.42,797.58,1081.23,0
2026-09-02T22:42:53.572043+00:00,hourly,bitcoin-up-or-down-september-2-2026-6pm-et,0.08,0.07903855157968971,NO_TRADE,0.0,0.2851188769444445,10757.392420000002,0.07,0.09,0.01999999999999999,78.30199999999999,88.752,189.242,63.2,951.8,1104.75,0
2026-09-02T22:52:12.436570+00:00,hourly,bitcoin-up-or-down-september-2-2026-6pm-et,0.0035,0.0026168827215813364,NO_TRADE,0.0,0.12987873055555554,14428.564232999997,0.003,0.004,0.001,19.872220000000002,21.492220000000003,65.87212,2.55099,1288.43901,1288.43901,0
2026-09-02T23:03:20.556275+00:00,hourly,bitcoin-up-or-down-september-2-2026-7pm-et,0.585,0.538715470225039,NO_TRADE,0.0,0.9442899236111111,14.0,0.58,0.59,0.010000000000000009,637.2,753.1,936.8844,95.25,70.75,129.27,1
2026-09-02T23:12:19.694399+00:00,hourly,bitcoin-up-or-down-september-2-2026-7pm-et,0.835,0.845988100512277,NO_TRADE,0.0,0.7945293336111111,67.374142,0.83,0.84,0.010000000000000009,896.7932,1085.9932,1522.0931999999998,390.26,82.74000000000001,126.78960000000001,1
2026-09-02T23:22:48.946177+00:00,hourly,bitcoin-up-or-down-september-2-2026-7pm-et,0.795,0.7354846647319869,BUY_NO,690.0675350381402,0.6197371730555556,10118.567254,0.79,0.8,0.010000000000000009,830.05,1153.9499999999998,1629.7249999999997,62.60000000000001,17.4,43.85,1
2026-09-02T23:33:05.517296+00:00,hourly,bitcoin-up-or-down-september-2-2026-7pm-et,0.855,0.8308399817418877,NO_TRADE,0.0,0.44846741777777777,10118.567254,0.85,0.86,0.010000000000000009,612.8,1105.6,1860.61,152.4,27.6,151.0285,1
2026-09-02T23:42:15.807243+00:00,hourly,bitcoin-up-or-down-september-2-2026-7pm-et,0.83,0.7886022601133509,BUY_NO,382.8992669103552,0.29560909916666667,13164.501513000005,0.82,0.84,0.020000000000000018,754.05,1016.3499999999999,1287.9413,99.06049999999999,22.9895,161.3895,1
2026-09-02T23:52:20.116639+00:00,hourly,bitcoin-up-or-down-september-2-2026-7pm-et,0.9964999999999999,0.9973180378912185,NO_TRADE,0.0,0.12774537805555555,15977.243744000001,0.996,0.997,0.0010000000000000009,798.9390000000001,798.9390000000001,798.9390000000001,252.62986,2.59014,6.2621400000000005,1
2026-09-03T00:03:30.603699+00:00,hourly,bitcoin-up-or-down-september-2-2026-8pm-et,0.535,0.5379588216519642,NO_TRADE,0.0,0.9414989725,30.0,0.53,0.54,0.010000000000000009,569.83,775.9100000000001,1185.257,619.6600000000001,265.94,754.96,0
2026-09-03T00:12:16.710688+00:00,hourly,bitcoin-up-or-down-september-2-2026-8pm-et,0.325,0.23751327733651756,NO_TRADE,0.0,0.7953581422222222,890.720963,0.32,0.33,0.010000000000000009,397.42390000000006,470.22390000000007,780.7139,341.19,750.31,1021.9099999999999,0
2026-09-03T00:22:19.958931+00:00,hourly,bitcoin-up-or-down-september-2-2026-8pm-et,0.10500000000000001,0.07583948454332926,NO_TRADE,0.0,0.6277891858333333,7484.784499,0.1,0.11,0.009999999999999995,54.927099999999996,161.6337,203.9137,91.2,913.8000000000001,1270.7600000000002,0
2026-09-03T00:32:30.147592+00:00,hourly,bitcoin-up-or-down-september-2-2026-8pm-et,0.025,0.016904142255030355,NO_TRADE,0.0,0.45829233555555554,7484.784499,0.02,0.03,0.009999999999999998,11.2599,57.72090000000001,98.16090000000003,19.64,1650.3600000000001,1650.3600000000001,0
2026-09-03T00:42:21.851552+00:00,hourly,bitcoin-up-or-down-september-2-2026-8pm-et,0.05,0.047531499584753965,NO_TRADE,0.0,0.29393012444444444,11367.398408000001,0.041,0.059,0.017999999999999995,19.28,28.395400000000002,72.4654,26.979999999999997,648.02,1440.12,0
2026-09-03T00:52:44.041579+00:00,hourly,bitcoin-up-or-down-september-2-2026-8pm-et,0.006999999999999999,0.006155529413662627,NO_TRADE,0.0,0.12109956138888889,15149.565166999999,0.005,0.009,0.003999999999999999,15.2201,29.369220000000002,56.99172,3.23433,1672.35567,1672.35567,0
2026-09-03T01:02:55.752035+00:00,hourly,bitcoin-up-or-down-september-2-2026-9pm-et,0.515,0.4673592259999837,NO_TRADE,0.0,0.9511799902777778,95.0,0.51,0.52,0.010000000000000009,8.8164,148.1364,980.6119000000001,780.8,759.2,932.09,1
2026-09-03T01:12:44.534875+00:00,hourly,bitcoin-up-or-down-september-2-2026-9pm-et,0.87,0.9049216801394546,NO_TRADE,0.0,0.7876292013888889,878.3574550000001,0.86,0.88,0.020000000000000018,1095.13,1335.5200000000002,1601.8000000000004,1010.4,174.6,242.12,1
2026-09-03T01:22:49.809410+00:00,hourly,bitcoin-up-or-down-september-2-2026-9pm-et,0.895,0.8879890294933411,NO_TRADE,0.0,0.6194973861111112,8127.055214,0.89,0.9,0.010000000000000009,1603.4499999999998,1789.7499999999998,1999.9499999999996,197.03840000000002,26.6416,147.7158,1
2026-09-03T01:33:07.869495+00:00,hourly,bitcoin-up-or-down-september-2-2026-9pm-et,0.984,0.9873072116066117,NO_TRADE,0.0,0.4478140291666667,8127.055214,0.979,0.989,0.010000000000000009,3998.509,3998.509,3998.509,770.6469999999999,22.353,68.9286,1
2026-09-03T01:42:52.941677+00:00,hourly,bitcoin-up-or-down-september-2-2026-9pm-et,0.984,0.981688586139488,NO_TRADE,0.0,0.2852939786111111,10576.370789000004,0.981,0.987,0.006000000000000005,2166.5,3825.2390000000005,3825.2390000000005,1025.8592199999998,25.760780000000004,53.072680000000005,1
2026-09-03T01:52:46.725343+00:00,hourly,bitcoin-up-or-down-september-2-2026-9pm-et,0.9895,0.9856173740021155,NO_TRADE,0.0,0.12035407138888889,14234.694626,0.989,0.99,0.0010000000000000009,1554.7260999999999,1554.7260999999999,1554.7260999999999,1825.05015,27.29985,55.93955,1
2026-09-03T02:03:26.382746+00:00,hourly,bitcoin-up-or-down-september-2-2026-10pm-et,0.445,0.39409220962728436,NO_TRADE,0.0,0.9426714594444444,108.88235,0.44,0.45,0.010000000000000009,812.8955000000001,965.6455000000001,1341.4455,446.29999999999995,578.7,651.2,1
2026-09-03T02:12:53.713062+00:00,hourly,bitcoin-up-or-down-september-2-2026-10pm-et,0.495,0.4280805839339151,NO_TRADE,0.0,0.785079705,108.88235,0.49,0.5,0.010000000000000009,708.1600000000001,796.5600000000001,2069.4864000000002,215.9,229.1,686.49,1
2026-09-03T02:22:09.732021+00:00,hourly,bitcoin-up-or-down-september-2-2026-10pm-et,0.705,0.7395886511323243,NO_TRADE,0.0,0.6306299941666668,7825.806344000002,0.7,0.71,0.010000000000000009,712.3195999999999,872.9196,1268.9296,276.54999999999995,120.44999999999999,133.89,1
2026-09-03T02:32:40.244547+00:00,hourly,bitcoin-up-or-down-september-2-2026-10pm-et,0.955,0.9668055395950234,NO_TRADE,0.0,0.45548762583333335,7825.806344000002,0.95,0.96,0.010000000000000009,1765.786,2003.926,3359.7409,301.52,18.48,85.2082,1
2026-09-03T02:43:03.340173+00:00,hourly,bitcoin-up-or-down-september-2-2026-10pm-et,0.986,0.9890740677721382,NO_TRADE,0.0,0.2824055075,10509.541292999998,0.983,0.989,0.006000000000000005,4123.84133,4123.84133,4123.84133,1207.684,30.316000000000003,36.89954,1
2026-09-03T02:52:52.348682+00:00,hourly,bitcoin-up-or-down-september-2-2026-10pm-et,0.9985,0.9985459856087753,NO_TRADE,0.0,0.11879203277777778,14606.296424,0.999,,,0.0,0.0,0.0,5069.763509999999,16.386490000000002,25.469490000000004,1
2026-09-03T03:03:25.629727+00:00,hourly,bitcoin-up-or-down-september-2-2026-11pm-et,0.365,0.2611324499775376,NO_TRADE,0.0,0.9428806313888889,45.0,0.36,0.37,0.010000000000000009,568.35,675.6,829.25,24.6,45.4,125.12800000000001,0
2026-09-03T03:13:02.531352+00:00,hourly,bitcoin-up-or-down-september-2-2026-11pm-et,0.315,0.2168730112542003,NO_TRADE,0.0,0.78263018,745.988122,0.31,0.32,0.010000000000000009,270.39,397.21,684.0209999999998,119.24000000000001,274.76,920.86,0
2026-09-03T03:23:03.295388+00:00,hourly,bitcoin-up-or-down-september-2-2026-11pm-et,0.415,0.38974783283912684,NO_TRADE,0.0,0.6157512811111111,5137.109954,0.41,0.42,0.010000000000000009,411.25,554.25,1157.0518,99.42,147.57999999999998,324.48,0
2026-09-03T03:32:40.055857+00:00,hourly,bitcoin-up-or-down-september-2-2026-11pm-et,0.385,0.2682116406576397,BUY_NO,876.4210488000001,0.4555400397222222,8764.210488,0.38,0.39,0.010000000000000009,188.5,629.6313,937.1813,469.8605,791.7895,1027.3095,0
2026-09-03T03:42:57.559297+00:00,hourly,bitcoin-up-or-down-september-2-2026-11pm-et,0.07500000000000001,0.04967669666857609,NO_TRADE,0.0,0.2840113063888889,8764.210488,0.07,0.08,0.009999999999999995,20.7544,51.3044,246.6903,147.87,2017.13,2245.13,0
2026-09-03T03:53:49.512728+00:00,hourly,bitcoin-up-or-down-september-2-2026-11pm-et,0.0755,0.06690162798987334,NO_TRADE,0.0,0.10291313111111111,14681.074072,0.071,0.08,0.009000000000000008,84.5,112.096,184.04447,35.665,477.01000000000005,1251.2698,0
2026-09-03T04:04:00.022997+00:00,hourly,bitcoin-up-or-down-september-3-2026-12am-et,0.585,0.5275330113268338,NO_TRADE,0.0,0.9333269452777778,380.977799,0.58,0.59,0.010000000000000009,236.85,468.65,1042.75,551.91,401.09,534.41,1
2026-09-03T04:12:08.764777+00:00,hourly,bitcoin-up-or-down-september-3-2026-12am-et,0.645,0.5797651911223509,NO_TRADE,0.0,0.7975653397222222,402.519464,0.64,0.65,0.010000000000000009,848.0755,1029.6455,1400.6154999999999,79.05,45.949999999999996,116.25,1
2026-09-03T04:22:54.496643+00:00,hourly,bitcoin-up-or-down-september-3-2026-12am-et,0.295,0.18628991447284737,BUY_NO,636.0712744000002,0.6181953769444445,6360.712744000001,0.29,0.3,0.010000000000000009,103.72,177.32,552.57,365.01,905.99,1225.73,1
2026-09-03T04:33:04.783307+00:00,hourly,bitcoin-up-or-down-september-3-2026-12am-et,0.255,0.20383842940872232,BUY_NO,636.0712744000002,0.4486713036111111,6360.712744000001,0.25,0.26,0.010000000000000009,361.4,490.2,612.25,87.3,267.7,402.45,1
2026-09-03T04:42:59.023776+00:00,hourly,bitcoin-up-or-down-september-3-2026-12am-et,0.08,0.06267703231872156,NO_TRADE,0.0,0.28360450666666664,12457.985091999999,0.07,0.09,0.01999999999999999,108.4953,127.3537,217.3299,74.11,1033.8899999999999,1351.1899999999998,1
2026-09-03T04:52:11.243809+00:00,hourly,bitcoin-up-or-down-september-3-2026-12am-et,0.545,0.5388939320403502,NO_TRADE,0.0,0.13021005305555555,17378.632281000006,0.54,0.55,0.010000000000000009,38.5,473.40999999999997,728.31,514.4110000000001,462.13899999999995,492.37899999999996,1
2026-09-03T05:03:31.334056+00:00,hourly,bitcoin-up-or-down-september-3-2026-1am-et,0.505,0.4845849959649267,NO_TRADE,0.0,0.9412960955555555,91.91614999999999,0.5,0.51,0.010000000000000009,363.07000000000005,858.6200000000001,1034.14,417.07,432.93,575.9300000000001,1
2026-09-03T05:12:26.353390+00:00,hourly,bitcoin-up-or-down-september-3-2026-1am-et,0.295,0.1963522132791696,NO_TRADE,0.0,0.7926796138888889,470.0760230000001,0.29,0.3,0.010000000000000009,173.6,254.56,501.28000000000003,150.8,377.94,615.19,1
2026-09-03T05:23:01.726984+00:00,hourly,bitcoin-up-or-down-september-3-2026-1am-et,0.035,0.012169582943888506,NO_TRADE,0.0,0.6161869488888889,7593.899901000001,0.03,0.04,0.010000000000000002,71.9513,87.43130000000001,130.4222,8.5248,390.63519999999994,5060.197899999999,1
2026-09-03T05:32:38.869150+00:00,hourly,bitcoin-up-or-down-september-3-2026-1am-et,0.0245,0.012397648982813007,NO_TRADE,0.0,0.45586968055555555,7593.899901000001,0.02,0.029,0.009000000000000001,28.86618,52.14618000000001,83.01318,16.5625,1481.4675,4859.7165,1
2026-09-03T05:43:09.356106+00:00,hourly,bitcoin-up-or-down-september-3-2026-1am-et,0.0265,0.03199347399340555,NO_TRADE,0.0,0.280734415,12916.981117000005,0.023,0.03,0.006999999999999999,9.34,60.43828,97.78828000000001,44.5,2375.5,5390.6919,1
2026-09-03T05:53:04.389624+00:00,hourly,bitcoin-up-or-down-september-3-2026-1am-et,0.2255,0.26671999937001073,BUY_YES,476.88310870143795,0.11544732666666666,15931.301086000001,0.221,0.23,0.009000000000000008,118.97999999999999,182.367,204.237,57.528,223.92199999999997,339.19699999999995,1
2026-09-03T06:02:42.359137+00:00,hourly,bitcoin-up-or-down-september-3-2026-2am-et,0.415,0.43821860429317533,NO_TRADE,0.0,0.9549002397222223,6.976791,0.41,0.42,0.010000000000000009,563.76,740.64,831.3570000000001,98.5,146.5,370.37,1
2026-09-03T06:13:03.950994+00:00,hourly,bitcoin-up-or-down-september-3-2026-2am-et,0.325,0.21874200985311404,NO_TRADE,0.0,0.782235835,217.93578200000002,0.32,0.33,0.010000000000000009,284.15520000000004,379.3552,658.4852,244.63,533.12,1310.12,1
2026-09-03T06:23:01.983727+00:00,hourly,bitcoin-up-or-down-september-3-2026-2am-et,0.4,0.34918366139406776,NO_TRADE,0.0,0.6161156313888889,3583.2725799999994,0.39,0.41,0.019999999999999962,161.7,537.0899999999999,780.7599999999999,512.9324,812.5476,1083.4476,1
2026-09-03T06:33:01.153994+00:00,hourly,bitcoin-up-or-down-september-3-2026-2am-et,0.315,0.23519169928779918,NO_TRADE,0.0,0.4496794461111111,3583.2725799999994,0.31,0.32,0.010000000000000009,320.6,371.6,528.095,145.1,337.9,599.18,1
2026-09-03T06:42:51.514472+00:00,hourly,bitcoin-up-or-down-september-3-2026-2am-et,0.385,0.3248677445410529,NO_TRADE,0.0,0.2856904244444444,4678.247383,0.38,0.39,0.010000000000000009,384.0,534.675,725.185,200.61,333.89,387.01,1
2026-09-03T06:53:14.973685+00:00,hourly,bitcoin-up-or-down-september-3-2026-2am-et,0.425,0.3595379869959889,BUY_NO,664.4622146000002,0.11250730972222223,6644.622146000001,0.42,0.43,0.010000000000000009,88.26050000000001,144.5105,325.3605,71.11,189.23,338.03,1
2026-09-03T07:02:43.803583+00:00,hourly,bitcoin-up-or-down-september-3-2026-3am-et,0.52,0.43155268942349145,NO_TRADE,0.0,0.9544990047222223,2.0,0.51,0.53,0.020000000000000018,436.1759,986.1759,1082.3175999999999,390.27,376.73,578.1800000000001,0
2026-09-03T07:12:18.152203+00:00,hourly,bitcoin-up-or-down-september-3-2026-3am-et,0.8200000000000001,0.8347124600248413,NO_TRADE,0.0,0.7949577213888889,91.292511,0.81,0.83,0.019999999999999907,926.5,1185.75,1637.4460000000001,770.41,190.59,262.1979,0
2026-09-03T07:23:05.489632+00:00,hourly,bitcoin-up-or-down-september-3-2026-3am-et,0.715,0.654103804764565,BUY_NO,787.2703554286627,0.6151417688888889,11523.827495999998,0.71,0.72,0.010000000000000009,185.1864,214.7864,479.43639999999994,294.37,122.63,207.7839,0
2026-09-03T07:33:13.770241+00:00,hourly,bitcoin-up-or-down-september-3-2026-3am-et,0.575,0.4858820827313725,BUY_NO,1152.3827496,0.44617493305555556,11523.827495999998,0.57,0.58,0.010000000000000009,54.7114,168.7114,371.9614,198.87919999999997,152.6908,213.4408,0
2026-09-03T07:43:01.020197+00:00,hourly,bitcoin-up-or-down-september-3-2026-3am-et,0.915,0.915726589588835,NO_TRADE,0.0,0.28304994527777777,26368.05594299999,0.91,0.92,0.010000000000000009,283.00359999999995,1020.9035999999999,1697.6535999999996,166.5943,17.1357,27.8992,0
2026-09-03T07:52:51.870354+00:00,hourly,bitcoin-up-or-down-september-3-2026-3am-et,0.05,0.026264001624783453,NO_TRADE,0.0,0.11892490166666667,38839.53125499999,0.04,0.06,0.019999999999999997,96.51589999999999,128.11589999999998,215.15179999999998,14.639999999999999,450.36,768.86,0
2026-09-03T08:03:25.524981+00:00,hourly,bitcoin-up-or-down-september-3-2026-4am-et,0.635,0.5370652948015107,NO_TRADE,0.0,0.9429097275,1695.785088,0.63,0.64,0.010000000000000009,81.11,173.51,729.56,902.51,536.49,668.31,1
2026-09-03T08:12:24.382010+00:00,hourly,bitcoin-up-or-down-september-3-2026-4am-et,0.875,0.9003334969713521,NO_TRADE,0.0,0.7932272194444445,2621.259451,0.87,0.88,0.010000000000000009,321.0268,1330.9168,2085.1708,235.88199999999998,37.818,172.425,1
2026-09-03T08:23:06.427661+00:00,hourly,bitcoin-up-or-down-september-3-2026-4am-et,0.805,0.7231420296694909,BUY_NO,960.7246291313633,0.6148812052777777,10078.394253000002,0.8,0.81,0.010000000000000009,539.6700000000001,1452.67,2415.8,50.17,13.329999999999998,87.1862,1
2026-09-03T08:33:14.001484+00:00,hourly,bitcoin-up-or-down-september-3-2026-4am-et,0.925,0.9118724051389874,NO_TRADE,0.0,0.44611069888888893,12696.469909000003,0.92,0.93,0.010000000000000009,287.65999999999997,1108.46,2033.1599999999999,396.59680000000003,37.9432,130.6572,1
2026-09-03T08:42:17.363583+00:00,hourly,bitcoin-up-or-down-september-3-2026-4am-et,0.955,0.9368134544542773,NO_TRADE,0.0,0.29517678249999996,12696.469909000003,0.95,0.96,0.010000000000000009,436.0752,849.7751999999999,3736.4802,802.7365999999997,44.663399999999996,90.1634,1
2026-09-03T08:52:22.815131+00:00,hourly,bitcoin-up-or-down-september-3-2026-4am-et,0.885,0.8316764871099283,BUY_NO,374.1147325239785,0.12699579694444443,15887.302422000002,0.88,0.89,0.010000000000000009,637.7,769.6500000000001,1298.767,323.98,51.15798,89.55498,1
2026-09-03T09:03:32.205531+00:00,hourly,bitcoin-up-or-down-september-3-2026-5am-et,0.435,0.35871433733495073,NO_TRADE,0.0,0.9410540191666666,1590.842414,0.43,0.44,0.010000000000000009,411.35,629.85,957.37,470.91,646.0899999999999,826.04,0
2026-09-03T09:12:57.279793+00:00,hourly,bitcoin-up-or-down-september-3-2026-5am-et,0.685,0.6641039453422383,NO_TRADE,0.0,0.7840889463888888,2627.625681,0.68,0.69,0.009999999999999898,400.63,741.43,1742.4199999999998,737.0900000000001,360.16,481.88000000000005,0
2026-09-03T09:23:05.621974+00:00,hourly,bitcoin-up-or-down-september-3-2026-5am-et,0.555,0.47297667991677683,BUY_NO,559.0141455,0.6151050072222222,5590.141455,0.55,0.56,0.010000000000000009,204.99999999999997,747.3,994.8,369.07620000000003,307.4538,777.4538,0
2026-09-03T09:33:06.289942+00:00,hourly,bitcoin-up-or-down-september-3-2026-5am-et,0.235,0.16410520329882428,BUY_NO,559.0141455,0.44825279388888883,5590.141455,0.23,0.24,0.009999999999999981,43.39,295.07,623.6302000000001,237.083,830.567,1002.5105,0
2026-09-03T09:42:48.393171+00:00,hourly,bitcoin-up-or-down-september-3-2026-5am-et,0.08499999999999999,0.06019193792569853,NO_TRADE,0.0,0.28655745250000003,9630.193615999999,0.08,0.09,0.009999999999999995,59.848,176.77800000000002,225.34800000000004,82.08,1088.9199999999998,1373.7493999999997,0
2026-09-03T09:52:09.822857+00:00,hourly,bitcoin-up-or-down-september-3-2026-5am-et,0.013999999999999999,0.009750957142648894,NO_TRADE,0.0,0.13060476194444445,15384.292292999997,0.01,0.018,0.007999999999999998,37.21360000000001,72.02560000000001,83.00621000000001,9.7861,2449.3239000000003,2449.3239000000003,0
2026-09-03T10:03:32.062988+00:00,hourly,bitcoin-up-or-down-september-3-2026-6am-et,0.565,0.49842595854286,NO_TRADE,0.0,0.9410936144444444,1877.6569720000002,0.56,0.57,0.009999999999999898,521.8,628.0,908.75,410.27,666.0,813.2,1
2026-09-03T10:12:16.867079+00:00,hourly,bitcoin-up-or-down-september-3-2026-6am-et,0.515,0.43156687886998957,NO_TRADE,0.0,0.7953147002777777,1973.9798680000001,0.51,0.52,0.010000000000000009,69.25999999999999,625.46,1327.7089999999998,206.25,213.55,392.05,1
2026-09-03T10:22:19.683878+00:00,hourly,bitcoin-up-or-down-september-3-2026-6am-et,0.645,0.5974796639737441,BUY_NO,664.380250410249,0.6278655894444445,9092.899689000002,0.64,0.65,0.010000000000000009,246.79340000000002,570.9863,1533.4263,777.0414000000001,446.43859999999995,583.6186,1
2026-09-03T10:32:35.188741+00:00,hourly,bitcoin-up-or-down-september-3-2026-6am-et,0.525,0.4720105643899358,BUY_NO,909.2899689000002,0.45689201638888893,9092.899689000002,0.52,0.53,0.010000000000000009,74.32000000000001,255.82000000000005,641.07,409.9216,351.74839999999995,519.2484,1
2026-09-03T10:42:50.910678+00:00,hourly,bitcoin-up-or-down-september-3-2026-6am-et,0.155,0.09678924411721329,BUY_NO,1106.7907147000003,0.285858145,11067.907147000002,0.15,0.16,0.010000000000000009,125.0,322.28,457.85599999999994,155.4008,950.3192,1323.323,1
2026-09-03T10:52:18.544122+00:00,hourly,bitcoin-up-or-down-september-3-2026-6am-et,0.525,0.5218909975929992,NO_TRADE,0.0,0.12818218833333334,17623.014410999996,0.52,0.53,0.010000000000000009,119.25910000000002,254.00910000000002,579.6691,569.9784,542.4416,604.9416,1
2026-09-03T11:03:16.452057+00:00,hourly,bitcoin-up-or-down-september-3-2026-7am-et,0.56,0.5874609332197847,NO_TRADE,0.0,0.9454299841666667,89.14,0.55,0.57,0.019999999999999907,25.849999999999998,31.749999999999996,402.03,335.13000000000005,176.4,317.62,1
2026-09-03T11:13:14.996226+00:00,hourly,bitcoin-up-or-down-september-3-2026-7am-et,0.625,0.5922321578823608,NO_TRADE,0.0,0.7791677149999999,89.14,0.62,0.63,0.010000000000000009,95.95,308.88349999999997,1282.5835,945.2757999999999,586.0642,803.2642000000001,1
2026-09-03T11:22:59.085935+00:00,hourly,bitcoin-up-or-down-september-3-2026-7am-et,0.725,0.6787277035751907,NO_TRADE,0.0,0.6169205736111111,2489.760207,0.72,0.73,0.010000000000000009,510.94999999999993,653.4499999999999,1119.28,424.6704,143.0996,260.9996,1
2026-09-03T11:33:08.425801+00:00,hourly,bitcoin-up-or-down-september-3-2026-7am-et,0.845,0.8098154854689815,NO_TRADE,0.0,0.4476594997222222,2489.760207,0.84,0.85,0.010000000000000009,451.4,760.25,1840.72,827.0799999999999,168.67000000000002,231.661,1
2026-09-03T11:42:53.401157+00:00,hourly,bitcoin-up-or-down-september-3-2026-7am-et,0.955,0.9483563008970101,NO_TRADE,0.0,0.2851663452777778,6192.435498000001,0.95,0.96,0.010000000000000009,492.1449,916.4848999999999,1779.7649,131.64999999999998,8.35,34.0939,1
2026-09-03T11:52:23.300568+00:00,hourly,bitcoin-up-or-down-september-3-2026-7am-et,0.981,0.976837633064655,NO_TRADE,0.0,0.12686095333333333,15159.372830999993,0.98,0.982,0.0020000000000000018,1066.72496,1656.1919,1656.1919,565.506,15.494,21.764,1
2026-09-03T12:03:18.854868+00:00,hourly,bitcoin-up-or-down-september-3-2026-8am-et,0.505,0.4524368009817047,NO_TRADE,0.0,0.9447625366666667,313.749279,0.5,0.51,0.010000000000000009,228.7,250.42999999999998,424.1,246.25,253.75,406.11,1
2026-09-03T12:12:12.143690+00:00,hourly,bitcoin-up-or-down-september-3-2026-8am-et,0.655,0.6266782467532149,NO_TRADE,0.0,0.7966267527777778,313.749279,0.65,0.66,0.010000000000000009,231.4269,413.6669,847.69,275.8716,154.3184,280.1184,1
2026-09-03T12:23:01.198464+00:00,hourly,bitcoin-up-or-down-september-3-2026-8am-et,0.565,0.5153466543894492,NO_TRADE,0.0,0.61633376,4280.2335219999995,0.56,0.57,0.009999999999999898,162.95999999999998,315.17999999999995,994.6199999999999,589.0500000000001,478.38,535.88,1
2026-09-03T12:33:07.068292+00:00,hourly,bitcoin-up-or-down-september-3-2026-8am-et,0.845,0.8795055090262797,NO_TRADE,0.0,0.4480365855555556,7218.032489999998,0.83,0.86,0.030000000000000027,569.71,1311.1100000000001,1797.13,29.049999999999997,16.5,169.83,1
2026-09-03T12:43:24.082896+00:00,hourly,bitcoin-up-or-down-september-3-2026-8am-et,0.95,0.9651563906317739,NO_TRADE,0.0,0.27664364,7218.032489999998,0.94,0.96,0.020000000000000018,1188.6,1577.1699999999998,2847.34,1184.1107000000002,86.3793,103.6577,1
2026-09-03T12:53:24.196325+00:00,hourly,bitcoin-up-or-down-september-3-2026-8am-et,0.997,0.9973245845119754,NO_TRADE,0.0,0.10994546527777778,20253.572408,0.999,,,0.0,0.0,0.0,5741.58091,11.72909,24.37609,1
2026-09-03T13:02:43.271722+00:00,hourly,bitcoin-up-or-down-september-3-2026-9am-et,0.45,0.5083840744142604,NO_TRADE,0.0,0.9546467438888889,619.890251,0.44,0.46,0.020000000000000018,211.70499999999998,412.585,826.17,263.4094,343.8506,514.0806,1
2026-09-03T13:13:09.783328+00:00,hourly,bitcoin-up-or-down-september-3-2026-9am-et,0.485,0.38023696811788277,NO_TRADE,0.0,0.7806157422222222,619.890251,0.48,0.49,0.010000000000000009,413.115,591.2121,879.7481,78.94139999999999,86.6786,233.28860000000003,1
2026-09-03T13:22:24.511464+00:00,hourly,bitcoin-up-or-down-september-3-2026-9am-et,0.485,0.45053727244192465,NO_TRADE,0.0,0.6265245933333333,4879.227928000003,0.48,0.49,0.010000000000000009,79.2,138.2121,330.7181,38.2414,42.3786,90.9786,1
2026-09-03T13:32:27.380552+00:00,hourly,bitcoin-up-or-down-september-3-2026-9am-et,0.39,0.3556301363803049,NO_TRADE,0.0,0.4590609577777778,4879.227928000003,0.38,0.4,0.020000000000000018,118.985,168.9356,531.1406,208.8,213.15,345.45000000000005,1
2026-09-03T13:42:50.467380+00:00,hourly,bitcoin-up-or-down-september-3-2026-9am-et,0.77,0.8262620694355642,BUY_YES,748.1573755000001,0.28598128333333334,7481.573755,0.76,0.78,0.020000000000000018,871.883,1037.0430000000001,1233.0075000000002,503.545,162.95499999999998,470.665,1
2026-09-03T13:52:24.478767+00:00,hourly,bitcoin-up-or-down-september-3-2026-9am-et,0.915,0.9016038382573429,NO_TRADE,0.0,0.12653367583333333,26723.29787099999,0.91,0.92,0.010000000000000009,1467.095,1804.085,2103.38,1355.3880000000001,137.432,186.327,1
2026-09-03T14:03:25.220404+00:00,hourly,bitcoin-up-or-down-september-3-2026-10am-et,0.435,0.32467013329278704,NO_TRADE,0.0,0.9429943322222222,27.320254000000002,0.43,0.44,0.010000000000000009,311.015,428.5496,646.5549,65.0984,168.08159999999998,407.03159999999997,1
2026-09-03T14:13:47.011561+00:00,hourly,bitcoin-up-or-down-september-3-2026-10am-et,0.575,0.5229583816185985,NO_TRADE,0.0,0.7702745663888889,676.3547080000001,0.57,0.58,0.010000000000000009,518.245,644.245,1511.605,700.6999999999999,529.3,574.525,1
2026-09-03T14:22:51.357913+00:00,hourly,bitcoin-up-or-down-september-3-2026-10am-et,0.805,0.8441500164002277,BUY_YES,676.1889286,0.619067246388889,6761.8892860000005,0.8,0.81,0.010000000000000009,61.349999999999994,1185.9999999999998,1748.2499999999998,1154.4,304.6,370.8134,1
2026-09-03T14:33:06.169743+00:00,hourly,bitcoin-up-or-down-september-3-2026-10am-et,0.975,0.9921029563929111,NO_TRADE,0.0,0.4482861825,15248.523564999998,0.97,0.98,0.010000000000000009,5206.7297,5206.7297,5206.7297,350.5,14.500000000000002,27.625,1
2026-09-03T14:42:12.558450+00:00,hourly,bitcoin-up-or-down-september-3-2026-10am-et,0.9755,0.9688012949142351,NO_TRADE,0.0,0.29651154166666666,15248.523564999998,0.971,0.98,0.009000000000000008,3775.3387999999995,6854.9238,6854.9238,10452.001720000002,328.44787,356.26708,1
2026-09-03T14:52:55.403408+00:00,hourly,bitcoin-up-or-down-september-3-2026-10am-et,0.9995,0.9997133979032332,NO_TRADE,0.0,0.11794349777777778,21407.775091000003,0.999,,,0.0,0.0,0.0,1049.95886,8.72114,11.16614,1
2026-09-03T15:03:30.352480+00:00,hourly,bitcoin-up-or-down-september-3-2026-11am-et,0.615,0.6767228051450899,NO_TRADE,0.0,0.9415687555555555,2535.2536999999993,0.61,0.62,0.010000000000000009,189.14,285.14,690.93,249.037,176.633,330.1083,1
2026-09-03T15:13:11.737717+00:00,hourly,bitcoin-up-or-down-september-3-2026-11am-et,0.395,0.2503771624353076,NO_TRADE,0.0,0.7800728563888889,2535.2536999999993,0.39,0.4,0.010000000000000009,40.847,82.84700000000001,861.377,644.6368000000001,1015.7231999999999,1132.2731999999999,1
2026-09-03T15:23:01.062171+00:00,hourly,bitcoin-up-or-down-september-3-2026-11am-et,0.565,0.4431522644738778,BUY_NO,2000.0,0.6163716191666666,20346.250387,0.55,0.58,0.029999999999999916,246.09799999999996,459.09799999999996,700.8279999999999,312.06500000000005,119.76500000000001,224.875,1
2026-09-03T15:33:12.699885+00:00,hourly,bitcoin-up-or-down-september-3-2026-11am-et,0.75,0.7037283235368365,BUY_NO,490.1577900427506,0.4464722541666667,20346.250387,0.74,0.76,0.020000000000000018,321.51000000000005,594.51,1026.5720000000001,186.04,82.965,145.54500000000002,1
2026-09-03T15:42:48.759314+00:00,hourly,bitcoin-up-or-down-september-3-2026-11am-et,0.905,0.8799207672454642,NO_TRADE,0.0,0.28645574611111113,28848.137537,0.9,0.91,0.010000000000000009,341.45,370.745,1241.7838,643.0150000000001,71.23500000000001,96.92100000000002,1
2026-09-03T15:52:51.998788+00:00,hourly,bitcoin-up-or-down-september-3-2026-11am-et,0.9944999999999999,0.993975508225199,NO_TRADE,0.0,0.11888922555555556,36239.23853500001,0.99,0.999,0.009000000000000008,163.82601,163.82601,163.82601,482.592,8.908,36.8563,1
2026-09-03T16:03:13.820216+00:00,hourly,bitcoin-up-or-down-september-3-2026-12pm-et,0.235,0.17559693603115836,NO_TRADE,0.0,0.946161051111111,3685.1586190000003,0.23,0.24,0.009999999999999981,289.675,350.84000000000003,550.3691000000001,105.7558,368.13419999999996,565.6342,0
2026-09-03T16:13:02.926096+00:00,hourly,bitcoin-up-or-down-september-3-2026-12pm-et,0.175,0.037129479696667154,NO_TRADE,0.0,0.7825205288888889,3685.1586190000003,0.17,0.18,0.009999999999999981,152.54,268.24,375.2586,100.49000000000001,516.01,677.51,0
2026-09-03T16:23:00.173510+00:00,hourly,bitcoin-up-or-down-september-3-2026-12pm-et,0.09,0.02968451461660092,BUY_NO,1555.8020449000003,0.6166184694444444,15558.020449000001,0.08,0.1,0.020000000000000004,107.7911,158.7911,208.6003,49.885000000000005,625.5150000000001,1108.2050000000002,0
2026-09-03T16:33:07.555385+00:00,hourly,bitcoin-up-or-down-september-3-2026-12pm-et,0.0675,0.0390129852583549,NO_TRADE,0.0,0.44790128194444445,15558.020449000001,0.06,0.075,0.015,50.572,99.5712,133.70620000000002,60.6615,927.2764999999999,1079.2765,0
2026-09-03T16:42:31.522478+00:00,hourly,bitcoin-up-or-down-september-3-2026-12pm-et,0.015,0.007051032461673254,NO_TRADE,0.0,0.2912437561111111,21675.634898,0.011,0.019,0.008,16.1826,32.352599999999995,52.92159999999999,17.0099,3606.9800999999998,3606.9800999999998,0
2026-09-03T16:52:56.866967+00:00,hourly,bitcoin-up-or-down-september-3-2026-12pm-et,0.0125,0.0076345465775212885,NO_TRADE,0.0,0.11753695361111112,26820.756491999993,0.005,0.02,0.015,20.619999999999997,31.807,51.1772,3.17822,1443.94178,1443.94178,0
2026-09-03T17:03:06.272708+00:00,hourly,bitcoin-up-or-down-september-3-2026-1pm-et,0.41000000000000003,0.1791598691275904,NO_TRADE,0.0,0.9482575811111111,20.278295,0.4,0.42,0.019999999999999962,270.645,386.585,631.5699999999999,208.91899999999998,195.52599999999998,309.291,1
2026-09-03T17:12:33.400877+00:00,hourly,bitcoin-up-or-down-september-3-2026-1pm-et,0.475,0.26820409658253264,NO_TRADE,0.0,0.7907219786111112,130.29171200000002,0.47,0.48,0.010000000000000009,220.315,494.015,791.8356,98.12,114.88000000000001,341.48,1
2026-09-03T17:23:11.259622+00:00,hourly,bitcoin-up-or-down-september-3-2026-1pm-et,0.475,0.2720855710834833,NO_TRADE,0.0,0.6135389938888889,2460.603071,0.47,0.48,0.010000000000000009,220.315,439.565,737.3856,98.12,114.88000000000001,341.48,1
2026-09-03T17:33:19.951625+00:00,hourly,bitcoin-up-or-down-september-3-2026-1pm-et,0.475,0.27626430237828653,NO_TRADE,0.0,0.44445788194444447,2460.603071,0.47,0.48,0.010000000000000009,220.315,439.565,737.3856,98.12,114.88000000000001,341.48,1
2026-09-03T17:42:27.091562+00:00,hourly,bitcoin-up-or-down-september-3-2026-1pm-et,0.475,0.31446001015987407,NO_TRADE,0.0,0.2924745661111111,2460.603071,0.47,0.48,0.010000000000000009,220.315,439.565,737.3856,98.12,114.88000000000001,341.48,1
2026-09-03T17:52:56.554403+00:00,hourly,bitcoin-up-or-down-september-3-2026-1pm-et,0.475,0.23997919105352294,NO_TRADE,0.0,0.11762377694444445,2460.603071,0.47,0.48,0.010000000000000009,220.315,439.565,737.3856,98.12,114.88000000000001,341.48,1
2026-09-03T18:03:38.125829+00:00,hourly,bitcoin-up-or-down-september-3-2026-2pm-et,0.49,0.2768275583557733,NO_TRADE,0.0,0.9394094919444445,56.0,0.47,0.51,0.040000000000000036,237.20000000000002,237.20000000000002,237.20000000000002,241.8,278.20000000000005,278.20000000000005,1
2026-09-03T18:13:03.123913+00:00,hourly,bitcoin-up-or-down-september-3-2026-2pm-et,0.49,0.3121071259314247,NO_TRADE,0.0,0.7824655797222223,56.0,0.47,0.51,0.040000000000000036,237.20000000000002,237.20000000000002,237.20000000000002,241.8,278.20000000000005,278.20000000000005,1
2026-09-03T18:22:15.728981+00:00,hourly,bitcoin-up-or-down-september-3-2026-2pm-et,0.49,0.2094990067117914,NO_TRADE,0.0,0.6289641719444444,56.0,0.47,0.51,0.040000000000000036,237.20000000000002,237.20000000000002,237.20000000000002,241.8,278.20000000000005,278.20000000000005,1
2026-09-03T18:32:32.850137+00:00,hourly,bitcoin-up-or-down-september-3-2026-2pm-et,0.49,0.21176837874968832,NO_TRADE,0.0,0.45754162861111114,56.0,0.47,0.51,0.040000000000000036,237.20000000000002,237.20000000000002,237.20000000000002,241.8,278.20000000000005,278.20000000000005,1
2026-09-03T18:42:48.989334+00:00,hourly,bitcoin-up-or-down-september-3-2026-2pm-et,0.49,0.29364100635483903,NO_TRADE,0.0,0.28639185166666664,56.0,0.47,0.51,0.040000000000000036,237.20000000000002,237.20000000000002,237.20000000000002,241.8,278.20000000000005,278.20000000000005,1
2026-09-03T18:53:25.680302+00:00,hourly,bitcoin-up-or-down-september-3-2026-2pm-et,0.49,0.33091650794011773,NO_TRADE,0.0,0.10953324944444445,56.0,0.47,0.51,0.040000000000000036,237.20000000000002,237.20000000000002,237.20000000000002,241.8,278.20000000000005,278.20000000000005,1
2026-09-03T19:03:21.782512+00:00,hourly,bitcoin-up-or-down-september-3-2026-3pm-et,0.5,0.3749064589054862,NO_TRADE,0.0,0.9439493022222222,797.4925440000001,0.4,0.6,0.19999999999999996,60.0,60.0,99.0,40.0,60.0,60.0,1
2026-09-03T19:12:48.206035+00:00,hourly,bitcoin-up-or-down-september-3-2026-3pm-et,0.5,0.2862168612496467,NO_TRADE,0.0,0.7866094347222222,797.4925440000001,0.4,0.6,0.19999999999999996,60.0,60.0,99.0,40.0,60.0,60.0,1
2026-09-03T19:22:50.869891+00:00,hourly,bitcoin-up-or-down-september-3-2026-3pm-et,0.5,0.4005907355226742,NO_TRADE,0.0,0.6192028080555556,797.492544,0.4,0.6,0.19999999999999996,60.0,60.0,99.0,40.0,60.0,60.0,1
2026-09-03T19:32:25.658217+00:00,hourly,bitcoin-up-or-down-september-3-2026-3pm-et,0.5,0.31290401348993174,NO_TRADE,0.0,0.4595393841666667,797.492544,0.33,0.67,0.34,13.4,13.4,13.4,6.6000000000000005,13.4,13.4,1
2026-09-03T19:42:40.158759+00:00,hourly,bitcoin-up-or-down-september-3-2026-3pm-et,0.955,0.9147636275264547,NO_TRADE,0.0,0.28884478916666667,797.4925440000001,0.95,0.96,0.010000000000000009,321.74,640.24,1897.54,320.33219999999994,18.7978,32.4478,1
2026-09-03T19:52:37.673933+00:00,hourly,bitcoin-up-or-down-september-3-2026-3pm-et,0.985,0.9761457963903784,NO_TRADE,0.0,0.12286835194444445,1891.316404,0.98,0.99,0.010000000000000009,87.84270000000001,87.84270000000001,87.84270000000001,966.5749999999999,21.425,27.165,1
2026-09-03T20:03:13.177032+00:00,hourly,bitcoin-up-or-down-september-3-2026-4pm-et,0.435,0.24001167963989511,NO_TRADE,0.0,0.9463397133333333,400.754233,0.4,0.47,0.06999999999999995,197.6,197.6,197.6,44.0,66.0,66.0,0
2026-09-03T20:12:50.569229+00:00,hourly,bitcoin-up-or-down-september-3-2026-4pm-et,0.435,0.17943746074764236,NO_TRADE,0.0,0.7859529919444443,400.754233,0.4,0.47,0.06999999999999995,197.6,197.6,197.6,44.0,66.0,66.0,0
2026-09-03T20:22:32.137399+00:00,hourly,bitcoin-up-or-down-september-3-2026-4pm-et,0.435,0.18326602610369275,NO_TRADE,0.0,0.6244062780555555,936.7543430000002,0.4,0.47,0.06999999999999995,197.6,197.6,197.6,44.0,66.0,66.0,0
2026-09-03T20:32:56.317385+00:00,hourly,bitcoin-up-or-down-september-3-2026-4pm-et,0.435,0.28642828159282346,NO_TRADE,0.0,0.4510229486111111,936.7543430000002,0.4,0.47,0.06999999999999995,197.6,197.6,197.6,4.0,6.0,6.0,0
2026-09-03T20:42:05.107314+00:00,hourly,bitcoin-up-or-down-september-3-2026-4pm-et,0.09,0.04406866789631905,NO_TRADE,0.0,0.29858130166666663,936.7543430000002,0.08,0.1,0.020000000000000004,106.61300000000001,120.29780000000001,155.4068,27.79,347.21000000000004,1066.31,0
2026-09-03T20:52:45.232420+00:00,hourly,bitcoin-up-or-down-september-3-2026-4pm-et,0.019,0.00919433901488018,NO_TRADE,0.0,0.12076877222222222,3314.7567709999994,0.011,0.027,0.016,38.5245,40.124500000000005,56.81850000000001,13.373999999999999,1930.0259999999998,1930.0259999999998,0
2026-09-03T21:03:06.971431+00:00,hourly,bitcoin-up-or-down-september-3-2026-5pm-et,0.46499999999999997,0.30079271708764127,NO_TRADE,0.0,0.9480634913888889,15.0,0.46,0.47,0.009999999999999953,522.5749999999999,573.78,845.7339999999999,38.45,46.55,86.59,1
2026-09-03T21:12:28.133604+00:00,hourly,bitcoin-up-or-down-september-3-2026-5pm-et,0.575,0.47723996182306266,NO_TRADE,0.0,0.79218511,27.682724,0.57,0.58,0.010000000000000009,515.6949999999999,714.5949999999999,918.7149999999999,45.833,35.567,88.892,1
2026-09-03T21:22:40.707231+00:00,hourly,bitcoin-up-or-down-september-3-2026-5pm-et,0.665,0.6525637994767164,NO_TRADE,0.0,0.6220257691666667,7291.504935999999,0.66,0.67,0.010000000000000009,356.55000000000007,567.0,963.8503999999999,236.15,123.85000000000001,286.57,1
2026-09-03T21:32:55.618177+00:00,hourly,bitcoin-up-or-down-september-3-2026-5pm-et,0.94,0.9552892348528399,NO_TRADE,0.0,0.45121717305555553,9382.572196000003,0.93,0.95,0.019999999999999907,1044.81,1208.74,2399.9118,518.4858,42.004200000000004,64.3692,1
2026-09-03T21:42:47.161068+00:00,hourly,bitcoin-up-or-down-september-3-2026-5pm-et,0.735,0.5843956446040841,BUY_NO,938.2572196000003,0.28689970333333337,9382.572196000003,0.73,0.74,0.010000000000000009,54.81,184.01,824.23,460.8528,175.6372,249.98739999999998,1
2026-09-03T21:52:16.727455+00:00,hourly,bitcoin-up-or-down-september-3-2026-5pm-et,0.835,0.776473760002683,BUY_NO,644.8944577990001,0.12868681805555554,14631.882064000003,0.83,0.84,0.010000000000000009,306.7136,342.8336,891.3036,496.3813,106.2287,157.143,1
2026-09-03T22:03:04.965223+00:00,hourly,bitcoin-up-or-down-september-3-2026-6pm-et,0.41000000000000003,0.23691073355181366,NO_TRADE,0.0,0.9486207713888889,55.311173,0.4,0.42,0.019999999999999962,200.525,336.485,449.305,202.5611,309.4289,460.3989,0
2026-09-03T22:12:36.291335+00:00,hourly,bitcoin-up-or-down-september-3-2026-6pm-et,0.305,0.15116297144922453,NO_TRADE,0.0,0.7899190736111111,99.67739,0.3,0.31,0.010000000000000009,304.828,375.448,484.7099999999999,13.556,31.863999999999997,186.664,0
2026-09-03T22:22:54.942803+00:00,hourly,bitcoin-up-or-down-september-3-2026-6pm-et,0.20500000000000002,0.12338345952959363,NO_TRADE,0.0,0.6180714436111111,3965.998929,0.2,0.21,0.009999999999999981,43.809999999999995,75.4833,149.1533,60.215,253.28500000000003,463.615,0
2026-09-03T22:32:53.354160+00:00,hourly,bitcoin-up-or-down-september-3-2026-6pm-et,0.015,0.005489893966536203,NO_TRADE,0.0,0.45184606666666666,9339.578848,0.01,0.02,0.01,20.34,31.48,60.583800000000004,8.72,863.28,863.28,0
2026-09-03T22:42:41.727693+00:00,hourly,bitcoin-up-or-down-september-3-2026-6pm-et,0.0485,0.036312721872282704,NO_TRADE,0.0,0.28840897416666667,9339.578848,0.04,0.057,0.017,85.72049999999999,106.82368,111.70009,49.619,1304.3110000000001,1899.1110000000003,0
2026-09-03T22:52:40.295042+00:00,hourly,bitcoin-up-or-down-september-3-2026-6pm-et,0.0055,0.00344706184073973,NO_TRADE,0.0,0.1221402661111111,13491.266581,0.001,0.01,0.009000000000000001,9.0181,47.87144000000001,67.23292,2.75915,2756.3908500000002,2756.3908500000002,0
2026-09-03T23:03:14.099463+00:00,hourly,bitcoin-up-or-down-september-3-2026-7pm-et,0.505,0.3796183156162121,NO_TRADE,0.0,0.9460834825,115.0,0.5,0.51,0.010000000000000009,522.179,643.0985,815.9984999999999,220.565,226.435,353.055,1
2026-09-03T23:11:55.722148+00:00,hourly,bitcoin-up-or-down-september-3-2026-7pm-et,0.405,0.28346849854735434,NO_TRADE,0.0,0.8011882922222223,244.074073,0.4,0.41,0.009999999999999953,505.0608,535.5908,714.1208,61.5,93.5,124.5,1
2026-09-03T23:22:43.365897+00:00,hourly,bitcoin-up-or-down-september-3-2026-7pm-et,0.575,0.5003789515759591,BUY_NO,978.8843287,0.6212872508333332,9788.843287,0.57,0.58,0.010000000000000009,725.3749999999999,778.4749999999999,1158.175,110.99000000000001,67.95,93.375,1
2026-09-03T23:32:49.597086+00:00,hourly,bitcoin-up-or-down-september-3-2026-7pm-et,0.475,0.37383510756327354,BUY_NO,978.8843287,0.4528896983333333,9788.843287,0.47,0.48,0.010000000000000009,160.14999999999998,196.89999999999998,261.405,68.23,79.77000000000001,79.77000000000001,1
2026-09-03T23:42:24.738204+00:00,hourly,bitcoin-up-or-down-september-3-2026-7pm-et,0.845,0.8085506460623723,BUY_NO,374.3970706860445,0.2931282766666667,10811.946440999998,0.84,0.85,0.010000000000000009,129.268,285.868,809.2280000000001,184.635,36.365,39.065000000000005,1
2026-09-03T23:52:37.799851+00:00,hourly,bitcoin-up-or-down-september-3-2026-7pm-et,0.95,0.9341313991170888,NO_TRADE,0.0,0.12283337472222222,15007.284904000002,0.94,0.96,0.020000000000000018,649.35,1182.47,1289.39,372.315,26.685000000000002,34.915400000000005,1
2026-09-04T00:03:17.897763+00:00,hourly,bitcoin-up-or-down-september-3-2026-8pm-et,0.405,0.2969200462018121,NO_TRADE,0.0,0.9450283991666667,84.990783,0.4,0.41,0.009999999999999953,578.465,687.0400000000001,804.7650000000001,96.414,150.246,255.64600000000002,0
2026-09-04T00:12:37.306676+00:00,hourly,bitcoin-up-or-down-september-3-2026-8pm-et,0.44,0.35281663479689124,NO_TRADE,0.0,0.7896370344444444,147.85842900000003,0.43,0.45,0.020000000000000018,149.165,297.6803,688.7302999999999,268.89,364.60999999999996,505.91499999999996,0
2026-09-04T00:22:20.846958+00:00,hourly,bitcoin-up-or-down-september-3-2026-8pm-et,0.475,0.4047093077637419,NO_TRADE,0.0,0.6275425116666666,3126.361468,0.47,0.48,0.010000000000000009,92.61,128.86,439.92,149.32330000000002,173.06670000000003,393.13820000000004,0
2026-09-04T00:33:00.222014+00:00,hourly,bitcoin-up-or-down-september-3-2026-8pm-et,0.495,0.4633449477032764,NO_TRADE,0.0,0.44993832944444445,10077.438169000003,0.49,0.5,0.010000000000000009,5.0,31.0,189.91469999999998,190.555,202.445,349.78499999999997,0
2026-09-04T00:42:28.180325+00:00,hourly,bitcoin-up-or-down-september-3-2026-8pm-et,0.765,0.7930669035431763,NO_TRADE,0.0,0.2921721319444444,10077.438169000003,0.76,0.77,0.010000000000000009,655.0,775.08,1006.08,86.81960000000001,28.1404,73.9004,0
2026-09-04T00:52:38.626895+00:00,hourly,bitcoin-up-or-down-september-3-2026-8pm-et,0.025,0.011889793634084099,NO_TRADE,0.0,0.12260364027777779,32864.416886000006,0.02,0.03,0.009999999999999998,41.765299999999996,61.69029999999999,114.2753,19.7656,1695.0443999999998,1695.0443999999998,0
2026-09-04T01:02:49.136629+00:00,hourly,bitcoin-up-or-down-september-3-2026-9pm-et,0.575,0.4430166299328727,NO_TRADE,0.0,0.9530176030555555,309.980391,0.57,0.58,0.010000000000000009,480.34999999999997,612.938,873.3341,328.15500000000003,253.84500000000003,698.6700000000001,0
2026-09-04T01:12:40.550264+00:00,hourly,bitcoin-up-or-down-september-3-2026-9pm-et,0.555,0.4888626349062704,NO_TRADE,0.0,0.7887360377777778,695.791217,0.55,0.56,0.010000000000000009,701.835,776.945,1247.535,192.35000000000002,162.65,256.65,0
2026-09-04T01:22:38.435293+00:00,hourly,bitcoin-up-or-down-september-3-2026-9pm-et,0.425,0.3268433225000553,BUY_NO,1431.6837907000001,0.6226568630555556,14316.837907000001,0.42,0.43,0.010000000000000009,400.545,597.4200000000001,746.1450000000001,31.5,52.35,502.35,0
2026-09-04T01:32:48.665689+00:00,hourly,bitcoin-up-or-down-september-3-2026-9pm-et,0.28500000000000003,0.2187168145407996,BUY_NO,1431.6837907000001,0.45314841972222225,14316.837907000001,0.28,0.29,0.009999999999999953,336.3,374.27500000000003,681.66,51.12500000000001,134.375,260.175,0
2026-09-04T01:42:34.447800+00:00,hourly,bitcoin-up-or-down-september-3-2026-9pm-et,0.11,0.08873160965993449,NO_TRADE,0.0,0.2904311666666667,17258.625932000006,0.1,0.12,0.01999999999999999,86.08500000000001,208.51500000000001,271.105,114.03500000000001,1055.565,1079.4850000000001,0
2026-09-04T01:52:43.961753+00:00,hourly,bitcoin-up-or-down-september-3-2026-9pm-et,0.16,0.1637162206155336,NO_TRADE,0.0,0.12112173527777778,18784.355376000007,0.15,0.17,0.020000000000000018,122.42,164.885,258.0197,73.827,432.253,500.983,0
2026-09-04T02:02:58.042358+00:00,hourly,bitcoin-up-or-down-september-3-2026-10pm-et,0.385,0.33588324367253747,NO_TRADE,0.0,0.9505437894444444,23.06,0.38,0.39,0.010000000000000009,292.31399999999996,311.789,507.929,167.625,279.375,824.3926,0
2026-09-04T02:12:34.406316+00:00,hourly,bitcoin-up-or-down-september-3-2026-10pm-et,0.215,0.1295704497236085,NO_TRADE,0.0,0.79044269,140.56980199999998,0.21,0.22,0.010000000000000009,35.300000000000004,89.5184,382.2684,295.93,1105.04,1267.04,0
2026-09-04T02:22:34.899936+00:00,hourly,bitcoin-up-or-down-september-3-2026-10pm-et,0.11499999999999999,0.0821203312843457,NO_TRADE,0.0,0.6236389066666668,3176.056568,0.11,0.12,0.009999999999999995,46.1,91.42500000000001,265.815,135.75,1130.3500000000001,1288.69,0
2026-09-04T02:32:59.969036+00:00,hourly,bitcoin-up-or-down-september-3-2026-10pm-et,0.155,0.13647812327378836,NO_TRADE,0.0,0.45000860111111113,6571.4184860000005,0.15,0.16,0.010000000000000009,42.35,75.33500000000001,164.4261,12.299999999999999,69.7,453.37,0
2026-09-04T02:42:37.025109+00:00,hourly,bitcoin-up-or-down-september-3-2026-10pm-et,0.10500000000000001,0.10028110157082305,NO_TRADE,0.0,0.2897152475,6571.4184860000005,0.1,0.11,0.009999999999999995,97.2473,104.29979999999999,132.0498,12.26,110.34,884.0600000000001,0
2026-09-04T02:52:43.045075+00:00,hourly,bitcoin-up-or-down-september-3-2026-10pm-et,0.0065,0.004106776093083002,NO_TRADE,0.0,0.12137636805555556,9802.495757000004,0.004,0.009,0.004999999999999999,9.73484,26.72484,46.97814,10.795,4534.205,4534.205,0
2026-09-04T03:03:07.321032+00:00,hourly,bitcoin-up-or-down-september-3-2026-11pm-et,0.645,0.694868129899613,NO_TRADE,0.0,0.94796638,290.561598,0.63,0.66,0.030000000000000027,706.5150000000001,900.315,1066.605,800.1613,474.8087,533.3087,1
2026-09-04T03:12:26.408306+00:00,hourly,bitcoin-up-or-down-september-3-2026-11pm-et,0.605,0.5742400693640253,NO_TRADE,0.0,0.7926643594444445,417.759562,0.6,0.61,0.010000000000000009,1056.315,1228.6200000000001,1468.975,54.0,36.0,36.0,1
2026-09-04T03:21:59.241780+00:00,hourly,bitcoin-up-or-down-september-3-2026-11pm-et,0.725,0.679220048540693,NO_TRADE,0.0,0.6335439500000001,4391.822107,0.72,0.73,0.010000000000000009,853.93,1259.0875,1662.8875,232.45,92.55,331.65,1
2026-09-04T03:32:56.509399+00:00,hourly,bitcoin-up-or-down-september-3-2026-11pm-et,0.535,0.5009906914510242,BUY_NO,835.8616376,0.45096961138888886,8358.616376,0.53,0.54,0.010000000000000009,15.395600000000002,26.595600000000005,105.8356,121.55680000000001,14.337,53.346999999999994,1
2026-09-04T03:42:40.945413+00:00,hourly,bitcoin-up-or-down-september-3-2026-11pm-et,0.425,0.39433037618679145,NO_TRADE,0.0,0.2886262741666667,8358.616376,0.42,0.43,0.010000000000000009,329.265,390.015,532.215,33.311699999999995,47.058299999999996,144.2583,1
2026-09-04T03:52:38.396280+00:00,hourly,bitcoin-up-or-down-september-3-2026-11pm-et,0.945,0.9552249324884801,NO_TRADE,0.0,0.1226677,22643.002061,0.94,0.95,0.010000000000000009,750.7199999999999,1130.96,2880.3001999999997,1052.5049999999999,70.995,76.875,1
2026-09-04T04:02:38.965759+00:00,hourly,bitcoin-up-or-down-september-4-2026-12am-et,0.505,0.4190127343705958,NO_TRADE,0.0,0.9558428447222221,84.9,0.5,0.51,0.010000000000000009,28.3,107.8,360.97,172.405,176.095,598.075,1
2026-09-04T04:12:32.654197+00:00,hourly,bitcoin-up-or-down-september-4-2026-12am-et,0.655,0.6403095704109679,NO_TRADE,0.0,0.7909293897222223,402.51757299999997,0.65,0.66,0.010000000000000009,163.87,369.23,1168.13,817.6100000000001,445.89,541.3426,1
2026-09-04T04:22:38.428143+00:00,hourly,bitcoin-up-or-down-september-4-2026-12am-et,0.935,0.9517768635577688,NO_TRADE,0.0,0.6226588491666667,3098.8064499999996,0.93,0.94,0.009999999999999898,863.4,1686.12,8249.6813,1048.1356,91.0344,118.4169,1
2026-09-04T04:33:01.758188+00:00,hourly,bitcoin-up-or-down-september-4-2026-12am-et,0.9784999999999999,0.9795628124104502,NO_TRADE,0.0,0.44951161444444443,7121.225855999999,0.976,0.981,0.0050000000000000044,2673.82,4346.275,4346.275,92.6,2.4,28.564999999999998,1
2026-09-04T04:42:38.607629+00:00,hourly,bitcoin-up-or-down-september-4-2026-12am-et,0.971,0.9551458630345921,NO_TRADE,0.0,0.2892756586111111,7121.225855999999,0.964,0.978,0.014000000000000012,1174.5392399999998,3688.7800399999996,5701.765039999999,1598.6,65.89999999999999,68.06289999999998,1
2026-09-04T04:52:43.878787+00:00,hourly,bitcoin-up-or-down-september-4-2026-12am-et,0.9875,0.9862067203356535,NO_TRADE,0.0,0.12114478138888889,11354.737912999997,0.985,0.99,0.0050000000000000044,2614.4279,2614.4279,2614.4279,1599.06,31.272499999999997,39.4175,1
2026-09-04T05:03:11.504455+00:00,hourly,bitcoin-up-or-down-september-4-2026-1am-et,0.415,0.3527719531652205,NO_TRADE,0.0,0.9468043180555556,112.350978,0.41,0.42,0.010000000000000009,411.34999999999997,514.97,753.2650000000001,362.71500000000003,543.285,670.2626,0
2026-09-04T05:12:42.859886+00:00,hourly,bitcoin-up-or-down-september-4-2026-1am-et,0.365,0.2862570141780034,NO_TRADE,0.0,0.788094476111111,388.83099,0.36,0.37,0.010000000000000009,338.7069,514.9323,733.6923,242.105,438.145,1034.455,0
2026-09-04T05:22:37.566288+00:00,hourly,bitcoin-up-or-down-september-4-2026-1am-et,0.445,0.3759520409304899,NO_TRADE,0.0,0.6228982533333334,2704.0610899999997,0.44,0.45,0.010000000000000009,591.673,723.2918,1024.0518,151.60999999999999,200.39,334.65999999999997,0
2026-09-04T05:32:31.198702+00:00,hourly,bitcoin-up-or-down-september-4-2026-1am-et,0.22999999999999998,0.14667629583672998,NO_TRADE,0.0,0.4580003605555556,2704.0610899999997,0.22,0.24,0.01999999999999999,191.005,217.135,353.21500000000003,105.525,385.475,1090.6750000000002,0
2026-09-04T05:42:44.168781+00:00,hourly,bitcoin-up-or-down-september-4-2026-1am-et,0.225,0.18088541524003662,BUY_NO,599.7325219,0.28773089416666664,5997.325219,0.22,0.23,0.010000000000000009,208.48,275.73,478.963,57.94499999999999,211.555,310.355,0
2026-09-04T05:52:43.329915+00:00,hourly,bitcoin-up-or-down-september-4-2026-1am-et,0.014499999999999999,0.012311387178302383,NO_TRADE,0.0,0.12129724583333333,17488.144735,0.01,0.019,0.009,31.629999999999995,32.87499999999999,49.5166,2.9061000000000003,769.2039,769.2039,0
2026-09-04T06:03:10.756545+00:00,hourly,bitcoin-up-or-down-september-4-2026-2am-et,0.405,0.36249377743271777,NO_TRADE,0.0,0.9470120708333333,8.921566,0.4,0.41,0.009999999999999953,19.69,65.485,292.5186,441.86500000000007,668.385,819.975,0
2026-09-04T06:13:51.987884+00:00,hourly,bitcoin-up-or-down-september-4-2026-2am-et,0.575,0.5359753632166046,NO_TRADE,0.0,0.7688922544444444,497.25430800000004,0.57,0.58,0.010000000000000009,103.125,267.225,785.9311000000001,163.74,127.76,223.16000000000003,0
2026-09-04T06:22:36.074779+00:00,hourly,bitcoin-up-or-down-september-4-2026-2am-et,0.385,0.29735935830492655,BUY_NO,629.9261828000001,0.6233125613888889,6299.261828000001,0.38,0.39,0.010000000000000009,308.8782,365.66319999999996,656.5681999999999,237.33840000000004,393.59159999999997,534.3915999999999,0
2026-09-04T06:32:15.653333+00:00,hourly,bitcoin-up-or-down-september-4-2026-2am-et,0.07500000000000001,0.04106689403015916,NO_TRADE,0.0,0.4623185186111111,6299.261828000001,0.07,0.08,0.009999999999999995,479.72120000000007,496.22120000000007,543.5212,51.0,779.5,929.125,0
2026-09-04T06:42:41.250172+00:00,hourly,bitcoin-up-or-down-september-4-2026-2am-et,0.0935,0.09553882849444037,NO_TRADE,0.0,0.2885416188888889,13235.719199000005,0.09,0.097,0.007000000000000006,115.43650000000002,151.47250000000003,237.6725,9.42,105.58000000000001,974.63,0
2026-09-04T06:52:41.660044+00:00,hourly,bitcoin-up-or-down-september-4-2026-2am-et,0.006,0.0052147024372084655,NO_TRADE,0.0,0.12176109888888888,29205.116597,0.003,0.009,0.005999999999999999,14.6201,17.3701,52.4653,6.4125,4046.0875,4046.0875,0
2026-09-04T07:02:42.969288+00:00,hourly,bitcoin-up-or-down-september-4-2026-3am-et,0.555,0.5237959941649125,NO_TRADE,0.0,0.9547307533333333,18.725489,0.55,0.56,0.010000000000000009,51.1798,554.6951999999999,880.2371999999999,564.1635000000001,477.10650000000004,570.4015,0
2026-09-04T07:12:03.621768+00:00,hourly,bitcoin-up-or-down-september-4-2026-3am-et,0.735,0.7330167329467516,NO_TRADE,0.0,0.7989939533333333,28.725489,0.73,0.74,0.010000000000000009,171.73499999999999,217.33499999999998,1148.505,1005.5250000000001,375.475,469.0,0
2026-09-04T07:22:09.580569+00:00,hourly,bitcoin-up-or-down-september-4-2026-3am-et,0.665,0.5935505838227918,NO_TRADE,0.0,0.6306720641666667,3889.8060040000005,0.66,0.67,0.010000000000000009,231.44500000000002,763.78,1262.6051999999997,579.0705000000002,311.4995,435.15590000000003,0
2026-09-04T07:32:53.345331+00:00,hourly,bitcoin-up-or-down-september-4-2026-3am-et,0.67,0.6252351898390089,BUY_NO,526.7395478938037,0.4518485191666667,12120.396603000003,0.66,0.68,0.020000000000000018,191.59,310.59,902.1499999999999,649.2850000000001,337.71500000000003,414.57500000000005,0
2026-09-04T07:42:05.736447+00:00,hourly,bitcoin-up-or-down-september-4-2026-3am-et,0.405,0.33393541074698463,BUY_NO,1212.0396603000004,0.2984065425,12120.396603000003,0.4,0.41,0.009999999999999953,421.75419999999997,499.7992,688.4572000000001,41.485,63.765,597.895,0
2026-09-04T07:52:49.827006+00:00,hourly,bitcoin-up-or-down-september-4-2026-3am-et,0.08,0.06550430210559527,NO_TRADE,0.0,0.11949249833333334,17400.535205000004,0.07,0.09,0.01999999999999999,93.31400000000001,98.7733,166.2133,51.9044,698.0156000000001,799.1906,0
2026-09-04T08:03:16.464384+00:00,hourly,bitcoin-up-or-down-september-4-2026-4am-et,0.535,0.43373779465675577,NO_TRADE,0.0,0.94542656,2.0,0.53,0.54,0.010000000000000009,178.22500000000002,315.14500000000004,479.16,141.4,128.6,217.535,1
2026-09-04T08:12:16.904923+00:00,hourly,bitcoin-up-or-down-september-4-2026-4am-et,0.605,0.5690239251751787,NO_TRADE,0.0,0.7953041880555556,281.753375,0.6,0.61,0.010000000000000009,196.72,419.425,615.44,228.46499999999997,156.935,276.005,1
2026-09-04T08:22:41.331496+00:00,hourly,bitcoin-up-or-down-september-4-2026-4am-et,0.835,0.8463549458666056,NO_TRADE,0.0,0.6218523622222223,9494.889580000001,0.83,0.84,0.010000000000000009,396.61659999999995,588.8266,791.1016,91.1413,18.9687,84.5187,1
2026-09-04T08:32:19.269301+00:00,hourly,bitcoin-up-or-down-september-4-2026-4am-et,0.965,0.9647640796184918,NO_TRADE,0.0,0.46131408305555555,9494.889580000001,0.96,0.97,0.010000000000000009,1867.7199999999998,3696.0519999999997,3696.0519999999997,194.9368,9.8932,69.0832,1
2026-09-04T08:42:40.285691+00:00,hourly,bitcoin-up-or-down-september-4-2026-4am-et,0.991,0.9919095880608068,NO_TRADE,0.0,0.2888095302777778,16192.687385,0.984,0.998,0.014000000000000012,2231.35588,2231.35588,2231.35588,285.75758,6.42242,17.54872,1
2026-09-04T08:52:47.346633+00:00,hourly,bitcoin-up-or-down-september-4-2026-4am-et,0.9984999999999999,0.9983942373623081,NO_TRADE,0.0,0.12018149083333333,19293.496119000003,0.998,0.999,0.0010000000000000009,314.685,314.685,314.685,824.45354,4.646459999999999,6.84146,1
2026-09-04T09:02:44.467963+00:00,hourly,bitcoin-up-or-down-september-4-2026-5am-et,0.555,0.5423527530477708,NO_TRADE,0.0,0.9543144547222222,886.6458210000001,0.55,0.56,0.010000000000000009,169.7231,256.7231,466.4582,136.49,115.51,228.075,0
2026-09-04T09:12:36.799278+00:00,hourly,bitcoin-up-or-down-september-4-2026-5am-et,0.495,0.43651849799777676,NO_TRADE,0.0,0.7897779783333333,892.3765880000001,0.49,0.5,0.010000000000000009,190.76500000000001,410.985,683.1100000000001,245.825,262.175,470.73,0
2026-09-04T09:22:41.389820+00:00,hourly,bitcoin-up-or-down-september-4-2026-5am-et,0.225,0.15805425429963604,NO_TRADE,0.0,0.6218361611111112,4005.023836000002,0.22,0.23,0.010000000000000009,66.22,182.345,339.095,101.05000000000001,373.95000000000005,690.47,0
2026-09-04T09:32:56.885735+00:00,hourly,bitcoin-up-or-down-september-4-2026-5am-et,0.415,0.32369599050726067,NO_TRADE,0.0,0.4508650736111111,4005.023836000002,0.41,0.42,0.010000000000000009,22.364199999999997,31.164199999999997,253.7124,222.72,325.28,626.925,0
2026-09-04T09:42:39.955868+00:00,hourly,bitcoin-up-or-down-september-4-2026-5am-et,0.485,0.48963970675893426,NO_TRADE,0.0,0.28890114777777776,17193.430379999998,0.48,0.49,0.010000000000000009,99.425,208.0448,602.7098000000001,181.82739999999998,212.20260000000002,320.2026,0
2026-09-04T09:52:43.617641+00:00,hourly,bitcoin-up-or-down-september-4-2026-5am-et,0.10500000000000001,0.07731256491218631,NO_TRADE,0.0,0.12121732194444444,27722.988267999997,0.1,0.11,0.009999999999999995,24.36,38.205,135.8152,31.721,294.999,424.71900000000005,0
2026-09-04T10:03:05.337316+00:00,hourly,bitcoin-up-or-down-september-4-2026-6am-et,0.515,0.4316517132435463,NO_TRADE,0.0,0.9485174122222222,115.0,0.51,0.52,0.010000000000000009,146.2533,163.2633,350.1733,321.33500000000004,316.46500000000003,442.69000000000005,1
2026-09-04T10:12:48.013364+00:00,hourly,bitcoin-up-or-down-september-4-2026-6am-et,0.445,0.35795054109248825,NO_TRADE,0.0,0.7866629544444445,318.842258,0.43,0.46,0.030000000000000027,391.06,487.06,732.9787,653.3068,889.9831999999999,1063.1481999999999,1
2026-09-04T10:22:43.722007+00:00,hourly,bitcoin-up-or-down-september-4-2026-6am-et,0.195,0.15018185972692763,BUY_NO,908.1365402,0.621188331388889,9081.365402,0.19,0.2,0.010000000000000009,64.185,102.4958,276.5058,73.23,330.27,666.0049999999999,1
2026-09-04T10:32:38.981622+00:00,hourly,bitcoin-up-or-down-september-4-2026-6am-et,0.46499999999999997,0.5005000065815934,BUY_YES,575.4718222942164,0.4558384383333333,9081.365402,0.46,0.47,0.009999999999999953,114.53999999999999,208.375,412.2582,84.125,102.375,204.01500000000001,1
2026-09-04T10:42:38.760595+00:00,hourly,bitcoin-up-or-down-september-4-2026-6am-et,0.455,0.45873873267122645,NO_TRADE,0.0,0.28923316805555555,18781.390021,0.45,0.46,0.010000000000000009,230.595,372.243,620.053,119.3,150.70000000000002,372.43,1
2026-09-04T10:52:42.808161+00:00,hourly,bitcoin-up-or-down-september-4-2026-6am-et,0.41000000000000003,0.38503463863424375,NO_TRADE,0.0,0.1214421775,36127.42853500002,0.4,0.42,0.019999999999999962,143.685,169.865,334.975,174.36800000000002,265.552,343.052,1
2026-09-04T11:03:13.157906+00:00,hourly,bitcoin-up-or-down-september-4-2026-7am-et,0.4,0.3373438044337722,NO_TRADE,0.0,0.9463450261111112,2.0,0.39,0.41,0.019999999999999962,120.50999999999999,215.8195,313.9195,87.03,141.47,340.865,1
2026-09-04T11:12:40.430103+00:00,hourly,bitcoin-up-or-down-september-4-2026-7am-et,0.425,0.3449714667334176,NO_TRADE,0.0,0.7887694158333333,20.18,0.42,0.43,0.010000000000000009,100.67,200.507,595.067,198.98499999999999,284.515,652.615,1
2026-09-04T11:22:38.908422+00:00,hourly,bitcoin-up-or-down-september-4-2026-7am-et,0.675,0.6777755668986561,NO_TRADE,0.0,0.6225254383333333,7588.735772000001,0.67,0.68,0.010000000000000009,212.3,417.82000000000005,474.30000000000007,238.125,118.875,161.05,1
2026-09-04T11:32:43.379081+00:00,hourly,bitcoin-up-or-down-september-4-2026-7am-et,0.745,0.750420694412012,NO_TRADE,0.0,0.4546169219444444,13082.460692,0.74,0.75,0.010000000000000009,330.6625,506.6075,1007.8375000000001,150.40519999999998,54.824799999999996,60.4248,1
2026-09-04T11:42:28.036351+00:00,hourly,bitcoin-up-or-down-september-4-2026-7am-et,0.735,0.6644717114233903,BUY_NO,641.2435010790097,0.29221212472222224,13082.460692,0.72,0.75,0.030000000000000027,82.69,281.735,769.075,105.10499999999999,66.315,75.615,1
2026-09-04T11:52:39.378049+00:00,hourly,bitcoin-up-or-down-september-4-2026-7am-et,0.975,0.9724472983702154,NO_TRADE,0.0,0.12239498638888889,16912.244324999996,0.97,0.98,0.010000000000000009,2043.44,2043.44,2043.44,397.2196,13.9604,35.495400000000004,1
2026-09-04T12:03:14.369235+00:00,hourly,bitcoin-up-or-down-september-4-2026-8am-et,0.455,0.35954355986463576,NO_TRADE,0.0,0.9460085458333333,14.2549,0.45,0.46,0.010000000000000009,239.105,403.025,614.4517,256.535,318.46500000000003,445.8543,0
2026-09-04T12:12:03.773233+00:00,hourly,bitcoin-up-or-down-september-4-2026-8am-et,0.415,0.3229392612928701,NO_TRADE,0.0,0.7989518797222223,268.490191,0.41,0.42,0.010000000000000009,21.349999999999998,224.41,589.5121,318.085,463.91499999999996,713.0999999999999,0
2026-09-04T12:22:40.632290+00:00,hourly,bitcoin-up-or-down-september-4-2026-8am-et,0.415,0.3310571433378759,NO_TRADE,0.0,0.6220465861111111,3648.591371,0.41,0.42,0.010000000000000009,255.48,386.5516,675.2166,194.285,287.715,578.685,0
2026-09-04T12:32:39.069855+00:00,hourly,bitcoin-up-or-down-september-4-2026-8am-et,0.035,0.0019472712453277258,NO_TRADE,0.0,0.4558139291666667,3648.591371,0.03,0.04,0.010000000000000002,88.9966,108.4966,139.5174,4.65,220.14999999999998,1225.99,0
2026-09-04T12:42:39.726646+00:00,hourly,bitcoin-up-or-down-september-4-2026-8am-et,0.0115,0.0006824033373666744,NO_TRADE,0.0,0.28896482055555556,7024.378997999999,0.01,0.013,0.002999999999999999,5.2473600000000005,12.897359999999999,50.385290000000005,5.8686,2265.2364,2265.2364,0
2026-09-04T12:52:35.444140+00:00,hourly,bitcoin-up-or-down-september-4-2026-8am-et,0.0005,0.00014998201715128522,NO_TRADE,0.0,0.12348773888888889,25734.901794,,0.001,,22.04175,24.344070000000002,60.370370000000015,0.0,0.0,0.0,0
2026-09-04T13:03:07.128046+00:00,hourly,bitcoin-up-or-down-september-4-2026-9am-et,0.535,0.43004791074387744,NO_TRADE,0.0,0.9480199872222222,4837.485382999999,0.53,0.54,0.010000000000000009,590.8974,602.0974,918.6152,800.68,734.82,755.1550000000001,0
2026-09-04T13:12:04.212796+00:00,hourly,bitcoin-up-or-down-september-4-2026-9am-et,0.44,0.2594073940695815,NO_TRADE,0.0,0.798829778888889,4837.485382999999,0.43,0.45,0.020000000000000018,209.76500000000001,410.22,556.32,325.965,265.405,480.5096,0
2026-09-04T13:22:11.522694+00:00,hourly,bitcoin-up-or-down-september-4-2026-9am-et,0.495,0.4323078193435631,BUY_NO,1130.7467172000004,0.630132585,11307.467172000002,0.49,0.5,0.010000000000000009,188.865,316.265,676.49,357.76,382.74,619.5811,0
2026-09-04T13:32:59.985139+00:00,hourly,bitcoin-up-or-down-september-4-2026-9am-et,0.46499999999999997,0.382230186862784,BUY_NO,1505.9958474936886,0.45000412805555556,17363.973780000004,0.46,0.47,0.009999999999999953,316.225,496.79,705.84,8.18,33.5,101.89999999999999,0
2026-09-04T13:42:31.397091+00:00,hourly,bitcoin-up-or-down-september-4-2026-9am-et,0.435,0.3845909900107387,BUY_NO,1056.0234881223569,0.2912785858333333,17363.973780000004,0.43,0.44,0.010000000000000009,215.325,465.33500000000004,771.675,279.02,379.47999999999996,539.665,0
2026-09-04T13:52:45.274514+00:00,hourly,bitcoin-up-or-down-september-4-2026-9am-et,0.665,0.6836117320118352,NO_TRADE,0.0,0.12075707944444444,25351.590285000013,0.66,0.67,0.010000000000000009,107.60000000000001,427.415,1009.55,87.51,46.724999999999994,157.72129999999999,0
2026-09-04T14:03:08.090547+00:00,hourly,bitcoin-up-or-down-september-4-2026-10am-et,0.585,0.41715662587093727,NO_TRADE,0.0,0.9477526258333334,402.849485,0.58,0.59,0.010000000000000009,287.63,539.865,869.2800000000001,213.255,158.245,264.6942,0
2026-09-04T14:12:11.285177+00:00,hourly,bitcoin-up-or-down-september-4-2026-10am-et,0.485,0.3858203895637831,NO_TRADE,0.0,0.7968652286111111,685.136795,0.48,0.49,0.010000000000000009,346.65,414.735,748.6350000000001,283.885,236.115,477.65700000000004,0
2026-09-04T14:22:45.219401+00:00,hourly,bitcoin-up-or-down-september-4-2026-10am-et,0.375,0.28975094409848495,BUY_NO,536.9294138,0.6207723886111112,5369.294138,0.37,0.38,0.010000000000000009,222.5365,359.9365,681.6514999999999,108.56,177.64000000000001,442.19000000000005,0
2026-09-04T14:32:46.553548+00:00,hourly,bitcoin-up-or-down-september-4-2026-10am-et,0.47,0.48055823965842404,NO_TRADE,0.0,0.4537351255555555,5369.294138,0.46,0.48,0.019999999999999962,252.565,394.315,789.6449,258.885,311.115,456.71500000000003,0
2026-09-04T14:42:40.402520+00:00,hourly,bitcoin-up-or-down-september-4-2026-10am-et,0.225,0.13991904086839685,BUY_NO,1053.1156517,0.2887770777777777,10531.156517,0.22,0.23,0.010000000000000009,113.16039999999998,200.1504,332.17040000000003,81.035,302.46500000000003,499.6650000000001,0
2026-09-04T14:52:43.539656+00:00,hourly,bitcoin-up-or-down-september-4-2026-10am-et,0.0155,0.0057253871677731,NO_TRADE,0.0,0.12123898444444445,18301.579025000003,0.011,0.02,0.009000000000000001,1.7,17.4385,33.653600000000004,8.81243,2175.3375699999997,2175.3375699999997,0
2026-09-04T15:03:09.232837+00:00,hourly,bitcoin-up-or-down-september-4-2026-11am-et,0.54,0.5605907499703138,NO_TRADE,0.0,0.9474353230555556,20.474702999999998,0.53,0.55,0.020000000000000018,351.33500000000004,515.0618000000001,838.4262000000001,319.5,290.5,507.08,1
2026-09-04T15:12:27.245810+00:00,hourly,bitcoin-up-or-down-september-4-2026-11am-et,0.695,0.6948767989479189,NO_TRADE,0.0,0.7924317194444445,240.91766700000002,0.69,0.7,0.010000000000000009,631.845,915.165,1210.335,317.05,147.95000000000002,273.35,1
2026-09-04T15:22:53.742457+00:00,hourly,bitcoin-up-or-down-september-4-2026-11am-et,0.835,0.8038788484852719,NO_TRADE,0.0,0.6184048730555556,11813.544722000002,0.83,0.84,0.010000000000000009,1154.2749999999999,1463.0149999999999,2258.29,392.64,85.36,363.4725,1
2026-09-04T15:32:47.924367+00:00,hourly,bitcoin-up-or-down-september-4-2026-11am-et,0.945,0.9529151336793293,NO_TRADE,0.0,0.45335434249999995,17493.868080000007,0.94,0.95,0.010000000000000009,2013.4708999999998,3419.9709,5581.0998,1903.8932,135.8868,174.9868,1
2026-09-04T15:42:09.072844+00:00,hourly,bitcoin-up-or-down-september-4-2026-11am-et,0.9815,0.9836168991860342,NO_TRADE,0.0,0.29747976555555555,17493.868080000007,0.974,0.989,0.015000000000000013,6082.458879999999,6082.458879999999,6082.458879999999,1735.04488,58.235119999999995,82.30012,1
2026-09-04T15:52:41.817718+00:00,hourly,bitcoin-up-or-down-september-4-2026-11am-et,0.995,0.994434082359396,NO_TRADE,0.0,0.12171730055555555,22014.053126000006,0.991,0.999,0.008000000000000007,464.535,464.535,464.535,5960.023630000001,66.20637,69.70212000000001,1
2026-09-04T16:03:08.558751+00:00,hourly,bitcoin-up-or-down-september-4-2026-12pm-et,0.525,0.478534198727898,NO_TRADE,0.0,0.9476225691666667,645.46734,0.52,0.53,0.010000000000000009,313.55,659.72,761.96,126.24000000000001,120.75999999999999,290.01,1
2026-09-04T16:12:45.534928+00:00,hourly,bitcoin-up-or-down-september-4-2026-12pm-et,0.555,0.5052337506581505,NO_TRADE,0.0,0.7873514088888889,714.885485,0.55,0.56,0.010000000000000009,171.985,338.155,961.6188999999999,254.19000000000003,214.31,332.515,1
2026-09-04T16:22:43.236454+00:00,hourly,bitcoin-up-or-down-september-4-2026-12pm-et,0.555,0.4839676597115214,NO_TRADE,0.0,0.6213232072222222,3242.529164,0.55,0.56,0.010000000000000009,257.455,447.98499999999996,1068.915,96.54450000000001,81.44550000000001,160.0154,1
2026-09-04T16:32:52.963170+00:00,hourly,bitcoin-up-or-down-september-4-2026-12pm-et,0.855,0.8623583306476664,NO_TRADE,0.0,0.45195467500000003,6307.075725000001,0.84,0.87,0.030000000000000027,266.48,417.78000000000003,801.1200000000001,321.985,58.035,101.07560000000001,1
2026-09-04T16:42:36.153328+00:00,hourly,bitcoin-up-or-down-september-4-2026-12pm-et,0.945,0.9550687241537718,NO_TRADE,0.0,0.2899574088888889,6307.075725000001,0.94,0.95,0.010000000000000009,370.496,574.1959999999999,2398.8853,486.15,42.25,50.6924,1
2026-09-04T16:52:58.018771+00:00,hourly,bitcoin-up-or-down-september-4-2026-12pm-et,0.9984999999999999,0.9984185127992987,NO_TRADE,0.0,0.11721700805555556,9744.573072999998,0.998,0.999,0.0010000000000000009,238.761,238.761,238.761,1439.36978,9.320219999999999,13.89322,1
2026-09-04T17:03:16.507821+00:00,hourly,bitcoin-up-or-down-september-4-2026-1pm-et,0.405,0.2790740202004775,NO_TRADE,0.0,0.9454144941666667,17.09,0.4,0.41,0.009999999999999953,595.47,727.265,995.828,136.567,211.263,315.26800000000003,0
2026-09-04T17:12:36.709796+00:00,hourly,bitcoin-up-or-down-september-4-2026-1pm-et,0.415,0.3164365377657822,NO_TRADE,0.0,0.7898028344444444,89.448971,0.41,0.42,0.010000000000000009,145.115,681.915,1122.4678,200.02,387.28,1251.1925,0
2026-09-04T17:22:20.911906+00:00,hourly,bitcoin-up-or-down-september-4-2026-1pm-et,0.255,0.1842743766364787,NO_TRADE,0.0,0.6275244705555556,2124.919635,0.25,0.26,0.010000000000000009,260.551,310.881,330.741,268.65,831.35,1051.0695,0
2026-09-04T17:32:21.871855+00:00,hourly,bitcoin-up-or-down-september-4-2026-1pm-et,0.11499999999999999,0.07670651121875022,NO_TRADE,0.0,0.46059115138888884,2124.919635,0.11,0.12,0.009999999999999995,44.495000000000005,83.48500000000001,183.6771,8.850000000000001,78.05000000000001,275.06500000000005,0
2026-09-04T17:42:10.004869+00:00,hourly,bitcoin-up-or-down-september-4-2026-1pm-et,0.065,0.051819211915403854,NO_TRADE,0.0,0.29722086972222217,11362.601846000003,0.06,0.07,0.010000000000000009,120.16,145.225,231.615,16.0,289.0,1419.4959999999999,0
2026-09-04T17:52:40.307412+00:00,hourly,bitcoin-up-or-down-september-4-2026-1pm-et,0.004999999999999999,0.0028948295961218513,NO_TRADE,0.0,0.12213683,14304.855391000008,0.001,0.009,0.008,13.819020000000002,17.419020000000003,39.424020000000006,0.022,21.978,21.978,0
2026-09-04T18:03:11.246992+00:00,hourly,bitcoin-up-or-down-september-4-2026-2pm-et,0.625,0.5754205711802243,NO_TRADE,0.0,0.9468758355555555,34.4349,0.62,0.63,0.010000000000000009,672.39,1006.906,1071.976,178.11499999999998,115.285,195.885,1
2026-09-04T18:12:37.599496+00:00,hourly,bitcoin-up-or-down-september-4-2026-2pm-et,0.675,0.6478016867124577,NO_TRADE,0.0,0.7895556955555556,88.65797400000001,0.67,0.68,0.010000000000000009,732.3149999999999,986.7649999999999,1376.6804,238.347,115.503,419.47799999999995,1
2026-09-04T18:22:48.893962+00:00,hourly,bitcoin-up-or-down-september-4-2026-2pm-et,0.775,0.7229576732523033,NO_TRADE,0.0,0.6197516772222222,4348.673805,0.77,0.78,0.010000000000000009,919.8460000000001,1572.0860000000002,1733.4110000000003,4771.4359,1425.2341000000001,1511.6591,1
2026-09-04T18:32:20.040094+00:00,hourly,bitcoin-up-or-down-september-4-2026-2pm-et,0.815,0.770854131027883,NO_TRADE,0.0,0.4610999738888889,4348.673805,0.81,0.82,0.009999999999999898,188.4042,345.3078,1135.0043,758.9000000000001,181.1,270.66499999999996,1
2026-09-04T18:42:33.578255+00:00,hourly,bitcoin-up-or-down-september-4-2026-2pm-et,0.945,0.9435380277391363,NO_TRADE,0.0,0.29067270694444447,12657.981263000005,0.94,0.95,0.010000000000000009,713.337,838.1469,2065.2965,1392.595,92.405,117.885,1
2026-09-04T18:52:45.818463+00:00,hourly,bitcoin-up-or-down-september-4-2026-2pm-et,0.9804999999999999,0.9771839291282722,NO_TRADE,0.0,0.1206059825,15670.589354000002,0.98,0.981,0.0010000000000000009,1296.2466,1392.1156,1392.1156,1296.5615,36.4385,45.939800000000005,1
2026-09-04T19:03:13.006218+00:00,hourly,bitcoin-up-or-down-september-4-2026-3pm-et,0.695,0.662434959638565,NO_TRADE,0.0,0.9463871616666667,398.255426,0.69,0.7,0.010000000000000009,588.8499999999999,764.1195999999999,939.2205999999999,235.7006,109.5394,393.8344,1
2026-09-04T19:12:58.377988+00:00,hourly,bitcoin-up-or-down-september-4-2026-3pm-et,0.665,0.6051296320981822,NO_TRADE,0.0,0.7837838922222222,404.529933,0.66,0.67,0.010000000000000009,669.1600000000001,848.5600000000001,1287.0099999999998,224.47000000000003,119.52999999999999,489.95559999999995,1
2026-09-04T19:22:47.330720+00:00,hourly,bitcoin-up-or-down-september-4-2026-3pm-et,0.845,0.806625689848655,NO_TRADE,0.0,0.6201859111111111,3293.09,0.84,0.85,0.010000000000000009,388.65,536.55,726.8399999999999,270.65,54.35,85.85,1
2026-09-04T19:32:56.715849+00:00,hourly,bitcoin-up-or-down-september-4-2026-3pm-et,0.765,0.6590593138405297,NO_TRADE,0.0,0.4509122641666667,3293.09,0.76,0.77,0.010000000000000009,247.15,439.515,824.5150000000001,191.85,63.15,117.75,1
2026-09-04T19:42:07.411373+00:00,hourly,bitcoin-up-or-down-september-4-2026-3pm-et,0.735,0.6086870063683536,BUY_NO,730.6165221000001,0.2979412852777778,7306.165221,0.73,0.74,0.010000000000000009,327.55,487.15,846.45,245.73499999999999,94.26500000000001,120.80000000000001,1
2026-09-04T19:52:45.914509+00:00,hourly,bitcoin-up-or-down-september-4-2026-3pm-et,0.77,0.7190453784719206,BUY_NO,538.876599053676,0.12057930305555556,12375.584905999996,0.76,0.78,0.020000000000000018,400.45000000000005,716.3780000000002,1620.1030000000003,579.86,183.64,227.83999999999997,1
2026-09-04T20:02:55.442519+00:00,hourly,bitcoin-up-or-down-september-4-2026-4pm-et,0.55,0.5008835868580629,NO_TRADE,0.0,0.9512659669444444,433.44705600000003,0.54,0.56,0.020000000000000018,660.25,761.75,1112.144,492.6908,355.20919999999995,428.45719999999994,0
2026-09-04T20:12:28.729804+00:00,hourly,bitcoin-up-or-down-september-4-2026-4pm-et,0.5700000000000001,0.49801029668415203,NO_TRADE,0.0,0.7920194988888889,552.6162320000001,0.56,0.58,0.019999999999999907,483.5892,719.6892,1199.8392000000001,180.485,144.515,295.16499999999996,0
2026-09-04T20:22:36.613097+00:00,hourly,bitcoin-up-or-down-september-4-2026-4pm-et,0.51,0.429243433987802,BUY_NO,1298.7087407000004,0.6231630286111112,12987.087407000003,0.5,0.52,0.020000000000000018,229.973,424.10300000000007,734.313,173.3608,162.7092,213.9292,0
2026-09-04T20:32:53.181480+00:00,hourly,bitcoin-up-or-down-september-4-2026-4pm-et,0.365,0.27783182510537785,BUY_NO,1516.1254516000004,0.45189403333333333,15161.254516000003,0.36,0.37,0.010000000000000009,148.759,270.43899999999996,653.5889999999999,97.08519999999999,176.8848,337.5948,0
2026-09-04T20:42:46.837223+00:00,hourly,bitcoin-up-or-down-september-4-2026-4pm-et,0.16,0.11372993737686465,BUY_NO,1516.1254516000004,0.2869896602777778,15161.254516000003,0.15,0.17,0.020000000000000018,174.00440000000003,183.78940000000003,279.9194,33.757000000000005,203.623,969.2317,0
2026-09-04T20:52:12.377729+00:00,hourly,bitcoin-up-or-down-september-4-2026-4pm-et,0.08499999999999999,0.06436057161716673,NO_TRADE,0.0,0.12989507527777777,18631.476651,0.08,0.09,0.009999999999999995,95.92999999999999,115.28999999999999,141.09,10.250000000000002,134.75,930.9676,0
2026-09-04T21:02:39.038547+00:00,hourly,bitcoin-up-or-down-september-4-2026-5pm-et,0.525,0.4139467176880978,NO_TRADE,0.0,0.9558226258333333,10.0,0.52,0.53,0.010000000000000009,190.49,740.49,1077.8400000000001,599.0442,523.4121,675.6621,0
2026-09-04T21:12:37.624372+00:00,hourly,bitcoin-up-or-down-september-4-2026-5pm-et,0.695,0.6576288881816327,NO_TRADE,0.0,0.7895487855555555,18.396121,0.69,0.7,0.010000000000000009,1347.865,1605.3658,1929.106,52.291599999999995,24.078400000000002,63.348400000000005,0
2026-09-04T21:22:40.107127+00:00,hourly,bitcoin-up-or-down-september-4-2026-5pm-et,0.765,0.7231566910467286,BUY_NO,484.780380964097,0.6221924647222221,7766.811342000001,0.76,0.77,0.010000000000000009,615.4000000000001,789.2,899.056,56.65,13.55,43.45,0
2026-09-04T21:32:31.006822+00:00,hourly,bitcoin-up-or-down-september-4-2026-5pm-et,0.765,0.7160379208445736,BUY_NO,578.4484099398207,0.4580536605555555,7766.811342000001,0.76,0.77,0.010000000000000009,232.7693,288.0693,861.9853,199.7,65.3,77.0,0
2026-09-04T21:42:45.610686+00:00,hourly,bitcoin-up-or-down-september-4-2026-5pm-et,0.895,0.8869467496428148,NO_TRADE,0.0,0.287330365,11672.022468000003,0.89,0.9,0.010000000000000009,194.379,369.179,777.879,348.8534,46.746599999999994,95.4966,0
2026-09-04T21:52:08.965144+00:00,hourly,bitcoin-up-or-down-september-4-2026-5pm-et,0.725,0.6680080794658249,BUY_NO,722.1100074190989,0.13084301555555555,13480.377725,0.72,0.73,0.010000000000000009,69.35,99.35,522.45,278.68499999999995,111.315,165.315,0
2026-09-04T22:02:34.321510+00:00,hourly,bitcoin-up-or-down-september-4-2026-6pm-et,0.605,0.49866113656722616,NO_TRADE,0.0,0.9571329138888889,72.027544,0.6,0.61,0.010000000000000009,254.7816,407.2353,930.5142999999999,634.885,432.615,533.625,1
2026-09-04T22:12:50.499013+00:00,hourly,bitcoin-up-or-down-september-4-2026-6pm-et,0.565,0.5059111513676774,NO_TRADE,0.0,0.7859724963888889,3246.073645,0.56,0.57,0.009999999999999898,812.925,986.0899999999999,3300.9072,196.47500000000002,160.025,269.7258,1
2026-09-04T22:22:47.861197+00:00,hourly,bitcoin-up-or-down-september-4-2026-6pm-et,0.645,0.6053600094719365,NO_TRADE,0.0,0.6200385563888888,3246.073645,0.64,0.65,0.010000000000000009,68.95,250.85500000000002,983.9350000000001,584.6766,334.76340000000005,470.55260000000004,1
2026-09-04T22:33:03.472569+00:00,hourly,bitcoin-up-or-down-september-4-2026-6pm-et,0.735,0.6985353252793838,BUY_NO,431.0229413783042,0.4490353975,8380.937744,0.73,0.74,0.010000000000000009,310.54179999999997,439.74179999999996,899.2418,330.265,125.73500000000001,182.28500000000003,1
2026-09-04T22:42:37.827643+00:00,hourly,bitcoin-up-or-down-september-4-2026-6pm-et,0.845,0.8266254054770639,NO_TRADE,0.0,0.28949232138888886,11138.186584,0.84,0.85,0.010000000000000009,488.1,773.0250000000001,1589.7150000000001,380.8406,77.39940000000001,114.74940000000001,1
2026-09-04T22:52:23.815821+00:00,hourly,bitcoin-up-or-down-september-4-2026-6pm-et,0.695,0.6561629587070972,BUY_NO,490.39190279569317,0.1267178275,11138.186584,0.69,0.7,0.010000000000000009,225.7,470.5,866.15,227.1528,103.9672,125.41720000000001,1
2026-09-04T23:02:58.563096+00:00,hourly,bitcoin-up-or-down-september-4-2026-7pm-et,0.475,0.3981431438967629,NO_TRADE,0.0,0.95039914,0.0,0.47,0.48,0.010000000000000009,194.3,354.295,449.0135000000001,131.9696,153.7104,343.38340000000005,1
2026-09-04T23:12:34.224671+00:00,hourly,bitcoin-up-or-down-september-4-2026-7pm-et,0.545,0.497241570257071,NO_TRADE,0.0,0.7904931469444445,2301.7902710000003,0.54,0.55,0.010000000000000009,287.54400000000004,486.30870000000004,683.2087,176.645,154.855,369.17499999999995,1
2026-09-04T23:22:43.207683+00:00,hourly,bitcoin-up-or-down-september-4-2026-7pm-et,0.62,0.588515912859138,NO_TRADE,0.0,0.6213311991666667,2301.7902710000003,0.61,0.63,0.020000000000000018,306.55,514.55,835.5999999999999,530.15,351.85,450.865,1
2026-09-04T23:32:58.006658+00:00,hourly,bitcoin-up-or-down-september-4-2026-7pm-et,0.655,0.6305646790045025,NO_TRADE,0.0,0.4505537061111111,6143.967675,0.65,0.66,0.010000000000000009,206.645,220.245,730.51,221.75,123.25,238.0203,1
2026-09-04T23:42:34.421914+00:00,hourly,bitcoin-up-or-down-september-4-2026-7pm-et,0.675,0.6197761215782663,BUY_NO,749.6101256975172,0.2904383572222222,14049.429643999998,0.67,0.68,0.010000000000000009,374.4,471.539,651.939,231.85000000000002,118.15,247.65,1
2026-09-04T23:52:45.125260+00:00,hourly,bitcoin-up-or-down-september-4-2026-7pm-et,0.605,0.56198970311192,BUY_NO,633.5049481346666,0.12079853888888888,14049.429643999998,0.6,0.61,0.010000000000000009,87.70230000000001,160.15230000000003,701.9773,348.28499999999997,235.215,285.615,1
2026-09-05T00:03:14.516373+00:00,hourly,bitcoin-up-or-down-september-4-2026-8pm-et,0.455,0.3991628025795163,NO_TRADE,0.0,0.9459676741666667,20.0,0.45,0.46,0.010000000000000009,59.255,208.05499999999998,496.2458,301.39,363.11,589.115,0
2026-09-05T00:12:34.105009+00:00,hourly,bitcoin-up-or-down-september-4-2026-8pm-et,0.625,0.5990912610289718,NO_TRADE,0.0,0.790526386388889,2174.5661859999996,0.62,0.63,0.010000000000000009,74.6726,275.8346,662.6673999999999,383.7244,239.6456,348.2456,0
2026-09-05T00:22:35.401615+00:00,hourly,bitcoin-up-or-down-september-4-2026-8pm-et,0.405,0.3484716699157665,NO_TRADE,0.0,0.6234995513888888,2174.5661859999996,0.4,0.41,0.009999999999999953,164.03,342.48,598.38,199.135,303.865,440.265,0
2026-09-05T00:32:25.625805+00:00,hourly,bitcoin-up-or-down-september-4-2026-8pm-et,0.625,0.6225949034462648,NO_TRADE,0.0,0.45954838750000004,9625.898384,0.62,0.63,0.010000000000000009,415.285,560.5600000000001,811.1550000000001,39.85,25.15,101.15,0
2026-09-05T00:41:59.417369+00:00,hourly,bitcoin-up-or-down-september-4-2026-8pm-et,0.435,0.4057534664546162,NO_TRADE,0.0,0.30016184194444445,13662.939701000001,0.43,0.44,0.010000000000000009,194.681,248.8092,628.9542,132.88,183.12,368.6101,0
2026-09-05T00:52:05.384766+00:00,hourly,bitcoin-up-or-down-september-4-2026-8pm-et,0.195,0.17816087305667377,NO_TRADE,0.0,0.131837565,13662.939701000001,0.19,0.2,0.010000000000000009,15.6,55.2,188.5768,12.0013,53.268699999999995,57.418699999999994,0
2026-09-05T01:02:59.192815+00:00,hourly,bitcoin-up-or-down-september-4-2026-9pm-et,0.505,0.44173835422972424,NO_TRADE,0.0,0.9502242180555556,717.270867,0.5,0.51,0.010000000000000009,627.245,859.8991000000001,1087.2841,63.39999999999999,65.5,250.1,0
2026-09-05T01:12:41.036513+00:00,hourly,bitcoin-up-or-down-september-4-2026-9pm-et,0.725,0.7138801174252005,NO_TRADE,0.0,0.7886009686111111,2234.418806999999,0.72,0.73,0.010000000000000009,680.4512,1454.0762,1980.488,529.15,215.84999999999997,250.34999999999997,0
2026-09-05T01:22:59.187184+00:00,hourly,bitcoin-up-or-down-september-4-2026-9pm-et,0.71,0.684589156887939,NO_TRADE,0.0,0.616892448888889,8068.9017619999995,0.7,0.72,0.020000000000000018,367.475,640.165,1237.29,72.38,31.619999999999997,110.02000000000001,0
2026-09-05T01:32:45.246283+00:00,hourly,bitcoin-up-or-down-september-4-2026-9pm-et,0.825,0.808106712875549,NO_TRADE,0.0,0.45409825472222226,8068.9017619999995,0.82,0.83,0.010000000000000009,402.5697,609.5447,1308.1347,653.49,145.51,222.11,0
2026-09-05T01:42:30.959650+00:00,hourly,bitcoin-up-or-down-september-4-2026-9pm-et,0.825,0.8004544970091096,NO_TRADE,0.0,0.2914000972222222,10262.603860000001,0.82,0.83,0.010000000000000009,182.49,261.96500000000003,955.7900000000001,952.275,213.22500000000002,275.925,0
2026-09-05T01:52:28.068820+00:00,hourly,bitcoin-up-or-down-september-4-2026-9pm-et,0.655,0.6215368015324005,NO_TRADE,0.0,0.12553643888888888,10262.603860000001,0.65,0.66,0.010000000000000009,65.26,65.26,114.56,82.48,46.519999999999996,81.115,0
2026-09-05T02:03:03.057296+00:00,hourly,bitcoin-up-or-down-september-4-2026-10pm-et,0.405,0.3268338918605465,NO_TRADE,0.0,0.9491507511111111,191.132073,0.4,0.41,0.009999999999999953,262.45,291.9781,626.9531,306.225,468.125,666.525,1
2026-09-05T02:12:04.922494+00:00,hourly,bitcoin-up-or-down-september-4-2026-10pm-et,0.615,0.5919050010207105,NO_TRADE,0.0,0.7986326405555556,2738.187757,0.61,0.62,0.010000000000000009,317.095,522.8486,1137.2596,731.6,413.4,580.885,1
2026-09-05T02:22:26.130309+00:00,hourly,bitcoin-up-or-down-september-4-2026-10pm-et,0.685,0.6556219510300993,NO_TRADE,0.0,0.6260749141666666,2738.187757,0.68,0.69,0.009999999999999898,492.9799999999999,1182.8444,1297.3443999999997,116.3177,56.9923,355.1723,1
2026-09-05T02:32:23.923694+00:00,hourly,bitcoin-up-or-down-september-4-2026-10pm-et,0.615,0.5698537243133792,BUY_NO,557.9262031999999,0.4600211961111111,5579.262031999999,0.61,0.62,0.010000000000000009,282.0,403.2352,603.1852,221.135,145.865,186.25,1
2026-09-05T02:42:37.618846+00:00,hourly,bitcoin-up-or-down-september-4-2026-10pm-et,0.895,0.9048568570261674,NO_TRADE,0.0,0.2895503205555555,13813.020328999999,0.89,0.9,0.010000000000000009,1020.1909,1205.5709000000002,1456.9309,155.26,20.24,68.795,1
2026-09-05T02:52:35.383264+00:00,hourly,bitcoin-up-or-down-september-4-2026-10pm-et,0.725,0.703749219615151,NO_TRADE,0.0,0.12350464888888889,13813.020328999999,0.72,0.73,0.010000000000000009,76.9,162.34,1039.3378,732.8797999999999,288.4602,354.9102,1
2026-09-05T03:02:34.801516+00:00,hourly,bitcoin-up-or-down-september-4-2026-11pm-et,0.505,0.46545467449476746,NO_TRADE,0.0,0.9569995788888889,222.15267800000004,0.5,0.51,0.010000000000000009,176.44,384.995,666.5050000000001,172.58499999999998,95.41499999999999,271.799,1
2026-09-05T03:12:45.906780+00:00,hourly,bitcoin-up-or-down-september-4-2026-11pm-et,0.415,0.3691949744307884,NO_TRADE,0.0,0.7872481166666667,742.480973,0.41,0.42,0.010000000000000009,311.5,359.9,979.265,375.58500000000004,551.415,1123.4180999999999,1
2026-09-05T03:22:26.771584+00:00,hourly,bitcoin-up-or-down-september-4-2026-11pm-et,0.515,0.5026260260762582,NO_TRADE,0.0,0.6258967822222222,742.480973,0.51,0.52,0.010000000000000009,176.815,338.005,1025.02,179.05,490.95,654.405,1
2026-09-05T03:32:28.184352+00:00,hourly,bitcoin-up-or-down-september-4-2026-11pm-et,0.665,0.6401459150401496,NO_TRADE,0.0,0.45883768,4774.8372500000005,0.66,0.67,0.010000000000000009,705.9250000000001,913.96,1309.3492,36.1,1.7999999999999998,1.7999999999999998,1
2026-09-05T03:42:37.999861+00:00,hourly,bitcoin-up-or-down-september-4-2026-11pm-et,0.805,0.799287606563802,NO_TRADE,0.0,0.28944448305555553,6458.183641000002,0.8,0.81,0.010000000000000009,820.5855999999999,1003.1855999999999,1700.1856,173.0002,44.1798,204.0098,1
2026-09-05T03:52:34.074280+00:00,hourly,bitcoin-up-or-down-september-4-2026-11pm-et,0.845,0.8284808088957806,NO_TRADE,0.0,0.12386825555555556,6458.183641000002,0.84,0.85,0.010000000000000009,163.2,376.35,1307.45,656.47,125.28,159.48,1
2026-09-05T04:03:12.766727+00:00,hourly,bitcoin-up-or-down-september-5-2026-12am-et,0.365,0.29946219205071656,NO_TRADE,0.0,0.9464536869444444,196.274508,0.36,0.37,0.010000000000000009,7.4,67.85000000000001,468.0,449.5113,814.4087,966.2021,0
2026-09-05T04:12:07.151801+00:00,hourly,bitcoin-up-or-down-september-5-2026-12am-et,0.295,0.24285618140529236,NO_TRADE,0.0,0.7980133886111112,1587.1484100000005,0.29,0.3,0.010000000000000009,200.265,304.8218,405.40850000000006,237.23000000000002,601.27,1244.7649999999999,0
2026-09-05T04:22:07.336207+00:00,hourly,bitcoin-up-or-down-september-5-2026-12am-et,0.415,0.3812391858988349,NO_TRADE,0.0,0.6312954980555556,1587.1484100000005,0.41,0.42,0.010000000000000009,131.845,534.3834,940.7973000000002,447.27000000000004,667.03,815.5649999999999,0
2026-09-05T04:33:03.543954+00:00,hourly,bitcoin-up-or-down-september-5-2026-12am-et,0.28500000000000003,0.2503376363886213,NO_TRADE,0.0,0.44901556833333334,3915.2042140000003,0.28,0.29,0.009999999999999953,248.96239999999995,339.94739999999996,501.03239999999994,74.54580000000001,195.9942,372.8838,0
2026-09-05T04:42:44.177014+00:00,hourly,bitcoin-up-or-down-september-5-2026-12am-et,0.155,0.13519694661520434,NO_TRADE,0.0,0.2877286072222222,5078.518348000001,0.15,0.16,0.010000000000000009,5.04,149.04,211.011,148.98000000000002,854.22,962.8743000000001,0
2026-09-05T04:52:34.595245+00:00,hourly,bitcoin-up-or-down-september-5-2026-12am-et,0.060000000000000005,0.051368672706460346,NO_TRADE,0.0,0.12372354305555557,5078.518348000001,0.05,0.07,0.020000000000000004,86.275,108.19,125.91999999999999,37.32,868.88,1014.38,0
2026-09-05T05:03:06.061837+00:00,hourly,bitcoin-up-or-down-september-5-2026-1am-et,0.375,0.2934202288904711,NO_TRADE,0.0,0.9483161563888889,692.311305,0.37,0.38,0.010000000000000009,127.15,205.662,315.827,46.7821,81.0479,178.5479,1
2026-09-05T05:12:35.276976+00:00,hourly,bitcoin-up-or-down-september-5-2026-1am-et,0.645,0.6298904683346891,NO_TRADE,0.0,0.79020084,2204.3860619999996,0.64,0.65,0.010000000000000009,321.54,435.44000000000005,921.4809,693.6817,393.9083,561.6783,1
2026-09-05T05:22:25.516078+00:00,hourly,bitcoin-up-or-down-september-5-2026-1am-et,0.675,0.6738285589258116,NO_TRADE,0.0,0.6262455338888888,2204.3860619999996,0.67,0.68,0.010000000000000009,413.545,723.995,1343.5349999999999,122.37990000000002,62.59010000000001,132.5901,1
2026-09-05T05:31:54.239659+00:00,hourly,bitcoin-up-or-down-september-5-2026-1am-et,0.865,0.8584839866248609,NO_TRADE,0.0,0.46826676138888884,8818.461606999997,0.86,0.87,0.010000000000000009,583.55,866.0182,2035.3902000000003,894.6030000000001,148.27700000000002,181.5234,1
2026-09-05T05:41:39.118888+00:00,hourly,bitcoin-up-or-down-september-5-2026-1am-et,0.895,0.8842835034937887,NO_TRADE,0.0,0.30580030888888887,11001.538310999998,0.89,0.9,0.010000000000000009,639.482,905.592,1527.4625999999998,289.13,37.870000000000005,144.47000000000003,1
2026-09-05T05:52:29.065995+00:00,hourly,bitcoin-up-or-down-september-5-2026-1am-et,0.795,0.7690741741604863,NO_TRADE,0.0,0.12525944583333334,11001.538310999998,0.79,0.8,0.010000000000000009,217.51500000000001,396.685,1518.45,509.55,135.45,206.75,1
2026-09-05T06:03:17.836764+00:00,hourly,bitcoin-up-or-down-september-5-2026-2am-et,0.525,0.5266121612583198,NO_TRADE,0.0,0.9450453433333333,211.172767,0.52,0.53,0.010000000000000009,176.14260000000002,341.1426,825.0379,531.765,494.735,755.735,1
2026-09-05T06:12:04.545390+00:00,hourly,bitcoin-up-or-down-september-5-2026-2am-et,0.635,0.6163799169057528,NO_TRADE,0.0,0.7987373916666666,2241.6585540000005,0.63,0.64,0.010000000000000009,303.7936,490.91020000000003,1391.6186,678.5527999999999,402.50719999999995,510.34219999999993,1
2026-09-05T06:22:32.849703+00:00,hourly,bitcoin-up-or-down-september-5-2026-2am-et,0.695,0.6803179838522957,NO_TRADE,0.0,0.6242084158333334,2241.6585540000005,0.69,0.7,0.010000000000000009,689.285,836.9282,1215.272,204.7,95.30000000000001,445.1,1
2026-09-05T06:32:55.619236+00:00,hourly,bitcoin-up-or-down-september-5-2026-2am-et,0.835,0.8217275546227948,NO_TRADE,0.0,0.4512168788888889,4537.708175000002,0.83,0.84,0.010000000000000009,662.3,1023.5,1216.2231,498.8762,106.78380000000001,272.7488,1
2026-09-05T06:42:55.159641+00:00,hourly,bitcoin-up-or-down-september-5-2026-2am-et,0.915,0.9123302424497125,NO_TRADE,0.0,0.2846778775,5992.034531999998,0.91,0.92,0.010000000000000009,291.195,1159.2849999999999,1790.7327999999998,1128.9,116.1,147.22449999999998,1
2026-09-05T06:52:26.792470+00:00,hourly,bitcoin-up-or-down-september-5-2026-2am-et,0.9844999999999999,0.9809924815577524,NO_TRADE,0.0,0.12589098055555556,5992.034531999998,0.983,0.986,0.0030000000000000027,964.1259,2477.1109,2477.1109,131.74636999999998,3.14363,31.24413,1
2026-09-05T07:03:09.816170+00:00,hourly,bitcoin-up-or-down-september-5-2026-3am-et,0.615,0.575077477332917,NO_TRADE,0.0,0.9472732861111111,216.364507,0.6,0.63,0.030000000000000027,870.0903000000001,1097.8763000000001,1384.3713000000002,81.62699999999998,55.443,443.313,1
2026-09-05T07:12:44.713452+00:00,hourly,bitcoin-up-or-down-september-5-2026-3am-et,0.62,0.6002154671076506,NO_TRADE,0.0,0.7875795966666667,4941.343103,0.61,0.63,0.020000000000000018,612.0600000000001,716.4825000000001,928.3475000000001,133.585,86.415,352.915,1
2026-09-05T07:22:47.126458+00:00,hourly,bitcoin-up-or-down-september-5-2026-3am-et,0.695,0.6780870632060202,NO_TRADE,0.0,0.6202426505555555,6302.023195999999,0.69,0.7,0.010000000000000009,225.50099999999998,390.7698,989.9308,109.50760000000001,51.0324,119.1774,1
2026-09-05T07:32:59.511686+00:00,hourly,bitcoin-up-or-down-september-5-2026-3am-et,0.81,0.799828231101511,NO_TRADE,0.0,0.4501356427777778,6302.023195999999,0.8,0.82,0.019999999999999907,667.0802,887.3281999999999,1335.5847,214.05,55.949999999999996,150.22,1
2026-09-05T07:42:40.625618+00:00,hourly,bitcoin-up-or-down-september-5-2026-3am-et,0.91,0.8997562055035134,NO_TRADE,0.0,0.2887151061111111,7992.228394999998,0.9,0.92,0.020000000000000018,325.71000000000004,1077.71,1849.385,139.2,15.8,45.4352,1
2026-09-05T07:52:37.430247+00:00,hourly,bitcoin-up-or-down-september-5-2026-3am-et,0.985,0.9836782758655935,NO_TRADE,0.0,0.1229360425,7992.228394999998,0.98,0.99,0.010000000000000009,2696.39781,2696.39781,2696.39781,773.32158,19.60842,23.66912,1
2026-09-05T08:03:12.284325+00:00,hourly,bitcoin-up-or-down-september-5-2026-4am-et,0.39,0.3214705761888848,NO_TRADE,0.0,0.9465876875,267.063018,0.38,0.4,0.020000000000000018,299.947,308.347,414.372,328.155,557.345,634.145,0
2026-09-05T08:12:45.650771+00:00,hourly,bitcoin-up-or-down-september-5-2026-4am-et,0.405,0.34810730947381396,NO_TRADE,0.0,0.7873192302777777,1903.435899,0.4,0.41,0.009999999999999953,122.86959999999999,223.33909999999997,766.3776,419.495,546.005,705.035,0
2026-09-05T08:22:40.277617+00:00,hourly,bitcoin-up-or-down-september-5-2026-4am-et,0.225,0.19759595214824488,NO_TRADE,0.0,0.6221451063888889,6433.219339000002,0.22,0.23,0.010000000000000009,201.4721,266.9721,411.5598,20.8012,193.6542,322.6542,0
2026-09-05T08:32:53.014650+00:00,hourly,bitcoin-up-or-down-september-5-2026-4am-et,0.07500000000000001,0.05799790157778238,NO_TRADE,0.0,0.451940375,6433.219339000002,0.07,0.08,0.009999999999999995,9.56,15.06,63.3758,76.305,1053.195,1339.62,0
2026-09-05T08:42:37.175608+00:00,hourly,bitcoin-up-or-down-september-5-2026-4am-et,0.08499999999999999,0.07165211338339825,NO_TRADE,0.0,0.28967344222222224,11248.435860000001,0.08,0.09,0.009999999999999995,89.98899999999999,103.57399999999998,185.7568,32.6717,404.8183,633.7083,0
2026-09-05T08:52:12.229737+00:00,hourly,bitcoin-up-or-down-september-5-2026-4am-et,0.021,0.01843991735596736,NO_TRADE,0.0,0.12993618416666666,11248.435860000001,0.013,0.029,0.016,22.5342,67.01762,95.16582,14.5536,1251.8064,3723.8714,0
2026-09-05T09:03:07.349237+00:00,hourly,bitcoin-up-or-down-september-5-2026-5am-et,0.615,0.6088237132331837,NO_TRADE,0.0,0.9479585452777778,6.976791,0.61,0.62,0.010000000000000009,70.41499999999999,83.21499999999999,323.81499999999994,34.728,22.902000000000005,27.002000000000002,0
2026-09-05T09:12:08.616273+00:00,hourly,bitcoin-up-or-down-september-5-2026-5am-et,0.695,0.67705557162786,NO_TRADE,0.0,0.7976065908333333,1867.4676329999998,0.69,0.7,0.010000000000000009,196.08299999999997,217.68299999999996,350.883,155.7678,70.8522,92.3022,0
2026-09-05T09:22:47.001825+00:00,hourly,bitcoin-up-or-down-september-5-2026-5am-et,0.725,0.69041249511284,NO_TRADE,0.0,0.6202772708333334,1867.4676329999998,0.72,0.73,0.010000000000000009,428.57280000000003,481.07280000000003,760.8428000000001,24.339999999999996,9.66,32.16,0
2026-09-05T09:32:41.676090+00:00,hourly,bitcoin-up-or-down-september-5-2026-5am-et,0.76,0.7338070304669375,NO_TRADE,0.0,0.45508997500000004,3369.849096,0.75,0.77,0.020000000000000018,370.9816,584.0604000000001,879.9604,67.551,4.9,25.999000000000002,0
2026-09-05T09:42:40.972286+00:00,hourly,bitcoin-up-or-down-september-5-2026-5am-et,0.655,0.6129855118461127,NO_TRADE,0.0,0.28861880944444446,4303.8307970000005,0.65,0.66,0.010000000000000009,46.3782,80.37819999999999,774.6657,594.615,322.385,408.03999999999996,0
2026-09-05T09:52:35.909823+00:00,hourly,bitcoin-up-or-down-september-5-2026-5am-et,0.535,0.4891184910889032,NO_TRADE,0.0,0.12335838249999999,4303.8307970000005,0.53,0.54,0.010000000000000009,488.78000000000003,541.14,914.1089999999999,47.67080000000001,43.6192,95.80420000000001,0
2026-09-05T10:03:08.578730+00:00,hourly,bitcoin-up-or-down-september-5-2026-6am-et,0.565,0.5075818207081731,NO_TRADE,0.0,0.9476170194444444,14.705879,0.56,0.57,0.009999999999999898,546.5355999999999,646.8355999999999,870.5755999999999,42.451,34.369,60.5062,0
2026-09-05T10:12:04.904227+00:00,hourly,bitcoin-up-or-down-september-5-2026-6am-et,0.485,0.43233001666068743,NO_TRADE,0.0,0.7986377147222222,414.40811900000006,0.48,0.49,0.010000000000000009,150.70999999999998,270.97819999999996,942.0593000000001,464.08539999999994,506.7346,609.3346,0
2026-09-05T10:22:13.380277+00:00,hourly,bitcoin-up-or-down-september-5-2026-6am-et,0.395,0.3434778337497696,NO_TRADE,0.0,0.6296165897222221,414.40811900000006,0.39,0.4,0.010000000000000009,408.5142,521.9142,655.8142,118.35000000000001,191.64999999999998,330.2437,0
2026-09-05T10:32:57.790516+00:00,hourly,bitcoin-up-or-down-september-5-2026-6am-et,0.595,0.5604323130539112,NO_TRADE,0.0,0.45061374555555556,2265.414883,0.59,0.6,0.010000000000000009,217.2543,353.65430000000003,872.5543,506.20939999999996,355.4306,385.53060000000005,0
2026-09-05T10:42:29.200469+00:00,hourly,bitcoin-up-or-down-september-5-2026-6am-et,0.525,0.5050036177754738,NO_TRADE,0.0,0.2918887586111111,10443.824735999999,0.52,0.53,0.010000000000000009,202.84810000000002,261.4671,583.4952999999999,40.0046,37.6354,211.7854,0
2026-09-05T10:52:08.337926+00:00,hourly,bitcoin-up-or-down-september-5-2026-6am-et,0.31,0.2827433066072115,NO_TRADE,0.0,0.1310172427777778,10443.824735999999,0.3,0.32,0.020000000000000018,61.1,73.2788,93.87080000000002,98.97979999999998,237.41019999999997,359.81019999999995,0
2026-09-05T11:03:19.180607+00:00,hourly,bitcoin-up-or-down-september-5-2026-7am-et,0.565,0.5331169346391983,NO_TRADE,0.0,0.9446720536111112,2.0,0.56,0.57,0.009999999999999898,186.04559999999998,746.5455999999999,1125.8936,524.9244,429.04560000000004,473.52760000000006,0
2026-09-05T11:12:36.055461+00:00,hourly,bitcoin-up-or-down-september-5-2026-7am-et,0.705,0.6889302636828092,NO_TRADE,0.0,0.7899845941666667,1051.7786010000002,0.7,0.71,0.010000000000000009,522.0999999999999,792.1999999999998,1720.2099999999998,559.2557999999999,241.56419999999997,304.2906,0
2026-09-05T11:22:30.707404+00:00,hourly,bitcoin-up-or-down-september-5-2026-7am-et,0.525,0.4643749783462282,NO_TRADE,0.0,0.6248034988888889,1051.7786010000002,0.52,0.53,0.010000000000000009,472.38430000000005,627.3853,1021.4619000000001,154.1342,147.2858,729.2058,0
2026-09-05T11:32:50.145100+00:00,hourly,bitcoin-up-or-down-september-5-2026-7am-et,0.625,0.5987552026890401,NO_TRADE,0.0,0.4527374722222222,5993.932837000001,0.62,0.63,0.010000000000000009,280.2272,520.7272,1317.3178,560.393,345.467,359.79499999999996,0
2026-09-05T11:42:37.894178+00:00,hourly,bitcoin-up-or-down-september-5-2026-7am-et,0.555,0.5223824407429478,NO_TRADE,0.0,0.28947383944444444,7083.50006,0.55,0.56,0.010000000000000009,192.8478,363.94780000000003,896.4238,667.568,550.192,641.842,0
2026-09-05T11:52:33.585590+00:00,hourly,bitcoin-up-or-down-september-5-2026-7am-et,0.895,0.8894708214210055,NO_TRADE,0.0,0.12400400277777777,7083.50006,0.89,0.9,0.010000000000000009,145.56600000000003,890.7660000000001,1234.716,839.6722,111.87780000000001,113.93440000000001,0
2026-09-05T12:03:12.555696+00:00,hourly,bitcoin-up-or-down-september-5-2026-8am-et,0.665,0.625411313315308,NO_TRADE,0.0,0.9465123066666667,44.073052000000004,0.66,0.67,0.010000000000000009,535.6370000000001,675.2585,1497.1585,466.5634,242.9266,304.1266,1
2026-09-05T12:13:21.089199+00:00,hourly,bitcoin-up-or-down-september-5-2026-8am-et,0.71,0.6944106669750489,NO_TRADE,0.0,0.7774752225,1261.098217,0.7,0.72,0.020000000000000018,761.8976,924.6976,1612.5755,462.02109999999993,202.8089,493.62489999999997,1
2026-09-05T12:22:39.445384+00:00,hourly,bitcoin-up-or-down-september-5-2026-8am-et,0.705,0.6626967750626537,NO_TRADE,0.0,0.6223762822222222,1261.098217,0.7,0.71,0.010000000000000009,57.3,663.1999999999999,896.6999999999998,1087.1419999999998,480.918,560.534,1
2026-09-05T12:32:22.769995+00:00,hourly,bitcoin-up-or-down-september-5-2026-8am-et,0.665,0.6276312514704215,NO_TRADE,0.0,0.46034166805555554,3944.031378,0.66,0.67,0.010000000000000009,155.0076,283.22339999999997,935.442,30.11,15.89,260.69,1
2026-09-05T12:42:35.746455+00:00,hourly,bitcoin-up-or-down-september-5-2026-8am-et,0.97,0.9725998901069071,NO_TRADE,0.0,0.2900704291666667,6584.673318,0.96,0.98,0.020000000000000018,1944.2064,1944.2064,1944.2064,372.579,19.241,40.9598,1
2026-09-05T12:52:41.710752+00:00,hourly,bitcoin-up-or-down-september-5-2026-8am-et,0.9784999999999999,0.976536097078838,NO_TRADE,0.0,0.12174701333333333,6584.673318,0.97,0.987,0.017000000000000015,1434.51426,1469.4792599999998,1469.4792599999998,1203.51055,43.45945,48.21595,1
2026-09-05T13:02:57.814305+00:00,hourly,bitcoin-up-or-down-september-5-2026-9am-et,0.46499999999999997,0.4069284952445835,NO_TRADE,0.0,0.9506071375,46.82584799999999,0.46,0.47,0.009999999999999953,21.82,31.62,412.7664,375.8544,445.7856,468.18559999999997,0
2026-09-05T13:12:43.288502+00:00,hourly,bitcoin-up-or-down-september-5-2026-9am-et,0.415,0.365246177238103,NO_TRADE,0.0,0.7879754161111111,3098.2694370000004,0.41,0.42,0.010000000000000009,330.897,454.801,663.3199999999999,159.25,235.75,527.94,0
2026-09-05T13:22:12.126863+00:00,hourly,bitcoin-up-or-down-september-5-2026-9am-et,0.575,0.559781706668166,NO_TRADE,0.0,0.6299647602777778,3098.2694370000004,0.57,0.58,0.010000000000000009,273.08939999999996,441.1013999999999,1083.4013999999997,636.0192,485.8008,590.1197999999999,0
2026-09-05T13:32:46.648538+00:00,hourly,bitcoin-up-or-down-september-5-2026-9am-et,0.695,0.6927285853545129,NO_TRADE,0.0,0.45370873944444445,7797.403960999999,0.69,0.7,0.010000000000000009,278.4212,865.8116,1385.007,496.22360000000003,233.2964,294.617,0
2026-09-05T13:42:39.369385+00:00,hourly,bitcoin-up-or-down-september-5-2026-9am-et,0.325,0.26813455923076857,BUY_NO,1076.2281847000002,0.2890640597222222,10762.281847,0.32,0.33,0.010000000000000009,365.69880000000006,401.61230000000006,477.33810000000005,99.95,237.04999999999998,370.04999999999995,0
2026-09-05T13:52:06.718825+00:00,hourly,bitcoin-up-or-down-september-5-2026-9am-et,0.11499999999999999,0.09951806931897886,NO_TRADE,0.0,0.13146699305555556,10762.281847,0.11,0.12,0.009999999999999995,137.5866,151.7196,185.3196,113.18200000000002,1003.638,1191.8442,0
2026-09-05T14:02:29.929805+00:00,hourly,bitcoin-up-or-down-september-5-2026-10am-et,0.655,0.601592774651096,NO_TRADE,0.0,0.9583528319444444,6.056602,0.65,0.66,0.010000000000000009,344.0928,643.9728,1351.3844000000001,550.6503,351.93969999999996,416.68969999999996,1
2026-09-05T14:12:37.644119+00:00,hourly,bitcoin-up-or-down-september-5-2026-10am-et,0.655,0.6367392505368431,NO_TRADE,0.0,0.7895433002777777,2059.604145999999,0.65,0.66,0.010000000000000009,806.8694,1202.507,1690.9118999999998,70.39529999999999,38.994699999999995,353.7981,1
2026-09-05T14:22:42.581922+00:00,hourly,bitcoin-up-or-down-september-5-2026-10am-et,0.735,0.6916534672181531,NO_TRADE,0.0,0.6215050216666667,2059.604145999999,0.73,0.74,0.010000000000000009,1209.17,1490.3700000000001,1820.8100000000002,135.86899999999997,51.771,63.371,1
2026-09-05T14:32:47.966289+00:00,hourly,bitcoin-up-or-down-september-5-2026-10am-et,0.915,0.9116267432874714,NO_TRADE,0.0,0.4533426975,6132.769723,0.91,0.92,0.010000000000000009,968.7,1230.96,1950.56,438.159,47.651,73.7078,1
2026-09-05T14:42:34.541592+00:00,hourly,bitcoin-up-or-down-september-5-2026-10am-et,0.955,0.9505671307445541,NO_TRADE,0.0,0.2904051133333333,10272.663452999997,0.95,0.96,0.010000000000000009,1295.3556,1795.1556,2850.4956,779.8299999999999,49.67,54.351600000000005,1
2026-09-05T14:52:47.823009+00:00,hourly,bitcoin-up-or-down-september-5-2026-10am-et,0.9935,0.9930761488307109,NO_TRADE,0.0,0.12004916416666667,12925.296149999995,0.99,0.997,0.007000000000000006,767.845,767.845,767.845,521.51514,8.47486,30.10486,1
2026-09-05T15:03:16.680197+00:00,hourly,bitcoin-up-or-down-september-5-2026-11am-et,0.575,0.5339107211825026,NO_TRADE,0.0,0.9453666119444444,21.207646,0.57,0.58,0.010000000000000009,153.6838,688.7758,1007.5258,625.0836,487.72639999999996,519.8294,1
2026-09-05T15:12:06.371157+00:00,hourly,bitcoin-up-or-down-september-5-2026-11am-et,0.475,0.42550287937232006,NO_TRADE,0.0,0.7982302341666666,1185.0334860000003,0.47,0.48,0.010000000000000009,463.79999999999995,564.91,923.9782,43.5272,50.2928,498.9938000000001,1
2026-09-05T15:22:36.923901+00:00,hourly,bitcoin-up-or-down-september-5-2026-11am-et,0.575,0.5421757035824443,NO_TRADE,0.0,0.6230766941666667,1185.0334860000003,0.57,0.58,0.010000000000000009,542.8388,642.3308,1191.936,78.1888,60.6512,159.65120000000002,1
2026-09-05T15:32:53.551236+00:00,hourly,bitcoin-up-or-down-september-5-2026-11am-et,0.485,0.4573306767395459,NO_TRADE,0.0,0.45179132333333333,6274.539602000001,0.48,0.49,0.010000000000000009,99.7,297.6616,979.7616,434.409,474.48100000000005,637.4638,1
2026-09-05T15:42:36.241521+00:00,hourly,bitcoin-up-or-down-september-5-2026-11am-et,0.595,0.5933653399979107,NO_TRADE,0.0,0.28993291083333333,12720.392638000003,0.59,0.6,0.010000000000000009,579.5602,725.7686,971.3686,306.4356,218.8844,309.537,1
2026-09-05T15:52:36.701921+00:00,hourly,bitcoin-up-or-down-september-5-2026-11am-et,0.675,0.6525647826995133,NO_TRADE,0.0,0.12313835527777776,12720.392638000003,0.66,0.69,0.029999999999999916,636.6478,662.0799999999999,886.2452,642.2930000000001,345.527,412.4222,1
2026-09-05T16:03:11.521778+00:00,hourly,bitcoin-up-or-down-september-5-2026-1pm-et,0.48,0.4590731079456611,NO_TRADE,0.0,1.946799506111111,0.0,0.47,0.49,0.020000000000000018,32.2006,164.8006,939.9406000000001,143.5654,164.2546,792.3546,1
2026-09-05T16:12:43.738439+00:00,hourly,bitcoin-up-or-down-september-5-2026-1pm-et,0.49,0.4373869936133982,NO_TRADE,0.0,1.7878504336111112,174.461472,0.47,0.51,0.040000000000000036,360.28870000000006,614.6887,2304.3087,107.1938,123.34620000000001,751.4462000000001,1
2026-09-05T16:22:39.053467+00:00,hourly,bitcoin-up-or-down-september-5-2026-1pm-et,0.48,0.4550051021909629,NO_TRADE,0.0,1.6224851480555555,174.461472,0.47,0.49,0.020000000000000018,281.34000000000003,501.6804000000001,1047.95,94.2406,108.7394,736.8394000000001,1
2026-09-05T16:32:49.213736+00:00,hourly,bitcoin-up-or-down-september-5-2026-1pm-et,0.48,0.4964018967379426,NO_TRADE,0.0,1.4529961844444446,498.906063,0.47,0.49,0.020000000000000018,285.03999999999996,538.8109,1047.6508999999999,92.32730000000001,106.26270000000001,167.86270000000002,1
2026-09-05T16:42:35.121387+00:00,hourly,bitcoin-up-or-down-september-5-2026-1pm-et,0.48,0.4392965350381328,NO_TRADE,0.0,1.2902440591666666,528.776063,0.47,0.49,0.020000000000000018,314.4332,565.3532,1159.9432000000002,147.1547,170.8553,254.45530000000002,1
2026-09-05T16:52:30.735467+00:00,hourly,bitcoin-up-or-down-september-5-2026-1pm-et,0.475,0.44713211009413867,NO_TRADE,0.0,1.1247957036111111,528.776063,0.46,0.49,0.02999999999999997,313.3758,561.7509,1072.8009,135.84640000000002,160.99360000000001,230.99360000000001,1
2026-09-05T17:03:13.012001+00:00,hourly,bitcoin-up-or-down-september-5-2026-1pm-et,0.545,0.5339518354114747,NO_TRADE,0.0,0.9463855552777778,558.456878,0.54,0.55,0.010000000000000009,73.99560000000001,131.577,242.03699999999998,350.80000000000007,299.2,380.79999999999995,1
2026-09-05T17:12:27.039725+00:00,hourly,bitcoin-up-or-down-september-5-2026-1pm-et,0.56,0.5367507999393417,NO_TRADE,0.0,0.7924889652777778,7670.9485380000015,0.55,0.57,0.019999999999999907,541.943,698.7768,1121.1254,41.692800000000005,35.1272,176.12720000000002,1
2026-09-05T17:22:37.666657+00:00,hourly,bitcoin-up-or-down-september-5-2026-1pm-et,0.545,0.4779482392978967,BUY_NO,767.0948538000002,0.6228703730555555,7670.9485380000015,0.54,0.55,0.010000000000000009,251.00000000000003,434.56280000000004,731.1704,103.5006,90.21940000000001,409.81300000000005,1
2026-09-05T17:32:58.001308+00:00,hourly,bitcoin-up-or-down-september-5-2026-1pm-et,0.575,0.5555345033193259,NO_TRADE,0.0,0.4505551922222222,14526.015029999995,0.57,0.58,0.010000000000000009,408.32739999999995,660.3273999999999,1030.3773999999999,40.8611,31.6289,56.2979,1
2026-09-05T17:42:15.468393+00:00,hourly,bitcoin-up-or-down-september-5-2026-1pm-et,0.355,0.3083290454008188,BUY_NO,1190.59870283375,0.2957032241666666,19675.708651999998,0.35,0.36,0.010000000000000009,298.4697,408.9813,859.2411,130.8688,251.9512,417.3206,1
2026-09-05T17:52:37.967312+00:00,hourly,bitcoin-up-or-down-september-5-2026-1pm-et,0.65,0.659766363367526,NO_TRADE,0.0,0.12278685777777779,19675.708651999998,0.64,0.66,0.020000000000000018,152.42940000000002,176.787,310.78700000000003,171.9231,98.4469,132.9585,1
2026-09-05T18:03:06.681612+00:00,hourly,bitcoin-up-or-down-september-5-2026-2pm-et,0.45499999999999996,0.38854973299330015,NO_TRADE,0.0,0.9481439966666667,1.960783,0.44,0.47,0.02999999999999997,130.72899999999998,244.32079999999996,360.76079999999996,185.7326,241.0874,726.443,0
2026-09-05T18:12:03.919171+00:00,hourly,bitcoin-up-or-down-september-5-2026-2pm-et,0.365,0.2864814928924715,NO_TRADE,0.0,0.7989113413888889,3632.6055299999994,0.36,0.37,0.010000000000000009,55.5,346.36980000000005,722.1718,50.596999999999994,108.47299999999998,660.7742000000001,0
2026-09-05T18:22:39.312061+00:00,hourly,bitcoin-up-or-down-september-5-2026-2pm-et,0.33999999999999997,0.2918721768941228,NO_TRADE,0.0,0.6224133163888889,3632.6055299999994,0.33,0.35,0.019999999999999962,348.6422,406.6656,665.9012,305.36310000000003,646.2469000000001,689.4271000000001,0
2026-09-05T18:32:17.832424+00:00,hourly,bitcoin-up-or-down-september-5-2026-2pm-et,0.325,0.2755287460607414,BUY_NO,882.5822255000002,0.46171321555555556,8825.822255000001,0.32,0.33,0.010000000000000009,342.9788,367.12879999999996,663.4764,22.316799999999997,47.4232,128.4972,0
2026-09-05T18:42:41.837193+00:00,hourly,bitcoin-up-or-down-september-5-2026-2pm-et,0.065,0.0536963364228552,NO_TRADE,0.0,0.28837855749999997,11958.808890999997,0.05,0.08,0.03,19.489399999999996,33.0714,163.04160000000002,42.35,672.15,1028.7899,0
2026-09-05T18:52:26.947381+00:00,hourly,bitcoin-up-or-down-september-5-2026-2pm-et,0.015,0.012113160600751694,NO_TRADE,0.0,0.1258479497222222,11958.808890999997,0.01,0.02,0.01,15.407329999999998,31.34733,100.55733000000001,10.752,1095.9479999999999,1095.9479999999999,0
2026-09-05T19:02:52.562717+00:00,hourly,bitcoin-up-or-down-september-5-2026-3pm-et,0.295,0.23684716189333999,NO_TRADE,0.0,0.9520659119444445,714.525288,0.29,0.3,0.010000000000000009,174.61919999999998,186.08159999999998,485.81290000000007,126.4238,319.3762,516.4762,0
2026-09-05T19:12:07.738173+00:00,hourly,bitcoin-up-or-down-september-5-2026-3pm-et,0.43,0.3639547479242848,NO_TRADE,0.0,0.7978505075,2594.4548259999997,0.42,0.44,0.020000000000000018,637.79,787.29,1012.94,200.84439999999998,284.9756,807.5756,0
2026-09-05T19:22:42.288182+00:00,hourly,bitcoin-up-or-down-september-5-2026-3pm-et,0.20500000000000002,0.16528759649036912,NO_TRADE,0.0,0.6215866161111112,2594.4548259999997,0.2,0.21,0.009999999999999981,149.35,222.95,472.09999999999997,97.81540000000001,399.6446,457.0446,0
2026-09-05T19:32:39.843607+00:00,hourly,bitcoin-up-or-down-september-5-2026-3pm-et,0.365,0.3323907010285668,NO_TRADE,0.0,0.45559899805555554,4960.90625,0.36,0.37,0.010000000000000009,341.7416,402.9014,711.0356,195.387,361.433,740.3192,0
2026-09-05T19:42:05.911824+00:00,hourly,bitcoin-up-or-down-september-5-2026-3pm-et,0.065,0.04508737656226866,NO_TRADE,0.0,0.29835782666666666,11482.788785999996,0.06,0.07,0.010000000000000009,39.57,62.997,105.63900000000001,40.6416,681.7184,949.5583999999999,0
2026-09-05T19:52:42.071502+00:00,hourly,bitcoin-up-or-down-september-5-2026-3pm-et,0.0055,0.004659702899681254,NO_TRADE,0.0,0.121646805,11482.788785999996,0.003,0.008,0.005,4.40764,15.640599999999997,64.96835999999999,3.715,1871.2849999999999,1871.2849999999999,0
2026-09-05T20:02:36.029561+00:00,hourly,bitcoin-up-or-down-september-5-2026-4pm-et,0.565,0.5028599269936317,NO_TRADE,0.0,0.9566584552777778,9.960782,0.56,0.57,0.009999999999999898,840.0529999999999,970.9267999999998,1145.633,92.3276,85.13239999999999,209.3324,0
2026-09-05T20:12:31.678030+00:00,hourly,bitcoin-up-or-down-september-5-2026-4pm-et,0.725,0.6972048374880521,NO_TRADE,0.0,0.7912005472222222,2826.8596240000006,0.72,0.73,0.010000000000000009,595.1368,845.2618,1536.7618,583.8922,227.92780000000002,252.4318,0
2026-09-05T20:22:24.306114+00:00,hourly,bitcoin-up-or-down-september-5-2026-4pm-et,0.605,0.5642855403731846,NO_TRADE,0.0,0.626581635,2826.8596240000006,0.6,0.61,0.010000000000000009,184.5,373.5,1202.2,543.1179,356.2921,401.8831,0
2026-09-05T20:32:43.256289+00:00,hourly,bitcoin-up-or-down-september-5-2026-4pm-et,0.43,0.40146997229006665,NO_TRADE,0.0,0.45465103083333336,11316.017580000003,0.42,0.44,0.020000000000000018,253.5088,327.946,906.6878,94.80619999999999,132.0138,294.0138,0
2026-09-05T20:42:12.575664+00:00,hourly,bitcoin-up-or-down-september-5-2026-4pm-et,0.525,0.5216386577264545,NO_TRADE,0.0,0.29650676000000004,18412.570838000003,0.52,0.53,0.010000000000000009,185.2428,333.7428,622.8428,83.2482,79.5718,136.9468,0
2026-09-05T20:52:43.853785+00:00,hourly,bitcoin-up-or-down-september-5-2026-4pm-et,0.565,0.5667549431949357,NO_TRADE,0.0,0.12115172638888888,22085.486544999996,0.56,0.57,0.009999999999999898,392.74299999999994,502.37679999999995,588.1189999999999,5.6000000000000005,4.4,4.4,0
2026-09-05T21:03:05.650046+00:00,hourly,bitcoin-up-or-down-september-5-2026-5pm-et,0.535,0.46732988627860267,NO_TRADE,0.0,0.9484305427777777,0.0,0.53,0.54,0.010000000000000009,88.251,612.8702000000001,1070.297,624.8916,572.2284,712.6525999999999,1
2026-09-05T21:12:35.501714+00:00,hourly,bitcoin-up-or-down-september-5-2026-5pm-et,0.655,0.6220120336774124,NO_TRADE,0.0,0.7901384127777777,957.521172,0.65,0.66,0.010000000000000009,553.0006,702.6006,1381.3006,390.0,210.0,213.8073,1
2026-09-05T21:22:44.707783+00:00,hourly,bitcoin-up-or-down-september-5-2026-5pm-et,0.815,0.8032047699081437,NO_TRADE,0.0,0.6209145047222223,957.521172,0.81,0.82,0.009999999999999898,427.15,1183.15,1296.6725000000001,589.6932,147.0268,151.2268,1
2026-09-05T21:32:38.982575+00:00,hourly,bitcoin-up-or-down-september-5-2026-5pm-et,0.805,0.7818675528087627,NO_TRADE,0.0,0.4558381736111111,4555.414389,0.8,0.81,0.010000000000000009,1399.6638,1421.7916,1662.6166,646.4218,177.0882,222.1882,1
2026-09-05T21:42:39.570961+00:00,hourly,bitcoin-up-or-down-september-5-2026-5pm-et,0.945,0.9388059026408341,NO_TRADE,0.0,0.28900806638888893,10375.812818,0.94,0.95,0.010000000000000009,959.84,1076.24,2346.3266000000003,58.9505,3.8995,4.8491,1
2026-09-05T21:52:44.567775+00:00,hourly,bitcoin-up-or-down-september-5-2026-5pm-et,0.9944999999999999,0.9946241877906649,NO_TRADE,0.0,0.12095339583333334,16653.783478,0.99,0.999,0.009000000000000008,14.985,14.985,14.985,569.9549999999999,10.045,10.045,1
2026-09-05T22:02:57.497940+00:00,hourly,bitcoin-up-or-down-september-5-2026-6pm-et,0.555,0.5125470817729195,NO_TRADE,0.0,0.9506950166666666,205.135223,0.55,0.56,0.010000000000000009,171.6474,349.60299999999995,728.4867999999999,153.3828,128.43720000000002,394.8426,0
2026-09-05T22:12:05.614231+00:00,hourly,bitcoin-up-or-down-september-5-2026-6pm-et,0.455,0.3935936994781993,NO_TRADE,0.0,0.7984404913888888,973.90067,0.45,0.46,0.010000000000000009,243.5654,669.239,1041.4008,343.4,436.6,799.5874,0
2026-09-05T22:22:40.474533+00:00,hourly,bitcoin-up-or-down-september-5-2026-6pm-et,0.345,0.30579642951058406,BUY_NO,557.2242486999997,0.6220904075,5572.242486999998,0.34,0.35,0.009999999999999953,226.49899999999997,298.649,535.549,363.0606,723.7594000000001,873.3594000000002,0
2026-09-05T22:32:55.319344+00:00,hourly,bitcoin-up-or-down-september-5-2026-6pm-et,0.255,0.2125721310915312,BUY_NO,557.2242486999997,0.45130018222222223,5572.242486999998,0.25,0.26,0.010000000000000009,262.02,273.5,467.7338,98.96179999999998,310.5182,426.0182,0
2026-09-05T22:42:35.295647+00:00,hourly,bitcoin-up-or-down-september-5-2026-6pm-et,0.095,0.08347927759480385,NO_TRADE,0.0,0.29019565361111116,10798.698365999997,0.09,0.1,0.010000000000000009,2.3793,77.9793,179.0906,67.3,752.7,771.3000000000001,0
2026-09-05T22:52:41.662511+00:00,hourly,bitcoin-up-or-down-september-5-2026-6pm-et,0.0155,0.013598337280863943,NO_TRADE,0.0,0.12176041361111112,13480.415984999998,0.012,0.019,0.006999999999999999,12.49,44.47661,63.63781,13.181999999999999,1595.018,3799.1316800000004,0
2026-09-05T23:03:07.369075+00:00,hourly,bitcoin-up-or-down-september-5-2026-7pm-et,0.435,0.37220897650004653,NO_TRADE,0.0,0.9479530347222223,14.980391000000001,0.43,0.44,0.010000000000000009,427.269,593.7062,907.5769999999999,158.4293,289.48069999999996,472.38069999999993,1
2026-09-05T23:12:38.238327+00:00,hourly,bitcoin-up-or-down-september-5-2026-7pm-et,0.375,0.31745321138734994,NO_TRADE,0.0,0.7893782425,1043.0017110000001,0.37,0.38,0.010000000000000009,113.45139999999999,440.17940000000004,651.9526,183.44,320.56,941.7194999999999,1
2026-09-05T23:22:07.459741+00:00,hourly,bitcoin-up-or-down-september-5-2026-7pm-et,0.505,0.4745402449890771,NO_TRADE,0.0,0.6312611830555556,1043.0017110000001,0.5,0.51,0.010000000000000009,239.9446,274.8292,865.2322000000001,463.5,466.5,638.1,1
2026-09-05T23:32:58.982756+00:00,hourly,bitcoin-up-or-down-september-5-2026-7pm-et,0.645,0.6214307072917333,NO_TRADE,0.0,0.45028256777777775,3776.603634,0.64,0.65,0.010000000000000009,535.733,797.0329999999999,1259.433,534.0896,312.30039999999997,333.20039999999995,1
2026-09-05T23:42:40.786044+00:00,hourly,bitcoin-up-or-down-september-5-2026-7pm-et,0.585,0.5657928174515161,NO_TRADE,0.0,0.28867054333333336,8076.7341799999995,0.58,0.59,0.010000000000000009,202.6841,233.1841,648.2841000000001,194.96739999999997,145.8526,197.0202,1
2026-09-05T23:52:26.073890+00:00,hourly,bitcoin-up-or-down-september-5-2026-7pm-et,0.92,0.9211590354585057,NO_TRADE,0.0,0.1260905861111111,8076.7341799999995,0.91,0.93,0.020000000000000018,89.49,165.10999999999999,211.04999999999998,371.8,38.2,42.6,1
2026-09-06T00:02:37.983496+00:00,hourly,bitcoin-up-or-down-september-5-2026-8pm-et,0.505,0.47392790051363554,NO_TRADE,0.0,0.9561156955555556,103.73013099999993,0.5,0.51,0.010000000000000009,180.2464,347.631,653.931,138.4518,141.8682,232.8682,1
2026-09-06T00:12:25.462508+00:00,hourly,bitcoin-up-or-down-september-5-2026-8pm-et,0.67,0.6629267257003979,NO_TRADE,0.0,0.7929270811111111,897.3830589999999,0.66,0.68,0.020000000000000018,552.6789,717.7529,1001.3568,65.5,34.5,281.1,1
2026-09-06T00:22:20.986797+00:00,hourly,bitcoin-up-or-down-september-5-2026-8pm-et,0.715,0.677753176692272,NO_TRADE,0.0,0.6275036675,897.3830589999999,0.71,0.72,0.010000000000000009,176.16,220.56,985.3561,193.7,81.3,200.64999999999998,1
2026-09-06T00:32:06.058778+00:00,hourly,bitcoin-up-or-down-september-5-2026-8pm-et,0.755,0.7248755579101842,NO_TRADE,0.0,0.46498367277777775,3384.1134239999997,0.75,0.76,0.010000000000000009,76.5,181.8,689.6835000000001,311.34999999999997,105.85,112.6,1
2026-09-06T00:41:59.469647+00:00,hourly,bitcoin-up-or-down-september-5-2026-8pm-et,0.835,0.8173529640581206,NO_TRADE,0.0,0.3001473202777778,10451.292114999998,0.83,0.84,0.010000000000000009,94.297,205.2542,761.7792,271.68059999999997,58.0694,62.8194,1
2026-09-06T00:52:19.336249+00:00,hourly,bitcoin-up-or-down-september-5-2026-8pm-et,0.975,0.9735027634748191,NO_TRADE,0.0,0.12796215305555556,10451.292114999998,0.97,0.98,0.010000000000000009,2575.9994,2575.9994,2575.9994,86.4599,2.8901,4.9401,1
2026-09-06T01:03:03.325302+00:00,hourly,bitcoin-up-or-down-september-5-2026-9pm-et,0.55,0.5062051903790293,NO_TRADE,0.0,0.949076305,677.1625939999999,0.54,0.56,0.020000000000000018,594.6174,741.0151999999999,883.3059,372.96740000000005,329.6726,368.1158,1
2026-09-06T01:12:38.531375+00:00,hourly,bitcoin-up-or-down-september-5-2026-9pm-et,0.785,0.7904955413311128,NO_TRADE,0.0,0.7892968402777778,3676.109468,0.78,0.79,0.010000000000000009,152.986,314.986,1406.4062,615.4313999999999,175.3886,216.647,1
2026-09-06T01:22:34.528825+00:00,hourly,bitcoin-up-or-down-september-5-2026-9pm-et,0.615,0.5429490112429257,NO_TRADE,0.0,0.6237419930555556,3676.109468,0.61,0.62,0.010000000000000009,171.2878,239.6526,920.0208,635.61,410.39,589.0762,1
2026-09-06T01:32:28.709806+00:00,hourly,bitcoin-up-or-down-september-5-2026-9pm-et,0.715,0.6743263124058616,BUY_NO,502.4463041427946,0.4586917205555555,6470.534474999998,0.71,0.72,0.010000000000000009,567.1301,1341.0369,1578.7569,550.8661999999999,235.5738,278.0159,1
2026-09-06T01:42:13.667200+00:00,hourly,bitcoin-up-or-down-september-5-2026-9pm-et,0.835,0.8299051195212745,NO_TRADE,0.0,0.29620355555555555,8134.864398000001,0.83,0.84,0.010000000000000009,341.1258,518.991,1597.1258,156.2,33.8,63.12649999999999,1
2026-09-06T01:52:34.543011+00:00,hourly,bitcoin-up-or-down-september-5-2026-9pm-et,0.985,0.9822017951519344,NO_TRADE,0.0,0.1237380525,8134.864398000001,0.98,0.99,0.010000000000000009,1324.62,1324.62,1324.62,520.9508,15.6892,28.1616,1
2026-09-06T02:02:58.413037+00:00,hourly,bitcoin-up-or-down-september-5-2026-10pm-et,0.475,0.41342314177665973,NO_TRADE,0.0,0.9504408230555557,98.313433,0.47,0.48,0.010000000000000009,477.5,492.5,1008.8661999999999,166.0054,190.8146,284.31460000000004,0
2026-09-06T02:12:05.407510+00:00,hourly,bitcoin-up-or-down-september-5-2026-10pm-et,0.515,0.4759998026419522,NO_TRADE,0.0,0.7984979138888889,5368.841127000001,0.5,0.53,0.030000000000000027,193.0128,367.2638,592.6638,255.18689999999998,264.4431,490.5131,0
2026-09-06T02:22:38.430800+00:00,hourly,bitcoin-up-or-down-september-5-2026-10pm-et,0.425,0.3601757904735016,BUY_NO,726.2337151,0.6226581111111111,7262.337151,0.42,0.43,0.010000000000000009,209.6334,226.20239999999998,769.7385999999999,132.7,187.3,356.48800000000006,0
2026-09-06T02:33:03.098355+00:00,hourly,bitcoin-up-or-down-september-5-2026-10pm-et,0.45,0.40272238026983637,BUY_NO,726.2337151,0.4491393458333333,7262.337151,0.44,0.46,0.020000000000000018,319.82259999999997,478.22259999999994,879.6225999999999,82.4334,106.20660000000001,214.5564,0
2026-09-06T02:42:05.006461+00:00,hourly,bitcoin-up-or-down-september-5-2026-10pm-et,0.345,0.3167891131602469,NO_TRADE,0.0,0.2986093163888889,8137.310449000002,0.34,0.35,0.009999999999999953,99.7922,168.91559999999998,365.59499999999997,39.03,76.97,219.77,0
2026-09-06T02:52:36.049396+00:00,hourly,bitcoin-up-or-down-september-5-2026-10pm-et,0.035,0.027014960031684705,NO_TRADE,0.0,0.12331961222222222,8137.310449000002,0.03,0.04,0.010000000000000002,13.694999999999999,22.695,54.230599999999995,10.7056,507.81440000000003,1664.8571,0
2026-09-06T03:02:30.873269+00:00,hourly,bitcoin-up-or-down-september-5-2026-11pm-et,0.485,0.43792671932969995,NO_TRADE,0.0,0.958090758611111,205.60137000000003,0.48,0.49,0.010000000000000009,545.11,808.6882,972.7292,114.36059999999999,127.4494,289.44939999999997,1
2026-09-06T03:12:40.718369+00:00,hourly,bitcoin-up-or-down-september-5-2026-11pm-et,0.525,0.47088502807841154,NO_TRADE,0.0,0.7886893419444444,878.2975310000002,0.52,0.53,0.010000000000000009,290.7828,829.4253000000001,1325.1845,171.97820000000002,174.9218,677.8318,1
2026-09-06T03:22:29.514534+00:00,hourly,bitcoin-up-or-down-september-5-2026-11pm-et,0.665,0.6368304469986834,NO_TRADE,0.0,0.6251348516666667,878.2975310000002,0.66,0.67,0.010000000000000009,264.3876,945.2934,1051.2,536.5,288.5,342.5,1
2026-09-06T03:32:24.561116+00:00,hourly,bitcoin-up-or-down-september-5-2026-11pm-et,0.685,0.6384616797382414,NO_TRADE,0.0,0.45984413444444444,3648.2616070000004,0.68,0.69,0.009999999999999898,88.43979999999999,217.53199999999998,1394.6046,745.4700000000001,355.53,374.8488,1
2026-09-06T03:42:13.916241+00:00,hourly,bitcoin-up-or-down-september-5-2026-11pm-et,0.955,0.9605497348961454,NO_TRADE,0.0,0.29613437750000005,9131.285404,0.95,0.96,0.010000000000000009,1020.6,1140.65,1973.2400000000002,385.575,22.925,87.03240000000001,1
2026-09-06T03:52:32.645760+00:00,hourly,bitcoin-up-or-down-september-5-2026-11pm-et,0.9895,0.9896181499365225,NO_TRADE,0.0,0.12426506666666667,9131.285404,0.989,0.99,0.0010000000000000009,133.6069,133.6069,133.6069,353.85,6.15,17.125,1
2026-09-06T04:02:56.419033+00:00,hourly,bitcoin-up-or-down-september-6-2026-12am-et,0.455,0.4037952837484243,NO_TRADE,0.0,0.9509947130555555,105.13078300000001,0.45,0.46,0.010000000000000009,260.489,397.6826,634.5944,26.365000000000002,19.335,116.23499999999999,0
2026-09-06T04:12:11.253958+00:00,hourly,bitcoin-up-or-down-september-6-2026-12am-et,0.39,0.3274651469566628,NO_TRADE,0.0,0.7968739005555556,1043.948248,0.38,0.4,0.020000000000000018,434.97220000000004,597.4366,961.2366,108.82419999999999,183.65579999999997,328.4878,0
2026-09-06T04:22:26.720142+00:00,hourly,bitcoin-up-or-down-september-6-2026-12am-et,0.125,0.09419945769507822,NO_TRADE,0.0,0.6259110716666666,1043.948248,0.12,0.13,0.010000000000000009,121.9484,140.8619,282.0619,32.939,261.961,1188.961,0
2026-09-06T04:32:53.195670+00:00,hourly,bitcoin-up-or-down-september-6-2026-12am-et,0.07500000000000001,0.05831801634739896,NO_TRADE,0.0,0.45189009166666666,3436.306837,0.07,0.08,0.009999999999999995,29.0138,211.2948,322.6651,73.2313,1109.7486999999999,1252.2486999999999,0
2026-09-06T04:42:22.189752+00:00,hourly,bitcoin-up-or-down-september-6-2026-12am-et,0.035,0.028710575387634323,NO_TRADE,0.0,0.29383618,7782.509955999999,0.03,0.04,0.010000000000000002,25.31286,81.22826,125.42626,25.8041,1014.9659,1896.0659,0
2026-09-06T04:52:38.777771+00:00,hourly,bitcoin-up-or-down-september-6-2026-12am-et,0.0015,0.0012130419629897968,NO_TRADE,0.0,0.12256173027777778,9507.421247999999,0.001,0.002,0.001,2.605,20.275,31.85661,0.09477,94.67523,94.67523,0
2026-09-06T05:03:39.346719+00:00,hourly,bitcoin-up-or-down-september-6-2026-1am-et,0.595,0.5319567194569689,NO_TRADE,0.0,0.9390703558333333,5.882349,0.59,0.6,0.010000000000000009,685.9922,801.2006,1351.6932,236.39999999999998,168.6,199.13,1
2026-09-06T05:12:39.778317+00:00,hourly,bitcoin-up-or-down-september-6-2026-1am-et,0.345,0.2817007802599432,NO_TRADE,0.0,0.7889504675000001,3601.1852409999997,0.34,0.35,0.009999999999999953,369.39119999999997,401.14459999999997,513.4187999999999,151.9706,336.84940000000006,561.2494,1
2026-09-06T05:22:40.620444+00:00,hourly,bitcoin-up-or-down-september-6-2026-1am-et,0.365,0.3119647901643944,NO_TRADE,0.0,0.6220498766666667,3601.1852409999997,0.36,0.37,0.010000000000000009,311.6916,353.3514,676.7756,59.6812,107.4888,164.13,1
2026-09-06T05:32:25.429983+00:00,hourly,bitcoin-up-or-down-september-6-2026-1am-et,0.495,0.4909253223816819,NO_TRADE,0.0,0.45960278250000003,7785.057113999999,0.49,0.5,0.010000000000000009,250.2554,349.0554,854.2578000000001,433.83469999999994,454.19530000000003,481.22530000000006,1
2026-09-06T05:42:38.319933+00:00,hourly,bitcoin-up-or-down-september-6-2026-1am-et,0.965,0.9728815596764122,NO_TRADE,0.0,0.2893555741666667,15133.990040000002,0.96,0.97,0.010000000000000009,535.52,724.8476,724.8476,546.483,28.657,49.9108,1
2026-09-06T05:52:37.607698+00:00,hourly,bitcoin-up-or-down-september-6-2026-1am-et,0.993,0.9909420001122599,NO_TRADE,0.0,0.12288675055555555,15133.990040000002,0.99,0.996,0.006000000000000005,632.01732,632.01732,632.01732,741.0459999999999,12.954,41.950149999999994,1
2026-09-06T06:03:11.566193+00:00,hourly,bitcoin-up-or-down-september-6-2026-2am-et,0.385,0.3136791006782491,NO_TRADE,0.0,0.9467871686111111,461.2208519999999,0.38,0.39,0.010000000000000009,223.68449999999999,289.5961,658.5282,260.6302,433.5498,552.4746,0
2026-09-06T06:12:33.591360+00:00,hourly,bitcoin-up-or-down-september-6-2026-2am-et,0.395,0.34673889187871,NO_TRADE,0.0,0.7906690666666667,1514.018273,0.39,0.4,0.010000000000000009,443.3962,674.1988,837.7728,133.5914,217.5486,352.9986,0
2026-09-06T06:22:44.428005+00:00,hourly,bitcoin-up-or-down-september-6-2026-2am-et,0.165,0.12917294965744527,NO_TRADE,0.0,0.6209922208333333,4323.931544,0.16,0.17,0.010000000000000009,152.45839999999998,158.20399999999998,238.12399999999997,97.58,534.17,1443.62,0
2026-09-06T06:32:54.417398+00:00,hourly,bitcoin-up-or-down-september-6-2026-2am-et,0.07500000000000001,0.05584913177112671,NO_TRADE,0.0,0.45155072277777775,4323.931544,0.07,0.08,0.009999999999999995,0.72,64.35900000000001,246.79500000000002,231.44630000000004,3097.6437000000005,4275.2732000000005,0
2026-09-06T06:42:36.117131+00:00,hourly,bitcoin-up-or-down-september-6-2026-2am-et,0.03,0.02366856501601077,NO_TRADE,0.0,0.28996746361111114,7523.901832,0.02,0.04,0.02,10.4429,19.4429,91.7526,25.98,2071.02,2071.02,0
2026-09-06T06:52:00.758548+00:00,hourly,bitcoin-up-or-down-september-6-2026-2am-et,0.0055,0.00429201728592479,NO_TRADE,0.0,0.13312262555555554,7523.901832,0.002,0.009,0.006999999999999999,3.4993999999999996,6.4494,31.868000000000002,4.3688400000000005,3262.55116,3262.55116,0
2026-09-06T07:03:10.466963+00:00,hourly,bitcoin-up-or-down-september-6-2026-3am-et,0.535,0.4996156012103586,NO_TRADE,0.0,0.9470925102777779,218.93167,0.53,0.54,0.010000000000000009,300.0966,857.3302000000001,1125.1176000000003,524.4764,483.3436,642.9954,1
2026-09-06T07:12:29.930568+00:00,hourly,bitcoin-up-or-down-september-6-2026-3am-et,0.305,0.23981097510329408,NO_TRADE,0.0,0.7916859533333332,1086.2899489999998,0.3,0.31,0.010000000000000009,254.13,277.5006,458.6672,99.6592,238.8208,346.82079999999996,1
2026-09-06T07:22:36.812109+00:00,hourly,bitcoin-up-or-down-september-6-2026-3am-et,0.665,0.6719878769697704,NO_TRADE,0.0,0.6231077475,10303.282748999998,0.66,0.67,0.010000000000000009,183.35000000000002,494.34680000000003,1312.7758,487.1804,258.6696,325.9248,1
2026-09-06T07:32:53.358422+00:00,hourly,bitcoin-up-or-down-september-6-2026-3am-et,0.62,0.5963100043954538,NO_TRADE,0.0,0.4518448827777778,10303.282748999998,0.61,0.63,0.020000000000000018,242.1234,721.0564,1423.9846000000002,566.1899999999999,362.81,561.6928,1
2026-09-06T07:42:40.985005+00:00,hourly,bitcoin-up-or-down-september-6-2026-3am-et,0.765,0.7615679442890394,NO_TRADE,0.0,0.2886152763888889,18283.682703,0.76,0.77,0.010000000000000009,132.10000000000002,377.6478,1616.6038,782.345,248.97499999999997,297.54819999999995,1
2026-09-06T07:52:40.177080+00:00,hourly,bitcoin-up-or-down-september-6-2026-3am-et,0.76,0.7529403038531182,NO_TRADE,0.0,0.12217303333333333,22116.604751000003,0.75,0.77,0.020000000000000018,604.7296,667.9296,1001.5296000000001,168.7968,10.05,63.8232,1
2026-09-06T08:03:19.790663+00:00,hourly,bitcoin-up-or-down-september-6-2026-4am-et,0.515,0.45001335880837673,NO_TRADE,0.0,0.944502593611111,7.843136,0.51,0.52,0.010000000000000009,326.1888,392.814,1183.804,569.6321,553.8979,661.4161,1
2026-09-06T08:12:02.134022+00:00,hourly,bitcoin-up-or-down-september-6-2026-4am-et,0.675,0.6622919506494498,NO_TRADE,0.0,0.7994072161111111,890.449278,0.67,0.68,0.010000000000000009,270.1644,508.8644,1480.5756,640.3694000000002,316.45060000000007,340.95060000000007,1
2026-09-06T08:22:21.032569+00:00,hourly,bitcoin-up-or-down-september-6-2026-4am-et,0.6,0.531197283592534,NO_TRADE,0.0,0.6274909530555556,890.449278,0.59,0.61,0.020000000000000018,595.1686000000001,913.8352000000001,1136.3207,169.20659999999998,20.369,142.5134,1
2026-09-06T08:32:56.099421+00:00,hourly,bitcoin-up-or-down-september-6-2026-4am-et,0.455,0.3986322255581509,NO_TRADE,0.0,0.4510834941666667,4773.208806000001,0.45,0.46,0.010000000000000009,466.30100000000004,570.3746000000001,1014.6264000000001,92.5008,114.3192,140.4366,1
2026-09-06T08:42:55.706351+00:00,hourly,bitcoin-up-or-down-september-6-2026-4am-et,0.28,0.24369206621008457,NO_TRADE,0.0,0.2845260136111111,9279.604541000002,0.27,0.29,0.019999999999999962,49.5878,49.5878,324.2396,255.06000000000003,695.9399999999999,868.4399999999999,1
2026-09-06T08:52:33.852319+00:00,hourly,bitcoin-up-or-down-september-6-2026-4am-et,0.415,0.3880576463411436,NO_TRADE,0.0,0.12392991138888888,9279.604541000002,0.41,0.42,0.010000000000000009,344.9326,427.1334,698.845,55.758,83.112,164.75439999999998,1
2026-09-06T09:03:04.825748+00:00,hourly,bitcoin-up-or-down-september-6-2026-5am-et,0.495,0.47993051746178633,NO_TRADE,0.0,0.9486595144444444,0.0,0.49,0.5,0.010000000000000009,88.5,572.1,785.3850000000001,438.3636,448.45640000000003,622.9960000000001,1
2026-09-06T09:12:27.759683+00:00,hourly,bitcoin-up-or-down-september-6-2026-5am-et,0.715,0.7063022037537927,NO_TRADE,0.0,0.7922889769444443,914.133238,0.71,0.72,0.010000000000000009,330.6,1129.7926,1252.6501,405.81719999999996,170.9228,402.64160000000004,1
2026-09-06T09:22:25.207858+00:00,hourly,bitcoin-up-or-down-september-6-2026-5am-et,0.905,0.905599782901752,NO_TRADE,0.0,0.6263311505555555,914.133238,0.9,0.91,0.010000000000000009,732.8844,766.197,1149.447,410.5778,47.4622,151.4806,1
2026-09-06T09:32:52.947357+00:00,hourly,bitcoin-up-or-down-september-6-2026-5am-et,0.945,0.9468919319707061,NO_TRADE,0.0,0.4519590675,12299.105264000002,0.94,0.95,0.010000000000000009,867.3,1048.205,2528.7785999999996,437.0536,30.416400000000003,89.36200000000001,1
2026-09-06T09:42:25.127526+00:00,hourly,bitcoin-up-or-down-september-6-2026-5am-et,0.755,0.7179464981099796,BUY_NO,427.3800252002725,0.2930201316666667,16148.065452,0.75,0.76,0.010000000000000009,187.7,304.7,717.8755000000001,511.8218,170.81820000000002,211.31820000000002,1
2026-09-06T09:52:36.743330+00:00,hourly,bitcoin-up-or-down-september-6-2026-5am-et,0.715,0.6832402188399962,NO_TRADE,0.0,0.12312685277777777,16148.065452,0.71,0.72,0.010000000000000009,578.43,667.2299999999999,850.515,138.67000000000002,59.129999999999995,70.54419999999999,1
2026-09-06T10:02:35.377278+00:00,hourly,bitcoin-up-or-down-september-6-2026-6am-et,0.56,0.5447075786115041,NO_TRADE,0.0,0.9568396450000001,319.993053,0.55,0.57,0.019999999999999907,184.09999999999997,368.77,915.9396,693.3338,570.3062,706.9916,1
2026-09-06T10:12:38.857846+00:00,hourly,bitcoin-up-or-down-september-6-2026-6am-et,0.61,0.5824929256065862,NO_TRADE,0.0,0.7892061538888889,2710.7672939999993,0.6,0.62,0.020000000000000018,400.5552,963.7296,1473.4701000000002,594.8158000000001,401.3242,479.7844,1
2026-09-06T10:22:09.571180+00:00,hourly,bitcoin-up-or-down-september-6-2026-6am-et,0.775,0.7584143921643127,NO_TRADE,0.0,0.6306746722222223,2710.7672939999993,0.77,0.78,0.010000000000000009,338.4,1018.4,1412.3749999999998,681.92,214.08,228.08,1
2026-09-06T10:32:19.169614+00:00,hourly,bitcoin-up-or-down-september-6-2026-6am-et,0.86,0.8410161015955194,NO_TRADE,0.0,0.4613417738888889,7071.399079000002,0.85,0.87,0.020000000000000018,996.1,1530.8565,2196.9565000000002,151.0805,27.2495,47.4404,1
2026-09-06T10:42:38.825539+00:00,hourly,bitcoin-up-or-down-september-6-2026-6am-et,0.955,0.9508369187986959,NO_TRADE,0.0,0.28921512805555555,8243.172622000002,0.95,0.96,0.010000000000000009,1236.7826,1743.9326,2944.8026,444.2118,26.758200000000002,44.347100000000005,1
2026-09-06T10:52:42.724245+00:00,hourly,bitcoin-up-or-down-september-6-2026-6am-et,0.985,0.9839327641983721,NO_TRADE,0.0,0.1214654875,12080.724687999998,0.981,0.989,0.008000000000000007,3418.36633,3418.36633,3418.36633,1122.125,27.875,32.0,1
2026-09-06T11:03:06.991420+00:00,hourly,bitcoin-up-or-down-september-6-2026-7am-et,0.475,0.422103787683668,NO_TRADE,0.0,0.9480579388888889,34.0,0.47,0.48,0.010000000000000009,69.0868,409.1918,1093.0117999999998,386.7782,450.3418000000001,507.39330000000007,0
2026-09-06T11:12:20.222314+00:00,hourly,bitcoin-up-or-down-september-6-2026-7am-et,0.305,0.24607204824187845,NO_TRADE,0.0,0.7943826905555555,2492.1447409999996,0.3,0.31,0.010000000000000009,244.16000000000003,386.4263,748.1621,152.5878,363.2322,615.2321999999999,0
2026-09-06T11:22:37.842125+00:00,hourly,bitcoin-up-or-down-september-6-2026-7am-et,0.275,0.2408065331527084,NO_TRADE,0.0,0.6228216319444444,7013.088791,0.27,0.28,0.010000000000000009,45.0578,135.7538,497.37950000000006,67.1846,240.0254,302.1404,0
2026-09-06T11:32:41.853416+00:00,hourly,bitcoin-up-or-down-september-6-2026-7am-et,0.125,0.09994768255320564,NO_TRADE,0.0,0.4550407177777778,7013.088791,0.12,0.13,0.010000000000000009,517.7549,537.2549,591.4349,149.3498,1118.047,1187.797,0
2026-09-06T11:42:34.637470+00:00,hourly,bitcoin-up-or-down-september-6-2026-7am-et,0.075,0.07272775064804636,NO_TRADE,0.0,0.2903784805555556,18128.697833000006,0.06,0.09,0.03,79.25,99.05,170.7756,8.58,139.42,227.90319999999997,0
2026-09-06T11:52:39.879702+00:00,hourly,bitcoin-up-or-down-september-6-2026-7am-et,0.032,0.03271688505935244,NO_TRADE,0.0,0.12225563833333333,23643.455919,0.03,0.034,0.0040000000000000036,14.036979999999998,27.720079999999996,66.69018,1.1179000000000001,42.8121,950.7905999999999,0
2026-09-06T12:02:53.433804+00:00,hourly,bitcoin-up-or-down-september-6-2026-8am-et,0.485,0.41854618150120937,NO_TRADE,0.0,0.9518239433333334,383.90828799999997,0.48,0.49,0.010000000000000009,87.66199999999999,169.262,638.0214000000001,302.9873,335.2627,635.9509,1
2026-09-06T12:12:33.883296+00:00,hourly,bitcoin-up-or-down-september-6-2026-8am-et,0.315,0.2513064596326627,NO_TRADE,0.0,0.7905879733333333,661.041022,0.31,0.32,0.010000000000000009,229.41240000000005,329.3656000000001,413.8156000000001,161.57,369.3299999999999,617.8299999999999,1
2026-09-06T12:22:45.563897+00:00,hourly,bitcoin-up-or-down-september-6-2026-8am-et,0.655,0.6494310850294478,NO_TRADE,0.0,0.6206766952777778,6651.733959,0.65,0.66,0.010000000000000009,148.8006,258.1582,1007.7601999999999,69.8984,37.91159999999999,50.861599999999996,1
2026-09-06T12:32:14.090504+00:00,hourly,bitcoin-up-or-down-september-6-2026-8am-et,0.8200000000000001,0.798400495435609,NO_TRADE,0.0,0.46275263777777775,6651.733959,0.81,0.83,0.019999999999999907,493.0388,705.5388,1071.7888,162.17020000000002,39.4698,58.5798,1
2026-09-06T12:42:35.029998+00:00,hourly,bitcoin-up-or-down-september-6-2026-8am-et,0.72,0.6889050533597441,NO_TRADE,0.0,0.290269445,10372.551064000003,0.71,0.73,0.020000000000000018,182.89539999999997,232.26039999999995,906.7903999999999,308.08299999999997,127.80699999999999,165.57119999999998,1
2026-09-06T12:52:38.873682+00:00,hourly,bitcoin-up-or-down-september-6-2026-8am-et,0.9,0.8877596277745881,NO_TRADE,0.0,0.12253508833333335,13682.389514000004,0.89,0.91,0.020000000000000018,113.08000000000001,265.6,619.66,321.7396,43.67059999999999,48.32719999999999,1
2026-09-06T13:02:30.765610+00:00,hourly,bitcoin-up-or-down-september-6-2026-9am-et,0.395,0.3159956473620118,NO_TRADE,0.0,0.958120663888889,51.960783,0.39,0.4,0.010000000000000009,464.7742,498.7186,780.521,115.5,184.5,291.6,0
2026-09-06T13:12:37.237859+00:00,hourly,bitcoin-up-or-down-september-6-2026-9am-et,0.445,0.3863572469888578,NO_TRADE,0.0,0.7896561502777778,2948.2000040000003,0.44,0.45,0.010000000000000009,458.67719999999997,600.0626,927.3625999999999,288.7826,378.0374,551.7995999999999,0
2026-09-06T13:22:15.485215+00:00,hourly,bitcoin-up-or-down-september-6-2026-9am-et,0.225,0.16862253924748902,BUY_NO,777.5199183999998,0.6290318847222222,7775.199183999998,0.22,0.23,0.010000000000000009,42.1284,190.4784,275.953,146.3401,520.4627,829.9187000000001,0
2026-09-06T13:32:48.991159+00:00,hourly,bitcoin-up-or-down-september-6-2026-9am-et,0.135,0.11288459872366956,NO_TRADE,0.0,0.4530580113888889,7775.199183999998,0.13,0.14,0.010000000000000009,58.8138,179.625,264.555,140.09,1002.91,1336.6599999999999,0
2026-09-06T13:42:06.753487+00:00,hourly,bitcoin-up-or-down-september-6-2026-9am-et,0.095,0.08794508692775131,NO_TRADE,0.0,0.2981240313888889,11021.759567,0.09,0.1,0.010000000000000009,31.339,53.6674,200.2224,85.8942,897.2958000000001,1379.3334000000002,0
2026-09-06T13:52:28.821129+00:00,hourly,bitcoin-up-or-down-september-6-2026-9am-et,0.03,0.02702533970974843,NO_TRADE,0.0,0.12532746416666668,14118.885470000001,0.02,0.04,0.02,55.6766,67.4258,133.64499999999998,30.9456,1992.3344,1992.3344,0
2026-09-06T14:02:53.258678+00:00,hourly,bitcoin-up-or-down-september-6-2026-10am-et,0.505,0.4576292827086116,NO_TRADE,0.0,0.9518725894444444,348.71960399999995,0.5,0.51,0.010000000000000009,230.8212,301.8836,361.4329,50.4884,51.7416,138.9872,0
2026-09-06T14:12:03.482158+00:00,hourly,bitcoin-up-or-down-september-6-2026-10am-et,0.365,0.3043011487591879,NO_TRADE,0.0,0.799032733888889,1464.681114,0.36,0.37,0.010000000000000009,346.2916,430.4614,696.9894000000002,162.14999999999998,293.85,450.1512,0
2026-09-06T14:22:07.856082+00:00,hourly,bitcoin-up-or-down-september-6-2026-10am-et,0.18,0.13111485559103794,NO_TRADE,0.0,0.6311510883333334,4524.0523090000015,0.17,0.19,0.01999999999999999,122.8165,130.1665,248.9165,34.0812,169.7388,753.5358,0
2026-09-06T14:32:52.399681+00:00,hourly,bitcoin-up-or-down-september-6-2026-10am-et,0.09,0.0474290239799907,NO_TRADE,0.0,0.4521111997222222,4524.0523090000015,0.07,0.11,0.039999999999999994,85.3488,231.59879999999998,303.0978,1.6923000000000001,26.197699999999998,890.1847,0
2026-09-06T14:42:39.574047+00:00,hourly,bitcoin-up-or-down-september-6-2026-10am-et,0.15000000000000002,0.13528639173359247,NO_TRADE,0.0,0.28900720916666667,9740.651738000002,0.14,0.16,0.01999999999999999,34.11000000000001,72.36000000000001,237.9126,28.157000000000007,174.393,218.44580000000002,0
2026-09-06T14:52:04.537761+00:00,hourly,bitcoin-up-or-down-september-6-2026-10am-et,0.023,0.02098404445798087,NO_TRADE,0.0,0.13207284416666668,15010.480078999995,0.016,0.03,0.013999999999999999,4.9,15.4,71.54763999999999,21.0556,1736.5043999999998,2790.4094,0
2026-09-06T15:03:06.062029+00:00,hourly,bitcoin-up-or-down-september-6-2026-11am-et,0.415,0.2878029305153306,NO_TRADE,0.0,0.9483161030555555,280.776272,0.41,0.42,0.010000000000000009,29.3454,106.3454,115.74539999999999,127.3142,189.3258,333.22479999999996,1
2026-09-06T15:12:39.821075+00:00,hourly,bitcoin-up-or-down-september-6-2026-11am-et,0.505,0.4658004884745115,NO_TRADE,0.0,0.7889385902777778,6797.998024999999,0.5,0.51,0.010000000000000009,69.3663,104.2509,284.5509,26.4618,280.50640000000004,593.6410000000001,1
2026-09-06T15:22:24.730927+00:00,hourly,bitcoin-up-or-down-september-6-2026-11am-et,0.775,0.8045637761492374,NO_TRADE,0.0,0.6264636313888888,9528.895593000001,0.77,0.78,0.010000000000000009,69.2796,85.2796,809.6157999999999,602.9,182.1,188.6,1
2026-09-06T15:32:56.886663+00:00,hourly,bitcoin-up-or-down-september-6-2026-11am-et,0.785,0.7794328685996453,NO_TRADE,0.0,0.4508648158333333,9528.895593000001,0.78,0.79,0.010000000000000009,51.41600000000001,81.24020000000002,632.6526,790.1813999999999,225.6386,276.23539999999997,1
2026-09-06T15:42:22.448583+00:00,hourly,bitcoin-up-or-down-september-6-2026-11am-et,0.955,0.9578509697153194,NO_TRADE,0.0,0.2937642825,17135.775107999998,0.95,0.96,0.010000000000000009,833.3514,1193.5014,2282.5212,459.1108,27.7092,99.5866,1
2026-09-06T15:52:39.911476+00:00,hourly,bitcoin-up-or-down-september-6-2026-11am-et,0.993,0.9931837698791708,NO_TRADE,0.0,0.12224681222222222,19947.533695999995,0.991,0.995,0.0040000000000000036,4333.5096300000005,4333.5096300000005,4333.5096300000005,1706.4059099999997,17.84409,23.084290000000003,1
2026-09-06T16:02:50.788612+00:00,hourly,bitcoin-up-or-down-september-6-2026-12pm-et,0.415,0.3738023702683196,NO_TRADE,0.0,0.952558718888889,63.883857,0.41,0.42,0.010000000000000009,8.4,294.7608,855.8798,188.0242,275.6158,971.5159999999998,0
2026-09-06T16:12:37.376431+00:00,hourly,bitcoin-up-or-down-september-6-2026-12pm-et,0.515,0.48883981926415326,NO_TRADE,0.0,0.7896176580555555,2003.6382420000002,0.51,0.52,0.010000000000000009,204.87940000000003,477.5794000000001,813.5194,225.4,224.6,385.66819999999996,0
2026-09-06T16:22:36.883436+00:00,hourly,bitcoin-up-or-down-september-6-2026-12pm-et,0.445,0.4441815803458513,NO_TRADE,0.0,0.6230879344444444,5805.593078000002,0.44,0.45,0.010000000000000009,69.7872,251.12259999999998,769.5837,339.91999999999996,442.08,591.0298,0
2026-09-06T16:32:48.638380+00:00,hourly,bitcoin-up-or-down-september-6-2026-12pm-et,0.645,0.6394221099609708,NO_TRADE,0.0,0.4531560055555555,5805.593078000002,0.64,0.65,0.010000000000000009,557.7912,675.0412,1751.5016999999998,479.3,270.7,360.1216,0
2026-09-06T16:42:34.213224+00:00,hourly,bitcoin-up-or-down-september-6-2026-12pm-et,0.455,0.4311424611160717,NO_TRADE,0.0,0.29049632666666664,9893.720971000002,0.45,0.46,0.010000000000000009,17.147199999999998,24.740799999999997,159.5815,111.0,139.00000000000003,221.65000000000003,0
2026-09-06T16:52:47.114731+00:00,hourly,bitcoin-up-or-down-september-6-2026-12pm-et,0.405,0.38566943233803685,NO_TRADE,0.0,0.12024590805555556,14111.156704000003,0.4,0.41,0.009999999999999953,413.2206,437.65319999999997,638.6472,30.22,45.33,176.03839999999997,0
2026-09-06T17:02:30.964884+00:00,hourly,bitcoin-up-or-down-september-6-2026-1pm-et,0.505,0.45810509425196383,NO_TRADE,0.0,0.9580653100000001,37.803916,0.5,0.51,0.010000000000000009,541.5564,724.4064000000001,1106.0464000000002,195.7018,202.9382,612.0846,1
2026-09-06T17:12:43.315096+00:00,hourly,bitcoin-up-or-down-september-6-2026-1pm-et,0.345,0.28270263910497934,NO_TRADE,0.0,0.787968028888889,1375.6390770000003,0.34,0.35,0.009999999999999953,344.2822,416.43219999999997,664.0822,115.2608,130.6092,351.6092,1
2026-09-06T17:22:37.659047+00:00,hourly,bitcoin-up-or-down-september-6-2026-1pm-et,0.575,0.587452438885166,NO_TRADE,0.0,0.6228724869444444,6270.538120000001,0.57,0.58,0.010000000000000009,301.9,341.392,969.3870000000001,451.95919999999995,343.8608,442.8608,1
2026-09-06T17:32:51.522604+00:00,hourly,bitcoin-up-or-down-september-6-2026-1pm-et,0.625,0.5912277088587128,NO_TRADE,0.0,0.4523548322222222,6270.538120000001,0.62,0.63,0.010000000000000009,122.5986,320.84860000000003,1221.24,524.7826,334.9474,487.6754,1
2026-09-06T17:42:36.593835+00:00,hourly,bitcoin-up-or-down-september-6-2026-1pm-et,0.825,0.8325327680752909,NO_TRADE,0.0,0.28983504583333336,14477.374213999998,0.82,0.83,0.010000000000000009,119.17049999999999,979.2175,1746.0267,963.9642000000001,221.85580000000002,233.21980000000002,1
2026-09-06T17:52:39.705073+00:00,hourly,bitcoin-up-or-down-september-6-2026-1pm-et,0.905,0.9010609700100227,NO_TRADE,0.0,0.12230414638888888,17557.829977999994,0.9,0.91,0.010000000000000009,503.57000000000005,1142.3126000000002,1211.7956000000001,597.6,73.39999999999999,73.39999999999999,1
2026-09-06T18:02:55.994935+00:00,hourly,bitcoin-up-or-down-september-6-2026-2pm-et,0.565,0.5350194157421179,NO_TRADE,0.0,0.9511125180555555,499.0079669999999,0.56,0.57,0.009999999999999898,181.09999999999997,294.96999999999997,747.72,607.8802000000001,481.75980000000004,530.897,1
2026-09-06T18:12:43.421664+00:00,hourly,bitcoin-up-or-down-september-6-2026-2pm-et,0.745,0.7532707335901117,NO_TRADE,0.0,0.7879384266666667,1906.6810980000002,0.74,0.75,0.010000000000000009,292.5,507.33000000000004,965.03,827.8468,292.9732,312.57320000000004,1
2026-09-06T18:22:05.377604+00:00,hourly,bitcoin-up-or-down-september-6-2026-2pm-et,0.885,0.8860788037962163,NO_TRADE,0.0,0.6318395544444445,9597.859727,0.88,0.89,0.010000000000000009,954.8076000000001,1132.2576000000001,2252.8036,902.6134000000001,110.45660000000001,121.07000000000001,1
2026-09-06T18:32:44.349952+00:00,hourly,bitcoin-up-or-down-september-6-2026-2pm-et,0.975,0.9775540138875795,NO_TRADE,0.0,0.45434723555555556,9597.859727,0.97,0.98,0.010000000000000009,1679.0628000000002,1679.0628000000002,1679.0628000000002,1692.4729,67.0971,82.1266,1
2026-09-06T18:42:36.830686+00:00,hourly,bitcoin-up-or-down-september-6-2026-2pm-et,0.986,0.9856763489100859,NO_TRADE,0.0,0.2897692538888889,13815.074575000002,0.985,0.987,0.0020000000000000018,6924.698539999999,8088.533539999999,8088.533539999999,1553.18226,30.03774,43.63774,1
2026-09-06T18:52:40.442049+00:00,hourly,bitcoin-up-or-down-september-6-2026-2pm-et,0.9944999999999999,0.9942340441517967,NO_TRADE,0.0,0.12209943083333333,15490.615722000002,0.99,0.999,0.009000000000000008,4998.60639,4998.60639,4998.60639,2916.8871799999997,35.26282,55.03782,1
2026-09-06T19:02:34.217163+00:00,hourly,bitcoin-up-or-down-september-6-2026-3pm-et,0.375,0.323526538275428,NO_TRADE,0.0,0.9571618991666667,626.3216940000001,0.37,0.38,0.010000000000000009,251.1979,321.1979,638.0227,104.47859999999999,184.16140000000001,776.8444000000002,0
2026-09-06T19:12:38.922286+00:00,hourly,bitcoin-up-or-down-september-6-2026-3pm-et,0.245,0.190005794951518,NO_TRADE,0.0,0.7891882538888889,2257.003484,0.24,0.25,0.010000000000000009,272.065,285.565,463.99699999999996,194.8372,627.1928,681.7928,0
2026-09-06T19:22:05.407920+00:00,hourly,bitcoin-up-or-down-september-6-2026-3pm-et,0.11499999999999999,0.09047920898073546,NO_TRADE,0.0,0.6318311333333333,5831.561609,0.11,0.12,0.009999999999999995,44.25,75.75,104.11000000000001,62.792,552.628,1162.328,0
2026-09-06T19:32:57.057531+00:00,hourly,bitcoin-up-or-down-september-6-2026-3pm-et,0.08499999999999999,0.06826604197451151,NO_TRADE,0.0,0.45081735250000005,5831.561609,0.08,0.09,0.009999999999999995,118.74,124.24,205.96,43.70320000000001,561.3368,676.0544,0
2026-09-06T19:42:05.997347+00:00,hourly,bitcoin-up-or-down-september-6-2026-3pm-et,0.0345,0.02687507587923364,NO_TRADE,0.0,0.2983340702777778,7943.327423000001,0.03,0.039,0.009000000000000001,13.541379999999998,51.141380000000005,70.44138,9.125800000000002,364.2342,1386.8642,0
2026-09-06T19:52:40.292797+00:00,hourly,bitcoin-up-or-down-september-6-2026-3pm-et,0.0155,0.013475421007461994,NO_TRADE,0.0,0.12214088972222222,9796.845047999997,0.001,0.03,0.028999999999999998,25.29036,26.04036,27.34036,0.015,14.985,14.985,0
2026-09-06T20:02:36.642828+00:00,hourly,bitcoin-up-or-down-september-6-2026-4pm-et,0.475,0.4212334507537885,NO_TRADE,0.0,0.9564881033333333,112.15302299999998,0.47,0.48,0.010000000000000009,424.9018,530.3118,819.2025,26.5472,30.272800000000004,30.272800000000004,1
2026-09-06T20:12:40.036668+00:00,hourly,bitcoin-up-or-down-september-6-2026-4pm-et,0.335,0.27103749986639486,NO_TRADE,0.0,0.7888787033333333,1049.675855,0.33,0.34,0.010000000000000009,383.08340000000004,471.28340000000003,785.8008000000001,97.5,202.5,306.0,1
2026-09-06T20:22:45.328095+00:00,hourly,bitcoin-up-or-down-september-6-2026-4pm-et,0.8200000000000001,0.8290563947691679,NO_TRADE,0.0,0.6207421958333333,4468.165012,0.81,0.83,0.019999999999999907,389.96559999999994,763.9656,1165.8156,404.8099,86.55199999999999,100.55199999999999,1
2026-09-06T20:32:47.505771+00:00,hourly,bitcoin-up-or-down-september-6-2026-4pm-et,0.945,0.9453331427418598,NO_TRADE,0.0,0.45347061916666664,4468.165012,0.94,0.95,0.010000000000000009,1318.738,1483.6380000000001,2773.6819,373.3082,27.7218,40.749,1
2026-09-06T20:42:06.512980+00:00,hourly,bitcoin-up-or-down-september-6-2026-4pm-et,0.885,0.8678136174330442,NO_TRADE,0.0,0.2981908388888889,10920.520802000001,0.88,0.89,0.010000000000000009,456.76,770.7009,2014.4709,831.8272000000001,115.3628,118.97619999999999,1
2026-09-06T20:52:39.190661+00:00,hourly,bitcoin-up-or-down-september-6-2026-4pm-et,0.9655,0.9613586893308455,NO_TRADE,0.0,0.12244703861111111,15405.189573000003,0.961,0.97,0.009000000000000008,280.9742,350.13419999999996,10720.443199999998,1003.81,59.425,61.224999999999994,1
2026-09-06T21:03:08.532114+00:00,hourly,bitcoin-up-or-down-september-6-2026-5pm-et,0.655,0.6162091588650513,NO_TRADE,0.0,0.9476299683333334,25.999994,0.65,0.66,0.010000000000000009,924.4842000000001,1068.6442000000002,1504.3042000000003,45.9934,25.2466,43.691100000000006,1
2026-09-06T21:12:34.647740+00:00,hourly,bitcoin-up-or-down-september-6-2026-5pm-et,0.67,0.6524440673447012,NO_TRADE,0.0,0.7903756277777778,2604.4343169999997,0.66,0.68,0.020000000000000018,272.4634,742.7374,1137.4196,103.59299999999999,54.227000000000004,67.1222,1
2026-09-06T21:22:38.859064+00:00,hourly,bitcoin-up-or-down-september-6-2026-5pm-et,0.575,0.5131306456722379,BUY_NO,742.1334781999999,0.6225391488888888,7421.334781999999,0.57,0.58,0.010000000000000009,204.8032,226.2952,372.73339999999996,477.0861,363.15389999999996,649.2458999999999,1
2026-09-06T21:32:51.851858+00:00,hourly,bitcoin-up-or-down-september-6-2026-5pm-et,0.495,0.4026986868829717,BUY_NO,742.1334781999999,0.4522633727777778,7421.334781999999,0.49,0.5,0.010000000000000009,51.5989,165.9989,467.3989,287.06539999999995,306.57460000000003,575.1892,1
2026-09-06T21:42:07.434144+00:00,hourly,bitcoin-up-or-down-september-6-2026-5pm-et,0.565,0.5416051698254205,NO_TRADE,0.0,0.29793495999999997,12490.820989000002,0.56,0.57,0.009999999999999898,507.1989,902.4988999999999,999.0989,219.27020000000002,178.3698,275.347,1
2026-09-06T21:52:00.537014+00:00,hourly,bitcoin-up-or-down-september-6-2026-5pm-et,0.555,0.5499702941251451,NO_TRADE,0.0,0.13318416277777778,22484.726445999993,0.55,0.56,0.010000000000000009,17.57,44.7256,250.1594,232.9828,185.3872,197.1372,1
2026-09-06T22:02:55.003035+00:00,hourly,bitcoin-up-or-down-september-6-2026-6pm-et,0.31,0.21847113149635686,NO_TRADE,0.0,0.9513880458333333,14.941173,0.3,0.32,0.020000000000000018,193.78300000000002,230.10180000000003,416.4674,234.594,557.386,694.1859999999999,1
2026-09-06T22:12:21.361735+00:00,hourly,bitcoin-up-or-down-september-6-2026-6pm-et,0.18,0.10394264800670575,NO_TRADE,0.0,0.7940661847222222,2083.783809,0.17,0.19,0.01999999999999999,38.8527,67.1691,173.8749,31.6634,165.8166,454.8166,1
2026-09-06T22:22:33.002103+00:00,hourly,bitcoin-up-or-down-september-6-2026-6pm-et,0.135,0.11395274553275096,NO_TRADE,0.0,0.6241660825,10862.309807999998,0.13,0.14,0.010000000000000009,16.043400000000002,33.2946,163.38139999999999,81.8184,640.2516,964.4964,1
2026-09-06T22:32:50.665346+00:00,hourly,bitcoin-up-or-down-september-6-2026-6pm-et,0.345,0.40862391561586425,BUY_YES,901.9063940902196,0.45259295944444444,10862.309807999998,0.34,0.35,0.009999999999999953,35.5057,124.3057,827.5432999999999,465.9596,917.2104000000002,1210.8480000000002,1
2026-09-06T22:42:34.865517+00:00,hourly,bitcoin-up-or-down-september-6-2026-6pm-et,0.615,0.6429771461146429,NO_TRADE,0.0,0.29031513416666666,13204.524116999995,0.61,0.62,0.010000000000000009,259.83,382.07,845.5275,485.8522,312.78780000000006,327.96190000000007,1
2026-09-06T22:52:38.996230+00:00,hourly,bitcoin-up-or-down-september-6-2026-6pm-et,0.795,0.793156960509821,NO_TRADE,0.0,0.12250104722222221,20276.402121,0.79,0.8,0.010000000000000009,349.1452,595.1451999999999,1271.5569999999998,175.72590000000002,49.0641,102.38040000000001,1
2026-09-06T23:02:26.688803+00:00,hourly,bitcoin-up-or-down-september-6-2026-7pm-et,0.515,0.4977617764296405,NO_TRADE,0.0,0.9592531102777778,20.666664,0.51,0.52,0.010000000000000009,187.40460000000002,373.7046,759.1888,94.31,94.21000000000001,276.1882,1
2026-09-06T23:12:44.819199+00:00,hourly,bitcoin-up-or-down-september-6-2026-7pm-et,0.695,0.7060676793695517,NO_TRADE,0.0,0.7875502225,4983.525989000001,0.69,0.7,0.010000000000000009,323.5922,598.5026,1516.6319,220.4434,47.1966,123.69390000000001,1
2026-09-06T23:22:39.046345+00:00,hourly,bitcoin-up-or-down-september-6-2026-7pm-et,0.765,0.7230031647115133,BUY_NO,486.800464322194,0.6224871263888888,6598.296043999998,0.76,0.77,0.010000000000000009,458.17629999999997,651.7263,909.6262999999999,234.2,76.8,139.04919999999998,1
2026-09-06T23:32:46.531425+00:00,hourly,bitcoin-up-or-down-september-6-2026-7pm-et,0.76,0.6920844736889122,BUY_NO,659.8296043999999,0.4537412708333334,6598.296043999998,0.75,0.77,0.020000000000000018,375.9584,643.9422,1092.5422,215.2518,74.5082,130.3496,1
2026-09-06T23:42:30.969606+00:00,hourly,bitcoin-up-or-down-september-6-2026-7pm-et,0.9744999999999999,0.9814304629697846,NO_TRADE,0.0,0.29139733166666665,7701.911447999997,0.969,0.98,0.01100000000000001,1105.34,2317.049,2317.049,587.212,20.488000000000003,57.43609,1
2026-09-06T23:52:03.430357+00:00,hourly,bitcoin-up-or-down-september-6-2026-7pm-et,0.9964999999999999,0.9957545306983754,NO_TRADE,0.0,0.13238045638888887,16313.805594999998,0.996,0.997,0.0010000000000000009,5786.5689999999995,5786.5689999999995,5786.5689999999995,1252.1713900000002,9.01861,15.552290000000001,1
2026-09-07T00:02:39.551771+00:00,hourly,bitcoin-up-or-down-september-6-2026-8pm-et,0.46499999999999997,0.3122571622294962,NO_TRADE,0.0,0.9556800636111111,770.0892,0.46,0.47,0.009999999999999953,161.08679999999998,281.1368,1130.2766000000001,325.29620000000006,396.3438000000001,475.2702000000001,0
2026-09-07T00:12:39.203089+00:00,hourly,bitcoin-up-or-down-september-6-2026-8pm-et,0.46499999999999997,0.3884665806837833,NO_TRADE,0.0,0.7891102530555555,4086.9713260000017,0.46,0.47,0.009999999999999953,601.7936,737.4354,1264.61,154.869,185.95100000000002,701.1510000000001,0
2026-09-07T00:22:39.639334+00:00,hourly,bitcoin-up-or-down-september-6-2026-8pm-et,0.235,0.13978519449760737,BUY_NO,748.7206257,0.6223224072222222,7487.206257,0.23,0.24,0.009999999999999981,8.655000000000001,57.5844,392.1332,119.0804,406.7396,679.2896000000001,0
2026-09-07T00:32:45.349668+00:00,hourly,bitcoin-up-or-down-september-6-2026-8pm-et,0.29500000000000004,0.28825566216786563,NO_TRADE,0.0,0.45406953666666666,7487.206257,0.28,0.31,0.02999999999999997,116.91149999999999,259.4715,759.5772999999999,111.09100000000001,125.9104,404.63899999999995,0
2026-09-07T00:42:02.201559+00:00,hourly,bitcoin-up-or-down-september-6-2026-8pm-et,0.065,0.043652359332405404,NO_TRADE,0.0,0.2993884558333333,9544.886074000007,0.06,0.07,0.010000000000000009,30.5863,104.0101,178.0423,58.86900000000001,1084.6109999999999,1271.811,0
2026-09-07T00:53:06.397089+00:00,hourly,bitcoin-up-or-down-september-6-2026-8pm-et,0.02,0.016069968520126675,NO_TRADE,0.0,0.1148896975,12561.339426999997,0.011,0.029,0.018000000000000002,47.11726,60.74774000000001,118.52494000000002,12.374690000000001,1707.99531,1707.99531,0
2026-09-07T01:02:57.215458+00:00,hourly,bitcoin-up-or-down-september-6-2026-9pm-et,0.575,0.5223277067484203,NO_TRADE,0.0,0.9507734838888888,712.2717660000001,0.57,0.58,0.010000000000000009,210.03979999999999,312.0398,1119.2531999999999,624.25,475.75,543.25,0
2026-09-07T01:12:08.686875+00:00,hourly,bitcoin-up-or-down-september-6-2026-9pm-et,0.33,0.22440035647977877,NO_TRADE,0.0,0.7975869791666667,2964.7374539999996,0.32,0.34,0.020000000000000018,207.6583,292.5535,663.0935,114.2842,265.7858,734.7857999999999,0
2026-09-07T01:22:35.245962+00:00,hourly,bitcoin-up-or-down-september-6-2026-9pm-et,0.185,0.1352485215206338,BUY_NO,631.6209886000001,0.6235427883333333,6316.209886000001,0.18,0.19,0.010000000000000009,70.83400000000002,149.584,524.8876,111.83940000000001,523.9806,738.8693999999999,0
2026-09-07T01:32:52.337399+00:00,hourly,bitcoin-up-or-down-september-6-2026-9pm-et,0.135,0.1102279682382642,NO_TRADE,0.0,0.4521285002777778,6316.209886000001,0.13,0.14,0.010000000000000009,93.75,196.95,344.23,8.113800000000001,58.1462,339.38620000000003,0
2026-09-07T01:42:40.929025+00:00,hourly,bitcoin-up-or-down-september-6-2026-9pm-et,0.013500000000000002,0.009805743129529705,NO_TRADE,0.0,0.28863082638888893,11295.120350000001,0.01,0.017,0.007000000000000001,12.47196,29.97656,61.149359999999994,7.5112,1895.5088,1895.5088,0
2026-09-07T01:52:12.513984+00:00,hourly,bitcoin-up-or-down-september-6-2026-9pm-et,0.010499999999999999,0.009170596109911187,NO_TRADE,0.0,0.12985722666666666,29775.527261999992,0.002,0.019,0.017,4.37044,30.79544,36.830439999999996,1.17294,1170.7970599999999,1170.7970599999999,0
2026-09-07T02:03:06.002543+00:00,hourly,bitcoin-up-or-down-september-6-2026-10pm-et,0.525,0.4663744634268435,NO_TRADE,0.0,0.9483326269444444,52.150391,0.52,0.53,0.010000000000000009,513.59,630.091,857.1502,181.71460000000002,173.37539999999998,359.2854,0
2026-09-07T02:12:35.281942+00:00,hourly,bitcoin-up-or-down-september-6-2026-10pm-et,0.335,0.23991703356853644,NO_TRADE,0.0,0.7901994605555556,696.907328,0.33,0.34,0.010000000000000009,307.0,366.2344,772.4344,205.21300000000002,424.427,722.3828,0
2026-09-07T02:22:37.288692+00:00,hourly,bitcoin-up-or-down-september-6-2026-10pm-et,0.545,0.5457221982301158,NO_TRADE,0.0,0.6229753633333334,4116.471981,0.54,0.55,0.010000000000000009,299.0702,473.95759999999996,1249.229,229.45,200.55,306.15,0
2026-09-07T02:32:51.167875+00:00,hourly,bitcoin-up-or-down-september-6-2026-10pm-et,0.735,0.7061552616371803,NO_TRADE,0.0,0.4524533680555555,4116.471981,0.73,0.74,0.010000000000000009,213.865,411.0318,1083.5206,171.29999999999998,65.7,179.16539999999998,0
2026-09-07T02:42:35.136467+00:00,hourly,bitcoin-up-or-down-september-6-2026-10pm-et,0.984,0.9890500159043619,NO_TRADE,0.0,0.29023987027777776,5959.6039839999985,0.981,0.987,0.006000000000000005,1693.4027999999998,3557.8797999999997,3557.8797999999997,827.22063,21.05437,43.413869999999996,0
2026-09-07T02:52:22.542862+00:00,hourly,bitcoin-up-or-down-september-6-2026-10pm-et,0.9955,0.992198565974592,NO_TRADE,0.0,0.12707142722222223,9532.515096,0.992,0.999,0.007000000000000006,210.789,210.789,210.789,1285.8000100000002,14.16999,41.33039,0
2026-09-07T03:02:58.662710+00:00,hourly,bitcoin-up-or-down-september-6-2026-11pm-et,0.635,0.41998758656612173,NO_TRADE,0.0,0.9503714694444444,385.62736899999993,0.63,0.64,0.010000000000000009,441.8,557.3,1069.5294999999999,236.30839999999998,215.1816,364.0875,0
2026-09-07T03:12:34.934981+00:00,hourly,bitcoin-up-or-down-september-6-2026-11pm-et,0.4,0.2986536236743284,NO_TRADE,0.0,0.7902958386111112,3371.4833620000004,0.39,0.41,0.019999999999999962,159.1144,396.39700000000005,815.6472000000001,104.6,165.4,414.25,0
2026-09-07T03:22:35.862042+00:00,hourly,bitcoin-up-or-down-september-6-2026-11pm-et,0.435,0.36609949618616894,BUY_NO,594.3205209,0.6233716549999999,5943.205209,0.43,0.44,0.010000000000000009,700.2498,861.2498,1087.6498000000001,5.3234,7.0565999999999995,99.3385,0
2026-09-07T03:32:22.811171+00:00,hourly,bitcoin-up-or-down-september-6-2026-11pm-et,0.14500000000000002,0.09528928683025366,BUY_NO,594.3205209,0.46033023027777775,5943.205209,0.14,0.15,0.009999999999999981,49.08,94.5975,275.2849,206.0208,1291.3292,1462.9291999999998,0
2026-09-07T03:42:34.058919+00:00,hourly,bitcoin-up-or-down-september-6-2026-11pm-et,0.035,0.022578043809919096,NO_TRADE,0.0,0.29053918916666666,10206.529644999997,0.03,0.04,0.010000000000000002,28.940800000000003,91.33179999999999,158.3064,34.271,1277.349,2300.514,0
2026-09-07T03:52:34.844029+00:00,hourly,bitcoin-up-or-down-september-6-2026-11pm-et,0.006999999999999999,0.005101377339428556,NO_TRADE,0.0,0.1236544363888889,14096.134204999997,0.005,0.009,0.003999999999999999,13.19029,31.44907,57.602850000000004,0.39797000000000005,221.59203000000002,221.59203000000002,0
2026-09-07T04:03:06.471288+00:00,hourly,bitcoin-up-or-down-september-7-2026-12am-et,0.555,0.453716841264126,NO_TRADE,0.0,0.94820242,324.225642,0.55,0.56,0.010000000000000009,150.915,210.945,1159.8449999999998,632.3100000000001,524.19,721.1294,1
2026-09-07T04:12:13.301426+00:00,hourly,bitcoin-up-or-down-september-7-2026-12am-et,0.585,0.5259622558601662,NO_TRADE,0.0,0.7963051594444445,4707.066537,0.58,0.59,0.010000000000000009,191.85,876.0687,1369.4336999999998,142.415,17.0,446.0,1
2026-09-07T04:22:41.264161+00:00,hourly,bitcoin-up-or-down-september-7-2026-12am-et,0.785,0.7554846082872203,NO_TRADE,0.0,0.6218710663888889,7612.907939,0.78,0.79,0.010000000000000009,754.6434,1048.3008,1201.5008000000003,15.600000000000001,4.4,46.4,1
2026-09-07T04:32:58.084555+00:00,hourly,bitcoin-up-or-down-september-7-2026-12am-et,0.555,0.4587238128651981,BUY_NO,761.2907939,0.45053206805555557,7612.907939,0.55,0.56,0.010000000000000009,255.1026,396.6458,1238.6308000000001,383.3865,314.0435,464.4435,1
2026-09-07T04:42:39.402807+00:00,hourly,bitcoin-up-or-down-september-7-2026-12am-et,0.62,0.5831117775129849,NO_TRADE,0.0,0.28905477583333333,9440.555618999995,0.61,0.63,0.020000000000000018,315.814,536.8140000000001,837.7990000000002,74.83500000000001,46.715,91.815,1
2026-09-07T04:52:00.647789+00:00,hourly,bitcoin-up-or-down-september-7-2026-12am-et,0.965,0.9643033066000177,NO_TRADE,0.0,0.13315339194444445,11441.883461000003,0.96,0.97,0.010000000000000009,317.7814,1737.4909,1737.4909,82.005,3.495,24.195,1
2026-09-07T05:03:08.182697+00:00,hourly,bitcoin-up-or-down-september-7-2026-1am-et,0.495,0.4492524519420399,NO_TRADE,0.0,0.947727028611111,173.78734500000002,0.49,0.5,0.010000000000000009,357.435,484.055,1038.525,29.96,32.04,143.60500000000002,1
2026-09-07T05:12:09.636035+00:00,hourly,bitcoin-up-or-down-september-7-2026-1am-et,0.425,0.3593135443695394,NO_TRADE,0.0,0.7973233236111111,872.6044270000002,0.42,0.43,0.010000000000000009,55.46,168.635,1108.0610000000001,500.3609,701.1290999999999,1239.0290999999997,1
2026-09-07T05:22:38.071797+00:00,hourly,bitcoin-up-or-down-september-7-2026-1am-et,0.795,0.7886507218436765,NO_TRADE,0.0,0.6227578341666666,2682.330296,0.79,0.8,0.010000000000000009,681.865,1444.465,1793.3085999999998,694.0600000000001,193.44,301.195,1
2026-09-07T05:32:58.478908+00:00,hourly,bitcoin-up-or-down-september-7-2026-1am-et,0.805,0.7765677544770814,NO_TRADE,0.0,0.45042252555555556,2682.330296,0.8,0.81,0.010000000000000009,355.6314,557.0226,2000.6376,910.9350000000001,230.315,358.47159999999997,1
2026-09-07T05:42:39.222350+00:00,hourly,bitcoin-up-or-down-september-7-2026-1am-et,0.915,0.9043323002839091,NO_TRADE,0.0,0.2891049027777778,4761.135858000001,0.91,0.92,0.010000000000000009,487.75,947.5134,1529.0134,266.832,30.498000000000005,103.373,1
2026-09-07T05:52:40.446450+00:00,hourly,bitcoin-up-or-down-september-7-2026-1am-et,0.9299999999999999,0.9162947096894942,NO_TRADE,0.0,0.12209820833333332,7568.321590000001,0.92,0.94,0.019999999999999907,886.9,1886.7399999999998,3965.6389,923.715,82.785,112.88499999999999,1
2026-09-07T06:03:16.495669+00:00,hourly,bitcoin-up-or-down-september-7-2026-2am-et,0.515,0.4245569615817482,NO_TRADE,0.0,0.9454178697222222,284.432437,0.51,0.52,0.010000000000000009,180.495,793.3950000000001,1155.6450000000002,482.15,481.35,694.7850000000001,0
2026-09-07T06:12:48.627296+00:00,hourly,bitcoin-up-or-down-september-7-2026-2am-et,0.595,0.5653429050099983,NO_TRADE,0.0,0.7864924177777778,1018.3562529999999,0.59,0.6,0.010000000000000009,234.95499999999998,765.9849999999999,1489.991,548.88,394.61999999999995,566.6199999999999,0
2026-09-07T06:22:42.747333+00:00,hourly,bitcoin-up-or-down-september-7-2026-2am-et,0.485,0.40701236652992423,NO_TRADE,0.0,0.6214590741666667,2898.857412,0.48,0.49,0.010000000000000009,248.18,528.6800000000001,928.7976000000001,162.83499999999998,182.16500000000002,366.1322,0
2026-09-07T06:32:58.025423+00:00,hourly,bitcoin-up-or-down-september-7-2026-2am-et,0.355,0.3008917716661245,NO_TRADE,0.0,0.4505484936111111,2898.857412,0.35,0.36,0.010000000000000009,117.89,150.76,383.5969,109.9656,212.87439999999998,552.2293999999999,0
2026-09-07T06:42:37.047731+00:00,hourly,bitcoin-up-or-down-september-7-2026-2am-et,0.265,0.22351048817596508,BUY_NO,644.0103782999998,0.2897089636111111,6440.103782999998,0.26,0.27,0.010000000000000009,125.07500000000002,262.39,505.71,215.30499999999998,641.9949999999999,942.1949999999999,0
2026-09-07T06:52:28.026260+00:00,hourly,bitcoin-up-or-down-september-7-2026-2am-et,0.025,0.021136031054624343,NO_TRADE,0.0,0.12554826111111111,12928.557422000003,0.02,0.03,0.009999999999999998,18.25,63.925000000000004,121.495,25.4952,1772.7648,1772.7648,0
2026-09-07T07:03:13.710641+00:00,hourly,bitcoin-up-or-down-september-7-2026-3am-et,0.44,0.37606449212664933,NO_TRADE,0.0,0.9461914886111111,52.35881799999999,0.43,0.45,0.020000000000000018,83.175,492.075,1345.21,520.625,696.375,840.04,0
2026-09-07T07:12:48.060076+00:00,hourly,bitcoin-up-or-down-september-7-2026-3am-et,0.455,0.3904987328513416,NO_TRADE,0.0,0.7866499788888889,2506.5888769999997,0.45,0.46,0.010000000000000009,507.19960000000003,603.1996,1110.8003,190.78,241.22000000000003,422.765,0
2026-09-07T07:22:46.367293+00:00,hourly,bitcoin-up-or-down-september-7-2026-3am-et,0.225,0.13772094912102206,BUY_NO,685.1425607,0.6204535297222222,6851.425606999999,0.22,0.23,0.010000000000000009,246.4,329.76750000000004,501.05250000000007,335.7018,1238.2382,1483.4382,0
2026-09-07T07:32:52.365357+00:00,hourly,bitcoin-up-or-down-september-7-2026-3am-et,0.14500000000000002,0.10964191378028859,BUY_NO,685.1425607,0.4521207341666667,6851.425606999999,0.14,0.15,0.009999999999999981,173.285,250.5211,382.5079,38.85,256.15,471.75,0
2026-09-07T07:42:39.766583+00:00,hourly,bitcoin-up-or-down-september-7-2026-3am-et,0.0125,0.0065557879912991135,NO_TRADE,0.0,0.28895372694444443,15646.685833000003,0.01,0.015,0.004999999999999999,14.35807,58.52091999999999,81.77091999999999,11.186399999999999,3550.3536000000004,3550.3536000000004,0
2026-09-07T07:52:09.982395+00:00,hourly,bitcoin-up-or-down-september-7-2026-3am-et,0.0055,0.006346248797680402,NO_TRADE,0.0,0.13056044583333334,17793.951544999996,0.001,0.01,0.009000000000000001,11.525,24.05343,49.21593,2.586,2583.414,2583.414,0
2026-09-07T08:02:37.403405+00:00,hourly,bitcoin-up-or-down-september-7-2026-4am-et,0.535,0.5051294059032782,NO_TRADE,0.0,0.9562768319444445,596.22906,0.53,0.54,0.010000000000000009,34.766000000000005,123.52600000000001,766.5989999999999,400.36,361.64,466.255,1
2026-09-07T08:12:46.431715+00:00,hourly,bitcoin-up-or-down-september-7-2026-4am-et,0.625,0.6026548386280451,NO_TRADE,0.0,0.7871023013888888,2958.8236500000007,0.62,0.63,0.010000000000000009,189.345,404.3845,786.6195,305.7887,192.62130000000002,294.8213,1
2026-09-07T08:22:37.301240+00:00,hourly,bitcoin-up-or-down-september-7-2026-4am-et,0.635,0.5787403808016732,BUY_NO,605.7198147,0.6229718777777778,6057.198147,0.63,0.64,0.010000000000000009,97.82,97.82,840.3012,388.245,237.345,402.9,1
2026-09-07T08:32:20.299427+00:00,hourly,bitcoin-up-or-down-september-7-2026-4am-et,0.765,0.7387866571605535,NO_TRADE,0.0,0.46102793694444444,6057.198147,0.76,0.77,0.010000000000000009,212.265,350.515,1067.615,19.7,14.175,119.345,1
2026-09-07T08:42:10.186859+00:00,hourly,bitcoin-up-or-down-september-7-2026-4am-et,0.77,0.7683060280527974,NO_TRADE,0.0,0.29717031694444446,9560.31976,0.76,0.78,0.020000000000000018,594.535,714.535,1405.1599999999999,184.125,59.375,286.485,1
2026-09-07T08:52:32.727329+00:00,hourly,bitcoin-up-or-down-september-7-2026-4am-et,0.815,0.8142577349673974,NO_TRADE,0.0,0.12424240861111112,12674.222062000003,0.81,0.82,0.009999999999999898,91.225,763.225,1523.0382,928.0500000000001,221.95,232.765,1
2026-09-07T09:03:21.865652+00:00,hourly,bitcoin-up-or-down-september-7-2026-5am-et,0.535,0.5053295918589019,NO_TRADE,0.0,0.9439262077777778,788.194038,0.53,0.54,0.010000000000000009,335.55000000000007,598.7500000000001,833.5500000000001,54.9,50.1,432.3,0
2026-09-07T09:12:09.243207+00:00,hourly,bitcoin-up-or-down-september-7-2026-5am-et,0.72,0.7277401414675767,NO_TRADE,0.0,0.7974324425,2963.162193,0.71,0.73,0.020000000000000018,543.0495,1068.0495,1700.7795,725.04,298.96,472.467,0
2026-09-07T09:22:41.861884+00:00,hourly,bitcoin-up-or-down-september-7-2026-5am-et,0.655,0.6128413072788735,BUY_NO,571.6721957096382,0.6217050322222223,8846.677496,0.65,0.66,0.010000000000000009,837.33,922.33,1537.3300000000002,173.55,96.45,168.60000000000002,0
2026-09-07T09:33:06.620916+00:00,hourly,bitcoin-up-or-down-september-7-2026-5am-et,0.595,0.5354699344497853,BUY_NO,884.6677496000001,0.44816085666666666,8846.677496,0.59,0.6,0.010000000000000009,329.25,763.25,1245.049,132.0,93.0,374.65,0
2026-09-07T09:42:09.454498+00:00,hourly,bitcoin-up-or-down-september-7-2026-5am-et,0.33,0.27418396974312714,BUY_NO,1431.7509455272736,0.29737375055555554,15224.043976999996,0.32,0.34,0.020000000000000018,357.75,481.95,833.8800000000001,111.1231,240.88689999999997,340.9729,0
2026-09-07T09:52:35.808074+00:00,hourly,bitcoin-up-or-down-september-7-2026-5am-et,0.11,0.10366688966815903,NO_TRADE,0.0,0.12338664611111112,19924.014674,0.09,0.13,0.04000000000000001,152.2812,204.91320000000002,268.8632,113.2056,1219.3644,1569.0444,0
2026-09-07T10:03:10.622388+00:00,hourly,bitcoin-up-or-down-september-7-2026-6am-et,0.585,0.5029831190991035,NO_TRADE,0.0,0.9470493366666667,21.901958999999998,0.57,0.6,0.030000000000000027,716.55,930.4438,1403.5438,551.1999999999999,418.8,652.269,1
2026-09-07T10:12:26.114499+00:00,hourly,bitcoin-up-or-down-september-7-2026-6am-et,0.64,0.6260429272473276,NO_TRADE,0.0,0.7927459725,1851.2715019999994,0.63,0.65,0.020000000000000018,275.20000000000005,961.95,1645.8000000000002,562.35,342.65,434.6978,1
2026-09-07T10:22:31.192958+00:00,hourly,bitcoin-up-or-down-september-7-2026-6am-et,0.78,0.7672470739609892,NO_TRADE,0.0,0.6246686227777778,4854.086313,0.77,0.79,0.020000000000000018,1272.6061,1450.8061,1763.7061,589.75,185.25,227.75,1
2026-09-07T10:32:26.653193+00:00,hourly,bitcoin-up-or-down-september-7-2026-6am-et,0.815,0.7928677320862143,NO_TRADE,0.0,0.4592630019444444,4854.086313,0.81,0.82,0.009999999999999898,416.4398,517.2398,1486.9397999999999,787.8679999999999,189.09199999999998,251.5607,1
2026-09-07T10:42:35.500195+00:00,hourly,bitcoin-up-or-down-september-7-2026-6am-et,0.935,0.9297611324426772,NO_TRADE,0.0,0.2901388347222222,5581.565766,0.93,0.94,0.009999999999999898,1025.1108,1492.1508,3113.6354,378.98,32.02,51.649,1
2026-09-07T10:52:43.294765+00:00,hourly,bitcoin-up-or-down-september-7-2026-6am-et,0.9864999999999999,0.9859450237557805,NO_TRADE,0.0,0.12130700972222222,10109.681005000002,0.986,0.987,0.0010000000000000009,1567.52286,1777.97619,1777.97619,217.659,3.141,14.3875,1
2026-09-07T11:03:13.039707+00:00,hourly,bitcoin-up-or-down-september-7-2026-7am-et,0.435,0.3603593461056255,NO_TRADE,0.0,0.9463778591666667,72.471713,0.43,0.44,0.010000000000000009,21.1,142.30540000000002,680.1320999999999,628.81,848.1899999999999,1326.09,1
2026-09-07T11:12:31.709821+00:00,hourly,bitcoin-up-or-down-september-7-2026-7am-et,0.585,0.5644321586681187,NO_TRADE,0.0,0.791191716388889,4824.0597130000015,0.58,0.59,0.010000000000000009,286.4941,393.2441,1296.9972,675.9799999999999,492.52,523.3199999999999,1
2026-09-07T11:22:56.868877+00:00,hourly,bitcoin-up-or-down-september-7-2026-7am-et,0.795,0.823341770727981,NO_TRADE,0.0,0.6175364230555556,8729.440673000003,0.79,0.8,0.010000000000000009,804.2269,1059.7471,1964.8538,296.13,82.37,195.41500000000002,1
2026-09-07T11:32:53.048171+00:00,hourly,bitcoin-up-or-down-september-7-2026-7am-et,0.865,0.8660248158670764,NO_TRADE,0.0,0.45193106361111113,8729.440673000003,0.86,0.87,0.010000000000000009,334.15,706.17,1339.739,797.9,132.10000000000002,192.90000000000003,1
2026-09-07T11:42:36.268642+00:00,hourly,bitcoin-up-or-down-september-7-2026-7am-et,0.775,0.7525090099191706,NO_TRADE,0.0,0.2899253772222222,10789.319838999994,0.77,0.78,0.010000000000000009,335.15500000000003,1053.9550000000002,1402.9569000000001,647.1999999999999,202.79999999999998,227.79999999999998,1
2026-09-07T11:52:07.210374+00:00,hourly,bitcoin-up-or-down-september-7-2026-7am-et,0.865,0.8581921121654065,NO_TRADE,0.0,0.13133045166666665,10789.319838999994,0.86,0.87,0.010000000000000009,171.70999999999998,282.96,1833.1367,1137.845,197.655,211.1766,1
2026-09-07T12:03:05.858750+00:00,hourly,bitcoin-up-or-down-september-7-2026-8am-et,0.505,0.4680123705499108,NO_TRADE,0.0,0.9483725694444445,123.294113,0.5,0.51,0.010000000000000009,310.3268,438.3218,849.7218,467.265,486.235,859.855,1
2026-09-07T12:12:38.409762+00:00,hourly,bitcoin-up-or-down-september-7-2026-8am-et,0.565,0.5377158280302692,NO_TRADE,0.0,0.7893306216666667,1261.1164010000002,0.56,0.57,0.009999999999999898,133.6602,296.7893,1490.8725,677.6658,541.2642,728.2542,1
2026-09-07T12:22:38.030903+00:00,hourly,bitcoin-up-or-down-september-7-2026-8am-et,0.725,0.7012134395963706,NO_TRADE,0.0,0.6227691936111112,3528.4266530000004,0.72,0.73,0.010000000000000009,674.0666,879.1916,1692.3218000000002,32.2,12.8,29.297,1
2026-09-07T12:32:30.486086+00:00,hourly,bitcoin-up-or-down-september-7-2026-8am-et,0.865,0.8575064181618033,NO_TRADE,0.0,0.45819830944444445,3528.4266530000004,0.86,0.87,0.010000000000000009,953.65,1205.1284,2049.3784,240.39,41.11,217.91000000000003,1
2026-09-07T12:42:43.208414+00:00,hourly,bitcoin-up-or-down-september-7-2026-8am-et,0.765,0.7241800246698342,BUY_NO,471.31546487060245,0.2879976627777778,6720.266487000002,0.76,0.77,0.010000000000000009,128.25,819.7844,1183.5504,1099.9,365.1,399.94000000000005,1
2026-09-07T12:52:44.360342+00:00,hourly,bitcoin-up-or-down-september-7-2026-8am-et,0.9895,0.9903590472584484,NO_TRADE,0.0,0.1210110161111111,11197.917462000003,0.989,0.99,0.0010000000000000009,1187.0937000000001,1187.0937000000001,1187.0937000000001,1298.54187,22.57813,53.36793,1
2026-09-07T13:03:13.254143+00:00,hourly,bitcoin-up-or-down-september-7-2026-9am-et,0.365,0.3241004664503217,NO_TRADE,0.0,0.9463182936111111,17.921566,0.36,0.37,0.010000000000000009,421.5234,445.7034,867.7434,113.49279999999999,206.4872,369.5072,0
2026-09-07T13:12:37.441221+00:00,hourly,bitcoin-up-or-down-september-7-2026-9am-et,0.46499999999999997,0.42199126321124053,BUY_NO,536.8047807,0.7895996608333333,5368.047807,0.46,0.47,0.009999999999999953,613.1284,660.6584,1170.7084,257.45000000000005,307.55,931.3900000000001,0
2026-09-07T13:22:31.311472+00:00,hourly,bitcoin-up-or-down-september-7-2026-9am-et,0.555,0.5479192356058512,NO_TRADE,0.0,0.6246357022222223,13589.218886999999,0.55,0.56,0.010000000000000009,876.7838999999999,1026.1571,1573.3071,135.60000000000002,123.60000000000001,499.6,0
2026-09-07T13:33:02.218569+00:00,hourly,bitcoin-up-or-down-september-7-2026-9am-et,0.335,0.2715625400557004,BUY_NO,1358.9218887,0.4493837308333334,13589.218886999999,0.33,0.34,0.010000000000000009,27.6,281.4,519.8599999999999,599.206,1256.394,1511.694,0
2026-09-07T13:42:36.365883+00:00,hourly,bitcoin-up-or-down-september-7-2026-9am-et,0.035,0.019614740175892917,NO_TRADE,0.0,0.28989836583333334,22767.33956600001,0.03,0.04,0.010000000000000002,27.35,72.77420000000001,192.0242,39.5347,1782.4553,4288.778899999999,0
2026-09-07T13:52:24.782060+00:00,hourly,bitcoin-up-or-down-september-7-2026-9am-et,0.005,0.0040596805849268435,NO_TRADE,0.0,0.1264494277777778,29943.546379000007,0.002,0.008,0.006,15.577580000000001,31.140980000000006,43.06808,0.185,174.815,174.815,0
2026-09-07T14:03:09.453774+00:00,hourly,bitcoin-up-or-down-september-7-2026-10am-et,0.5700000000000001,0.5400590213522319,NO_TRADE,0.0,0.9473739516666666,111.46135000000001,0.56,0.58,0.019999999999999907,278.1157,870.3156999999999,1056.0907,306.2445,247.7455,517.4941,0
2026-09-07T14:12:34.508444+00:00,hourly,bitcoin-up-or-down-september-7-2026-10am-et,0.255,0.16806917899174692,NO_TRADE,0.0,0.7904143211111111,4143.972934,0.25,0.26,0.010000000000000009,260.3,337.86,596.1850000000001,152.6225,468.4675,928.9275,0
2026-09-07T14:22:45.888019+00:00,hourly,bitcoin-up-or-down-september-7-2026-10am-et,0.14500000000000002,0.11678180863753061,NO_TRADE,0.0,0.6205866613888888,12873.495999000002,0.14,0.15,0.009999999999999981,171.3195,228.25760000000002,313.8376,43.14,234.74,443.3,0
2026-09-07T14:32:54.259968+00:00,hourly,bitcoin-up-or-down-september-7-2026-10am-et,0.05,0.03667410281174019,NO_TRADE,0.0,0.4515944533333333,12873.495999000002,0.04,0.06,0.019999999999999997,46.790000000000006,82.95000000000002,169.54130000000004,35.2297,1024.9403,2615.7841,0
2026-09-07T14:42:33.871042+00:00,hourly,bitcoin-up-or-down-september-7-2026-10am-et,0.022,0.01812355092478778,NO_TRADE,0.0,0.2905913772222222,20746.098950000003,0.02,0.024,0.004,41.832910000000005,55.21081,76.88581,25.0536,1979.3764,3871.1814,0
2026-09-07T14:52:51.192107+00:00,hourly,bitcoin-up-or-down-september-7-2026-10am-et,0.0525,0.06478817020877065,NO_TRADE,0.0,0.11911330361111111,25265.169417999994,0.046,0.059,0.012999999999999998,59.00000000000001,75.7,96.69999999999999,13.22,302.28,1189.4719999999998,0
2026-09-07T15:02:42.629781+00:00,hourly,bitcoin-up-or-down-september-7-2026-11am-et,0.425,0.394299149577372,NO_TRADE,0.0,0.9548250608333333,397.031609,0.42,0.43,0.010000000000000009,476.63,583.28,685.4999999999999,318.59989999999993,456.16009999999994,783.1600999999999,0
2026-09-07T15:12:50.685447+00:00,hourly,bitcoin-up-or-down-september-7-2026-11am-et,0.265,0.18822212228439825,NO_TRADE,0.0,0.7859207091666667,2545.748816,0.26,0.27,0.010000000000000009,337.55730000000005,506.3373,718.7123,86.8204,251.71959999999999,333.7996,0
2026-09-07T15:22:33.578115+00:00,hourly,bitcoin-up-or-down-september-7-2026-11am-et,0.29000000000000004,0.2733122917046951,NO_TRADE,0.0,0.6240060791666667,14075.980265,0.28,0.3,0.019999999999999962,31.0,112.92,536.1772000000001,316.14000000000004,845.8599999999999,1118.9199999999998,0
2026-09-07T15:33:05.571338+00:00,hourly,bitcoin-up-or-down-september-7-2026-11am-et,0.045,0.02743166394501842,NO_TRADE,0.0,0.44845240611111115,14075.980265,0.04,0.05,0.010000000000000002,41.64,65.79,241.7392,32.23609999999999,1035.6338999999998,2577.4973,0
2026-09-07T15:42:13.622602+00:00,hourly,bitcoin-up-or-down-september-7-2026-11am-et,0.013500000000000002,0.006789044134416282,NO_TRADE,0.0,0.2962159438888889,20184.125159000007,0.01,0.017,0.007000000000000001,46.68,71.27968000000001,184.26523000000003,8.285,3786.715,3786.715,0
2026-09-07T15:52:12.108002+00:00,hourly,bitcoin-up-or-down-september-7-2026-11am-et,0.015,0.015438995968715476,NO_TRADE,0.0,0.12996999944444446,20184.125159000007,0.011,0.019,0.008,11.795860000000001,21.65566,92.37471000000001,5.144909999999999,2979.85509,2979.85509,0
2026-09-07T16:03:05.714401+00:00,hourly,bitcoin-up-or-down-september-7-2026-12pm-et,0.6799999999999999,0.6572225028467418,NO_TRADE,0.0,0.9484126663888889,82.17193500000002,0.67,0.69,0.019999999999999907,672.5609999999999,953.011,1797.0209999999997,569.84,293.16,367.36,1
2026-09-07T16:12:31.476580+00:00,hourly,bitcoin-up-or-down-september-7-2026-12pm-et,0.665,0.6546227441948224,NO_TRADE,0.0,0.7912565055555556,5955.762771000001,0.66,0.67,0.010000000000000009,502.02650000000006,677.735,1414.6750000000002,642.975,357.605,441.125,1
2026-09-07T16:22:25.776439+00:00,hourly,bitcoin-up-or-down-september-7-2026-12pm-et,0.545,0.49506050971449717,BUY_NO,832.2127830648678,0.6261732113888888,14805.537232,0.54,0.55,0.010000000000000009,534.4775000000001,548.7275000000001,867.5675000000001,365.38180000000006,320.8482,672.1122,1
2026-09-07T16:33:00.217164+00:00,hourly,bitcoin-up-or-down-september-7-2026-12pm-et,0.76,0.75845587772686,NO_TRADE,0.0,0.4499396766666667,14805.537232,0.75,0.77,0.020000000000000018,94.54,423.97,1363.8057000000001,606.1,193.9,193.9,1
2026-09-07T16:42:38.900232+00:00,hourly,bitcoin-up-or-down-september-7-2026-12pm-et,0.965,0.9758748942415459,NO_TRADE,0.0,0.28919438000000003,21667.510895,0.96,0.97,0.010000000000000009,1336.01987,3343.45557,4696.97059,1119.119,58.306,70.006,1
2026-09-07T16:52:39.840975+00:00,hourly,bitcoin-up-or-down-september-7-2026-12pm-et,0.992,0.9923170280651538,NO_TRADE,0.0,0.12226639583333333,25423.269821,0.99,0.994,0.0040000000000000036,2336.57801,2336.57801,2336.57801,1580.5646000000002,20.305400000000002,32.6661,1
2026-09-07T17:03:30.490606+00:00,hourly,bitcoin-up-or-down-september-7-2026-1pm-et,0.475,0.4455334998690725,NO_TRADE,0.0,0.9415303872222223,105.265003,0.47,0.48,0.010000000000000009,556.49,642.49,1147.9564000000003,148.7,158.05,266.40000000000003,1
2026-09-07T17:12:40.389630+00:00,hourly,bitcoin-up-or-down-september-7-2026-1pm-et,0.705,0.7030602440569644,NO_TRADE,0.0,0.7887806583333333,1693.779856,0.7,0.71,0.010000000000000009,452.77819999999997,1063.0582,1752.5182,583.9399999999999,262.06,470.06,1
2026-09-07T17:22:13.308857+00:00,hourly,bitcoin-up-or-down-september-7-2026-1pm-et,0.775,0.7584106640634218,NO_TRADE,0.0,0.6296364286111111,1693.779856,0.77,0.78,0.010000000000000009,408.26,1088.26,1682.67,709.2199999999999,222.77999999999997,234.02999999999997,1
2026-09-07T17:32:56.992956+00:00,hourly,bitcoin-up-or-down-september-7-2026-1pm-et,0.8,0.768812902327063,NO_TRADE,0.0,0.45083529,4974.013837000001,0.79,0.81,0.020000000000000018,1339.7523999999999,1754.7523999999999,2015.1319999999998,690.75,194.25,238.41,1
2026-09-07T17:42:39.264911+00:00,hourly,bitcoin-up-or-down-september-7-2026-1pm-et,0.935,0.9308805768447778,NO_TRADE,0.0,0.2890930802777778,7532.486392,0.92,0.95,0.029999999999999916,477.62760000000003,697.4975,3026.1211,758.3511,69.85889999999999,119.62889999999999,1
2026-09-07T17:52:38.219678+00:00,hourly,bitcoin-up-or-down-september-7-2026-1pm-et,0.987,0.9875669082944757,NO_TRADE,0.0,0.12271675611111112,13192.749826999994,0.985,0.989,0.0040000000000000036,1049.38989,1049.38989,1049.38989,1074.7612,15.653799999999999,36.5788,1
2026-09-07T18:03:05.510842+00:00,hourly,bitcoin-up-or-down-september-7-2026-2pm-et,0.45999999999999996,0.41418672012905094,NO_TRADE,0.0,0.9484692105555556,0.0,0.45,0.47,0.019999999999999962,51.58,158.89,619.7882999999999,205.5,256.5,740.5610999999999,1
2026-09-07T18:12:33.140945+00:00,hourly,bitcoin-up-or-down-september-7-2026-2pm-et,0.525,0.4794643790006212,NO_TRADE,0.0,0.7907941819444444,1547.3955819999996,0.52,0.53,0.010000000000000009,241.23110000000003,380.21610000000004,830.3961000000002,171.2,162.05,590.55,1
2026-09-07T18:22:36.047435+00:00,hourly,bitcoin-up-or-down-september-7-2026-2pm-et,0.505,0.47372103969544493,NO_TRADE,0.0,0.6233201569444444,6162.917614000002,0.5,0.51,0.010000000000000009,147.3854,282.4612,674.0812000000001,290.1,294.9,491.46,1
2026-09-07T18:32:58.014207+00:00,hourly,bitcoin-up-or-down-september-7-2026-2pm-et,0.225,0.1759021699060941,BUY_NO,616.2917614000003,0.4505516091666667,6162.917614000002,0.22,0.23,0.010000000000000009,54.87,116.62,362.6286,121.00999999999999,442.99,664.59,1
2026-09-07T18:42:05.891504+00:00,hourly,bitcoin-up-or-down-september-7-2026-2pm-et,0.195,0.1686271781628203,NO_TRADE,0.0,0.2983634711111111,11300.347973000004,0.19,0.2,0.010000000000000009,196.6116,201.01160000000002,386.3166,16.16,72.83999999999999,155.83999999999997,1
2026-09-07T18:52:36.706539+00:00,hourly,bitcoin-up-or-down-september-7-2026-2pm-et,0.845,0.8620128885909677,NO_TRADE,0.0,0.1231370725,15828.217570000004,0.84,0.85,0.010000000000000009,362.2944,640.6944,1079.2514,97.88,12.520000000000001,129.52,1
2026-09-07T19:02:35.532792+00:00,hourly,bitcoin-up-or-down-september-7-2026-3pm-et,0.405,0.34360037483313616,NO_TRADE,0.0,0.9567964466666666,0.0,0.4,0.41,0.009999999999999953,374.44,540.85,783.17,179.32000000000002,233.28,623.88,1
2026-09-07T19:12:40.512274+00:00,hourly,bitcoin-up-or-down-september-7-2026-3pm-et,0.38,0.3210215711992332,NO_TRADE,0.0,0.7887465905555555,1469.351046,0.37,0.39,0.020000000000000018,503.0,672.535,1074.815,270.8763,474.1137,828.3572,1
2026-09-07T19:22:40.270729+00:00,hourly,bitcoin-up-or-down-september-7-2026-3pm-et,0.665,0.6618897870316861,NO_TRADE,0.0,0.6221470197222223,3271.49106,0.66,0.67,0.010000000000000009,306.03000000000003,872.52,1569.9199999999998,827.45,432.55,474.67,1
2026-09-07T19:33:34.222952+00:00,hourly,bitcoin-up-or-down-september-7-2026-3pm-et,0.83,0.8420999356739604,NO_TRADE,0.0,0.4404936244444444,3271.49106,0.82,0.84,0.020000000000000018,375.48,564.6800000000001,1941.99,1542.7519000000002,353.23810000000003,398.94810000000007,1
2026-09-07T19:42:40.720334+00:00,hourly,bitcoin-up-or-down-september-7-2026-3pm-et,0.9555,0.9582180732543694,NO_TRADE,0.0,0.2886887961111111,11216.801367000002,0.951,0.96,0.009000000000000008,1052.7666,1584.4566,3755.7116,244.65599999999998,13.344000000000001,80.3568,1
2026-09-07T19:52:38.531993+00:00,hourly,bitcoin-up-or-down-september-7-2026-3pm-et,0.993,0.9925306514219993,NO_TRADE,0.0,0.12263000194444444,15074.438811999997,0.99,0.996,0.006000000000000005,739.473,739.473,739.473,2523.5524499999997,29.74755,70.07465,1
2026-09-07T20:03:05.852145+00:00,hourly,bitcoin-up-or-down-september-7-2026-4pm-et,0.435,0.37355447299992306,NO_TRADE,0.0,0.9483744041666667,80.23528999999999,0.43,0.44,0.010000000000000009,555.3534999999999,605.9535,973.2946999999999,25.779999999999998,35.22,44.07,0
2026-09-07T20:12:36.582323+00:00,hourly,bitcoin-up-or-down-september-7-2026-4pm-et,0.155,0.09828768261943767,NO_TRADE,0.0,0.7898382436111111,2658.0365179999994,0.15,0.16,0.010000000000000009,149.8,208.3144,276.9344,97.85,578.15,1248.9113,0
2026-09-07T20:22:41.554126+00:00,hourly,bitcoin-up-or-down-september-7-2026-4pm-et,0.095,0.07112560094978745,NO_TRADE,0.0,0.6217905205555555,6776.115115000003,0.09,0.1,0.010000000000000009,67.488,106.72800000000001,307.1148,86.37,902.63,1140.71,0
2026-09-07T20:32:40.306564+00:00,hourly,bitcoin-up-or-down-september-7-2026-4pm-et,0.07500000000000001,0.05608798428114378,NO_TRADE,0.0,0.4554703988888889,6776.115115000003,0.07,0.08,0.009999999999999995,51.298,149.663,219.34980000000002,74.52000000000001,1035.98,1468.23,0
2026-09-07T20:42:42.474529+00:00,hourly,bitcoin-up-or-down-september-7-2026-4pm-et,0.035,0.028835499878337334,NO_TRADE,0.0,0.2882015197222222,8420.927228000002,0.03,0.04,0.010000000000000002,20.5,30.2596,120.2996,17.8149,765.0151,1940.353,0
2026-09-07T20:52:28.169703+00:00,hourly,bitcoin-up-or-down-september-7-2026-4pm-et,0.023,0.020592131510910272,NO_TRADE,0.0,0.12550841583333333,8420.927228000002,0.017,0.029,0.012,25.36473,30.09139,65.03139,8.4306,786.4643999999998,1207.9309899999998,0
2026-09-07T21:03:00.053433+00:00,hourly,bitcoin-up-or-down-september-7-2026-5pm-et,0.505,0.4423420994558758,NO_TRADE,0.0,0.9499851575,223.293722,0.5,0.51,0.010000000000000009,72.38,266.89,593.1092,225.0751,231.91490000000002,385.3149,0
2026-09-07T21:12:39.298966+00:00,hourly,bitcoin-up-or-down-september-7-2026-5pm-et,0.45,0.3820989090504003,NO_TRADE,0.0,0.7890836205555556,1091.438026,0.44,0.46,0.020000000000000018,583.6653,683.3085,1057.4085,514.2148,664.1452,812.0452,0
2026-09-07T21:22:30.522136+00:00,hourly,bitcoin-up-or-down-september-7-2026-5pm-et,0.545,0.5149571966502057,NO_TRADE,0.0,0.6248549622222223,1091.438026,0.54,0.55,0.010000000000000009,707.3244000000001,825.6450000000001,1281.645,383.99,338.01,772.41,0
2026-09-07T21:32:31.129225+00:00,hourly,bitcoin-up-or-down-september-7-2026-5pm-et,0.495,0.4247699192515952,NO_TRADE,0.0,0.45801965972222225,3253.809956,0.49,0.5,0.010000000000000009,207.72,381.92,1175.3219000000001,318.78000000000003,333.21999999999997,420.81309999999996,0
2026-09-07T21:42:02.144579+00:00,hourly,bitcoin-up-or-down-september-7-2026-5pm-et,0.265,0.21308007135130402,NO_TRADE,0.0,0.2994042836111111,4459.419897999998,0.26,0.27,0.010000000000000009,125.35080000000002,206.57980000000003,471.5298000000001,309.75,925.25,1179.85,0
2026-09-07T21:52:43.606244+00:00,hourly,bitcoin-up-or-down-september-7-2026-5pm-et,0.095,0.07451066250376837,NO_TRADE,0.0,0.12122048777777777,8845.52558,0.09,0.1,0.010000000000000009,28.67,58.31,248.04000000000002,98.4088,1068.6512,1113.2912000000001,0
2026-09-07T22:02:44.754779+00:00,hourly,bitcoin-up-or-down-september-7-2026-6pm-et,0.495,0.41245295130219056,NO_TRADE,0.0,0.9542347836111111,686.661958,0.49,0.5,0.010000000000000009,455.75,759.4872,1320.1876,102.78,109.22,490.82000000000005,0
2026-09-07T22:12:39.663477+00:00,hourly,bitcoin-up-or-down-september-7-2026-6pm-et,0.475,0.42536574025792945,BUY_NO,898.9499357000001,0.7889823675,8989.499357,0.47,0.48,0.010000000000000009,164.496,631.996,1139.3907000000002,388.56100000000004,455.23900000000003,489.33900000000006,0
2026-09-07T22:22:34.533738+00:00,hourly,bitcoin-up-or-down-september-7-2026-6pm-et,0.39,0.3149056495792866,BUY_NO,1310.9015180000004,0.6237406283333333,13109.015180000002,0.38,0.4,0.020000000000000018,84.48689999999999,260.88689999999997,699.6369,168.93509999999998,272.24490000000003,377.78090000000003,0
2026-09-07T22:32:56.259818+00:00,hourly,bitcoin-up-or-down-september-7-2026-6pm-et,0.295,0.26994245596311395,NO_TRADE,0.0,0.45103893944444445,13109.015180000002,0.29,0.3,0.010000000000000009,211.0,273.4,446.09999999999997,91.5167,228.7133,339.6733,0
2026-09-07T22:42:38.455999+00:00,hourly,bitcoin-up-or-down-september-7-2026-6pm-et,0.014499999999999999,0.007527249818462441,NO_TRADE,0.0,0.28931777805555553,15998.269599000003,0.01,0.019,0.009,27.098039999999997,70.39804000000001,84.86104000000002,20.0912,4599.5288,4599.5288,0
2026-09-07T22:52:36.844892+00:00,hourly,bitcoin-up-or-down-september-7-2026-6pm-et,0.006500000000000001,0.006718323712290056,NO_TRADE,0.0,0.1230986411111111,19990.960853,0.003,0.01,0.007,16.6888,60.333800000000004,68.2718,1.9289,1327.8511,1327.8511,0
2026-09-07T23:04:24.926886+00:00,hourly,bitcoin-up-or-down-september-7-2026-7pm-et,0.63,0.5928708750747924,NO_TRADE,0.0,0.9264091983333332,95.87311900000002,0.62,0.64,0.020000000000000018,656.677,856.657,1370.917,368.69,230.81,624.9860000000001,1
2026-09-07T23:12:34.236933+00:00,hourly,bitcoin-up-or-down-september-7-2026-7pm-et,0.805,0.8253995844934987,NO_TRADE,0.0,0.7904897408333333,1224.244513,0.8,0.81,0.010000000000000009,176.04999999999998,820.1299999999999,1565.0645,1000.9200000000001,254.07999999999998,335.91999999999996,1
2026-09-07T23:22:31.437432+00:00,hourly,bitcoin-up-or-down-september-7-2026-7pm-et,0.75,0.6865180113689344,BUY_NO,520.5288304,0.6246007133333333,5205.288304,0.74,0.76,0.020000000000000018,224.26,446.56,1490.865,722.51,256.99,306.55,1
2026-09-07T23:32:53.173665+00:00,hourly,bitcoin-up-or-down-september-7-2026-7pm-et,0.615,0.5154794907592917,BUY_NO,520.5288304,0.45189620416666665,5205.288304,0.61,0.62,0.010000000000000009,83.03999999999999,218.72,924.28,310.5,202.5,231.6141,1
2026-09-07T23:42:29.228298+00:00,hourly,bitcoin-up-or-down-september-7-2026-7pm-et,0.885,0.8853715404061647,NO_TRADE,0.0,0.29188102833333335,7764.2755099999995,0.88,0.89,0.010000000000000009,734.8043,1341.7743,2413.9541,225.95,33.05,44.879999999999995,1
2026-09-07T23:52:39.797065+00:00,hourly,bitcoin-up-or-down-september-7-2026-7pm-et,0.994,0.9947566454609352,NO_TRADE,0.0,0.12227859305555557,10743.717885999993,0.991,0.997,0.006000000000000005,1439.7570400000002,1439.7570400000002,1439.7570400000002,2825.1792,27.900799999999997,41.60679999999999,1
2026-09-08T00:03:11.535205+00:00,hourly,bitcoin-up-or-down-september-7-2026-8pm-et,0.435,0.31663546352530714,NO_TRADE,0.0,0.9467957763888889,175.569231,0.43,0.44,0.010000000000000009,110.2,571.58,921.12,349.64,467.35999999999996,544.06,1
2026-09-08T00:12:08.317841+00:00,hourly,bitcoin-up-or-down-september-7-2026-8pm-et,0.33,0.25205200580648957,NO_TRADE,0.0,0.7976894886111111,1831.0168650000003,0.32,0.34,0.020000000000000018,311.93,700.37,976.5601,292.14,624.8600000000001,791.4600000000002,1
2026-09-08T00:22:35.099044+00:00,hourly,bitcoin-up-or-down-september-7-2026-8pm-et,0.325,0.2755308203452138,NO_TRADE,0.0,0.6235835988888889,3210.1028159999996,0.32,0.33,0.010000000000000009,323.967,549.0169999999999,805.357,61.0664,132.9536,741.9536,1
2026-09-08T00:32:50.227828+00:00,hourly,bitcoin-up-or-down-september-7-2026-8pm-et,0.385,0.3479233454078082,NO_TRADE,0.0,0.4527144922222222,3210.1028159999996,0.38,0.39,0.010000000000000009,50.9477,363.36769999999996,673.9656999999999,444.94000000000005,752.0600000000001,937.6600000000001,1
2026-09-08T00:42:38.573177+00:00,hourly,bitcoin-up-or-down-september-7-2026-8pm-et,0.885,0.9142504231023971,NO_TRADE,0.0,0.2892852286111111,8476.17669,0.88,0.89,0.010000000000000009,909.1982,965.6182,1819.5692,917.09,133.66,249.86,1
2026-09-08T00:52:35.446173+00:00,hourly,bitcoin-up-or-down-september-7-2026-8pm-et,0.975,0.9747561895227371,NO_TRADE,0.0,0.12348717416666667,12666.519595000003,0.97,0.98,0.010000000000000009,1572.3534,1572.3534,1572.3534,2209.3981,72.3319,82.8949,1
2026-09-08T01:03:04.603917+00:00,hourly,bitcoin-up-or-down-september-7-2026-9pm-et,0.495,0.4554875183868797,NO_TRADE,0.0,0.9487211341666667,539.8544089999999,0.49,0.5,0.010000000000000009,685.8768,741.5168,1008.9568,69.53999999999999,74.46000000000001,457.12,1
2026-09-08T01:12:40.937523+00:00,hourly,bitcoin-up-or-down-september-7-2026-9pm-et,0.585,0.5583693883022851,NO_TRADE,0.0,0.7886284658333333,5268.684375000001,0.58,0.59,0.010000000000000009,165.7,331.4919,1097.8183000000001,857.857,644.643,760.803,1
2026-09-08T01:22:04.221406+00:00,hourly,bitcoin-up-or-down-september-7-2026-9pm-et,0.5700000000000001,0.526874165783553,BUY_NO,526.8684375000001,0.6321607205555555,5268.684375000001,0.56,0.58,0.019999999999999907,78.9,110.106,522.356,333.27000000000004,268.73,314.27000000000004,1
2026-09-08T01:32:44.088153+00:00,hourly,bitcoin-up-or-down-september-7-2026-9pm-et,0.7,0.6898313061027292,NO_TRADE,0.0,0.4544199575,6772.698434999999,0.69,0.71,0.020000000000000018,334.43999999999994,477.44699999999995,643.747,648.5631999999999,298.41999999999996,358.47999999999996,1
2026-09-08T01:42:36.697483+00:00,hourly,bitcoin-up-or-down-september-7-2026-9pm-et,0.54,0.4715770539095706,BUY_NO,968.9470511,0.28980625472222227,9689.470511,0.53,0.55,0.020000000000000018,256.40000000000003,373.25,468.15,145.08480000000003,131.90519999999998,301.9352,1
2026-09-08T01:52:38.489509+00:00,hourly,bitcoin-up-or-down-september-7-2026-9pm-et,0.845,0.8388463038541341,NO_TRADE,0.0,0.12264180305555555,11821.982462,0.84,0.85,0.010000000000000009,94.17999999999999,102.88,529.5139999999999,501.45,98.55000000000001,102.15,1
2026-09-08T02:03:08.427935+00:00,hourly,bitcoin-up-or-down-september-7-2026-10pm-et,0.395,0.3532681877600387,NO_TRADE,0.0,0.9476589069444444,19.607841999999998,0.39,0.4,0.010000000000000009,47.0631,181.88309999999998,587.1331,197.5424,319.61760000000004,469.73400000000004,0
2026-09-08T02:12:03.623825+00:00,hourly,bitcoin-up-or-down-september-7-2026-10pm-et,0.185,0.11665687960152278,NO_TRADE,0.0,0.7989933819444444,1705.7182289999998,0.18,0.19,0.010000000000000009,39.650000000000006,168.8,393.394,78.00000000000001,377.0,623.8256,0
2026-09-08T02:22:28.818251+00:00,hourly,bitcoin-up-or-down-september-7-2026-10pm-et,0.305,0.27413978164372926,NO_TRADE,0.0,0.625328263611111,5015.7383310000005,0.3,0.31,0.010000000000000009,387.49,491.44,681.84,92.102,220.63799999999998,299.83799999999997,0
2026-09-08T02:32:54.376606+00:00,hourly,bitcoin-up-or-down-september-7-2026-10pm-et,0.08499999999999999,0.05865927208103308,NO_TRADE,0.0,0.45156205388888887,5015.7383310000005,0.08,0.09,0.009999999999999995,38.25,149.9583,243.3599,76.79,1015.2100000000002,1251.15,0
2026-09-08T02:42:41.540508+00:00,hourly,bitcoin-up-or-down-september-7-2026-10pm-et,0.025,0.016522939759419184,NO_TRADE,0.0,0.28846097,10853.484599,0.022,0.028,0.006000000000000002,29.3267,47.521699999999996,89.43169999999999,10.71,507.78999999999996,2623.4613999999997,0
2026-09-08T02:52:19.045632+00:00,hourly,bitcoin-up-or-down-september-7-2026-10pm-et,0.004,0.0025648706553276644,NO_TRADE,0.0,0.12804288,15012.054723,0.003,0.005,0.002,27.83836,37.68336,99.62228,11.40716,6595.75284,6595.75284,0
2026-09-08T03:03:08.719438+00:00,hourly,bitcoin-up-or-down-september-7-2026-11pm-et,0.62,0.48760471064202643,NO_TRADE,0.0,0.9475779338888889,7.882353,0.61,0.63,0.020000000000000018,507.34000000000003,677.9455,935.5255000000001,688.8,456.2,587.4,0
2026-09-08T03:12:36.631945+00:00,hourly,bitcoin-up-or-down-september-7-2026-11pm-et,0.505,0.4394773520847108,NO_TRADE,0.0,0.7898244597222221,2129.8152000000005,0.5,0.51,0.010000000000000009,498.78970000000004,547.5497,943.1797,202.5,224.5,731.5,0
2026-09-08T03:22:18.210551+00:00,hourly,bitcoin-up-or-down-september-7-2026-11pm-et,0.18,0.09511834688666562,NO_TRADE,0.0,0.6282748469444445,2129.8152000000005,0.17,0.19,0.01999999999999999,150.94,251.62869999999998,375.2889,37.730000000000004,174.47,307.07,0
2026-09-08T03:32:57.738856+00:00,hourly,bitcoin-up-or-down-september-7-2026-11pm-et,0.425,0.37993307285824623,NO_TRADE,0.0,0.45062809555555555,3222.6644119999996,0.42,0.43,0.010000000000000009,606.5,695.6,942.65,17.64,24.36,105.36,0
2026-09-08T03:42:06.432711+00:00,hourly,bitcoin-up-or-down-september-7-2026-11pm-et,0.445,0.4618395749541715,NO_TRADE,0.0,0.29821313583333336,9478.347678,0.44,0.45,0.010000000000000009,266.95000000000005,347.79,596.97,79.18,158.6,365.1,0
2026-09-08T03:52:06.961897+00:00,hourly,bitcoin-up-or-down-september-7-2026-11pm-et,0.585,0.548747650744639,BUY_NO,538.833607851051,0.13139947305555555,9478.347678,0.58,0.59,0.010000000000000009,277.05,319.75,488.90999999999997,190.31,140.69,182.05,0
2026-09-08T04:03:08.273060+00:00,hourly,bitcoin-up-or-down-september-8-2026-12am-et,0.505,0.4383362087763926,NO_TRADE,0.0,0.9477019277777777,106.468629,0.5,0.51,0.010000000000000009,678.51,764.9,1140.53,59.190000000000005,59.29,74.89,0
2026-09-08T04:12:38.606941+00:00,hourly,bitcoin-up-or-down-september-8-2026-12am-et,0.375,0.3025525180519616,NO_TRADE,0.0,0.7892758497222222,1026.522556,0.37,0.38,0.010000000000000009,466.72,553.52,920.1449999999999,278.66999999999996,483.33000000000004,1037.4225000000001,0
2026-09-08T04:22:39.082413+00:00,hourly,bitcoin-up-or-down-september-8-2026-12am-et,0.28,0.23244110537156448,BUY_NO,669.7432077000001,0.6224771075,6697.432077,0.27,0.29,0.019999999999999962,383.74999999999994,402.9699999999999,529.9467999999999,74.45,216.65,779.15,0
2026-09-08T04:32:34.832170+00:00,hourly,bitcoin-up-or-down-september-8-2026-12am-et,0.325,0.28776208027609285,BUY_NO,669.7432077000001,0.45699106388888894,6697.432077,0.32,0.33,0.010000000000000009,17.91,70.41,344.34409999999997,149.79360000000003,351.32640000000004,408.7264,0
2026-09-08T04:42:14.704212+00:00,hourly,bitcoin-up-or-down-september-8-2026-12am-et,0.07,0.052372526013538465,NO_TRADE,0.0,0.29591549666666667,8983.857017,0.06,0.08,0.020000000000000004,68.33,80.33,102.69999999999999,34.4475,594.9724999999999,910.7356999999998,0
2026-09-08T04:52:35.922488+00:00,hourly,bitcoin-up-or-down-september-8-2026-12am-et,0.015,0.011991400383552751,NO_TRADE,0.0,0.12335486444444445,13979.383007999997,0.01,0.02,0.01,44.9529,57.5657,88.75569999999999,11.7098,1159.2702,1159.2702,0
2026-09-08T05:03:07.026575+00:00,hourly,bitcoin-up-or-down-september-8-2026-1am-et,0.695,0.6347597875145292,NO_TRADE,0.0,0.9480481736111112,1392.9578390000001,0.69,0.7,0.010000000000000009,362.0611,507.5011,1174.9893000000002,727.4751,332.55490000000003,410.7649,0
2026-09-08T05:12:40.574344+00:00,hourly,bitcoin-up-or-down-september-8-2026-1am-et,0.585,0.5764602748370152,NO_TRADE,0.0,0.7887293488888889,10437.416622000002,0.58,0.59,0.010000000000000009,189.78,360.58,721.9164,232.9654,172.6646,213.1446,0
2026-09-08T05:22:38.138401+00:00,hourly,bitcoin-up-or-down-september-8-2026-1am-et,0.795,0.8218207051820439,NO_TRADE,0.0,0.6227393330555555,16734.754653000007,0.79,0.8,0.010000000000000009,1002.4965000000001,1108.2765000000002,1647.6283000000003,299.94,84.06,267.37,0
2026-09-08T05:32:49.006332+00:00,hourly,bitcoin-up-or-down-september-8-2026-1am-et,0.69,0.6244617759032602,BUY_NO,816.7385896579377,0.4530537966666667,16734.754653000007,0.68,0.7,0.019999999999999907,670.02,900.9096,1141.694,469.6132,226.3468,586.7468,0
2026-09-08T05:42:42.333488+00:00,hourly,bitcoin-up-or-down-september-8-2026-1am-et,0.5700000000000001,0.5015241576789116,BUY_NO,1044.2114700194363,0.2882406977777778,20220.545004000007,0.56,0.58,0.019999999999999907,348.25,529.45,690.6700000000001,263.07000000000005,210.93,246.35000000000002,0
2026-09-08T05:52:08.158507+00:00,hourly,bitcoin-up-or-down-september-8-2026-1am-et,0.46499999999999997,0.4279406930020743,BUY_NO,696.9414564766432,0.1310670813888889,20220.545004000007,0.46,0.47,0.009999999999999953,228.65,310.48,458.39000000000004,61.7,73.30000000000001,112.70720000000001,0
2026-09-08T06:02:46.704941+00:00,hourly,bitcoin-up-or-down-september-8-2026-2am-et,0.415,0.28181433199205025,NO_TRADE,0.0,0.9536930719444444,70.817061,0.41,0.42,0.010000000000000009,113.41579999999999,161.8158,739.5654,187.1452,275.5748,318.27479999999997,0
2026-09-08T06:12:40.345307+00:00,hourly,bitcoin-up-or-down-september-8-2026-2am-et,0.405,0.3442437110703953,BUY_NO,615.5143356000002,0.7887929702777777,6155.143356000001,0.4,0.41,0.009999999999999953,453.7763,661.0363,839.6163,282.142,432.638,541.262,0
2026-09-08T06:22:39.689370+00:00,hourly,bitcoin-up-or-down-september-8-2026-2am-et,0.22,0.1305406388075344,BUY_NO,615.5143356000002,0.6223085083333333,6155.143356000001,0.21,0.23,0.020000000000000018,177.39,382.89,480.16799999999995,49.72,334.28000000000003,565.1300000000001,0
2026-09-08T06:33:03.175050+00:00,hourly,bitcoin-up-or-down-september-8-2026-2am-et,0.27,0.24184009098872955,NO_TRADE,0.0,0.44911804166666663,9536.616182000005,0.26,0.28,0.020000000000000018,173.71290000000002,250.8129,413.1729,85.9,256.1,339.70000000000005,0
2026-09-08T06:42:54.171339+00:00,hourly,bitcoin-up-or-down-september-8-2026-2am-et,0.10500000000000001,0.10549716850823904,NO_TRADE,0.0,0.2849524058333333,14890.197526000004,0.1,0.11,0.009999999999999995,44.559999999999995,84.821,136.81900000000002,46.53,440.47,449.67,0
2026-09-08T06:52:10.411462+00:00,hourly,bitcoin-up-or-down-september-8-2026-2am-et,0.010499999999999999,0.008509158323136035,NO_TRADE,0.0,0.13044126055555558,14890.197526000004,0.01,0.011,0.0009999999999999992,6.767320000000001,36.77732,51.58232,6.1707,1605.3993,1605.3993,0
2026-09-08T07:02:44.083753+00:00,hourly,bitcoin-up-or-down-september-8-2026-3am-et,0.62,0.5809818925651338,NO_TRADE,0.0,0.9544211797222223,339.25348,0.61,0.63,0.020000000000000018,263.952,846.4625,1151.2433,529.3,341.70000000000005,412.22,1
2026-09-08T07:12:06.895869+00:00,hourly,bitcoin-up-or-down-september-8-2026-3am-et,0.715,0.7319360621543826,NO_TRADE,0.0,0.7980844808333334,5686.448190999999,0.71,0.72,0.010000000000000009,240.5365,326.8057,712.7857,551.8,206.88779999999997,260.82779999999997,1
2026-09-08T07:22:31.864000+00:00,hourly,bitcoin-up-or-down-september-8-2026-3am-et,0.825,0.8316259566163268,NO_TRADE,0.0,0.6244822222222222,5686.448190999999,0.82,0.83,0.010000000000000009,227.5784,383.9274,722.7284,415.2613,94.4687,223.4687,1
2026-09-08T07:33:03.973845+00:00,hourly,bitcoin-up-or-down-september-8-2026-3am-et,0.875,0.8744496849558004,NO_TRADE,0.0,0.44889615416666667,9793.696271999997,0.87,0.88,0.010000000000000009,223.86939999999998,336.3694,791.0639000000001,398.1,62.900000000000006,160.25,1
2026-09-08T07:42:36.842831+00:00,hourly,bitcoin-up-or-down-september-8-2026-3am-et,0.985,0.9860075629896876,NO_TRADE,0.0,0.2897658802777778,12144.401987999994,0.98,0.99,0.010000000000000009,1296.8505,1296.8505,1296.8505,79.0479,2.4421,7.2821,1
2026-09-08T07:52:11.602357+00:00,hourly,bitcoin-up-or-down-september-8-2026-3am-et,0.11499999999999999,0.06654652862311189,BUY_NO,1214.4401987999995,0.1301104563888889,12144.401987999994,0.11,0.12,0.009999999999999995,23.480000000000004,65.74000000000001,148.9133,11.9,170.6,243.39999999999998,1
2026-09-08T08:03:15.061065+00:00,hourly,bitcoin-up-or-down-september-8-2026-4am-et,0.275,0.27702278940693226,NO_TRADE,0.0,0.9458163708333334,106.89999999999999,0.27,0.28,0.010000000000000009,281.15,301.54999999999995,499.29529999999994,212.95600000000002,462.394,715.144,0
2026-09-08T08:12:51.009183+00:00,hourly,bitcoin-up-or-down-september-8-2026-4am-et,0.32,0.25448939219193983,NO_TRADE,0.0,0.7858307824999999,3792.5908929999996,0.31,0.33,0.020000000000000018,269.8344,345.4344,578.814,233.05,558.93,1121.25,0
2026-09-08T08:22:47.550543+00:00,hourly,bitcoin-up-or-down-september-8-2026-4am-et,0.255,0.24009496560357269,NO_TRADE,0.0,0.6201248491666667,9325.217660000002,0.25,0.26,0.010000000000000009,272.23,330.6128,528.5159,101.7484,318.9816,476.8316,0
2026-09-08T08:32:27.322527+00:00,hourly,bitcoin-up-or-down-september-8-2026-4am-et,0.565,0.6211271674931552,BUY_YES,932.5217660000003,0.45907707583333335,9325.217660000002,0.56,0.57,0.009999999999999898,637.9232999999999,839.7032999999999,1097.7592999999997,142.2464,116.1936,211.8644,0
2026-09-08T08:42:38.053560+00:00,hourly,bitcoin-up-or-down-september-8-2026-4am-et,0.705,0.7171067924551455,NO_TRADE,0.0,0.28942956666666664,16049.438812999999,0.7,0.71,0.010000000000000009,420.2756,960.826,1417.126,839.36,372.64,401.44,0
2026-09-08T08:52:34.636898+00:00,hourly,bitcoin-up-or-down-september-8-2026-4am-et,0.13,0.10106267225261217,NO_TRADE,0.0,0.12371197277777779,19055.801760999995,0.12,0.14,0.020000000000000018,68.6498,210.2498,261.75419999999997,117.8586,886.1514,993.2514,0
2026-09-08T09:02:45.514404+00:00,hourly,bitcoin-up-or-down-september-8-2026-5am-et,0.51,0.41956324201107803,NO_TRADE,0.0,0.9540237766666667,21.960785,0.5,0.52,0.020000000000000018,210.01000000000002,698.5372,1087.9372,591.41,598.59,762.3900000000001,1
2026-09-08T09:12:09.842749+00:00,hourly,bitcoin-up-or-down-september-8-2026-5am-et,0.435,0.3810901712508884,NO_TRADE,0.0,0.7972659030555556,1520.958217,0.43,0.44,0.010000000000000009,4.4,4.4,434.62479999999994,329.21000000000004,343.03999999999996,541.8699999999999,1
2026-09-08T09:22:39.720259+00:00,hourly,bitcoin-up-or-down-september-8-2026-5am-et,0.355,0.2971740756942904,NO_TRADE,0.0,0.6222999280555556,1520.958217,0.35,0.36,0.010000000000000009,26.59,140.59,587.24,248.6986,470.0114,543.7114,1
2026-09-08T09:32:53.996095+00:00,hourly,bitcoin-up-or-down-september-8-2026-5am-et,0.78,0.7931304419583911,NO_TRADE,0.0,0.45166775138888887,4718.217699,0.77,0.79,0.020000000000000018,317.01,524.7021,647.0021,563.41,174.20999999999998,274.96,1
2026-09-08T09:42:06.443386+00:00,hourly,bitcoin-up-or-down-september-8-2026-5am-et,0.9835,0.9890468033605101,NO_TRADE,0.0,0.2982101705555556,6677.1734830000005,0.98,0.987,0.007000000000000006,2250.20284,3424.0278399999997,3424.0278399999997,336.142,8.358,18.171599999999998,1
2026-09-08T09:52:41.661710+00:00,hourly,bitcoin-up-or-down-september-8-2026-5am-et,0.9955,0.9957184915529568,NO_TRADE,0.0,0.1217606361111111,13032.276128000005,0.992,0.999,0.007000000000000006,104.895,104.895,104.895,1164.7649999999999,13.094999999999999,19.654519999999998,1
2026-08-26T13:22:45.977235+00:00,,bitcoin-up-or-down-on-august-26-2026,0.055,0.049673424373946305,NO_TRADE,0.0,,,,,,,,,,,,0
2026-08-26T13:30:36.392466+00:00,,bitcoin-up-or-down-on-august-26-2026,0.060000000000000005,0.05671945003127836,NO_TRADE,0.0,,,,,,,,,,,,0
2026-08-26T16:08:52.459818+00:00,daily,bitcoin-up-or-down-on-august-27-2026,0.495,0.5710931725917372,NO_TRADE,0.0,,,,,,,,,,,,1
2026-08-26T16:58:29.101184+00:00,daily,bitcoin-up-or-down-on-august-27-2026,0.495,0.5809220604485488,NO_TRADE,0.0,,,,,,,,,,,,1
2026-08-26T17:05:03.108697+00:00,daily,bitcoin-up-or-down-on-august-27-2026,0.495,0.5474086634030899,NO_TRADE,0.0,,,,,,,,,,,,1
2026-08-26T17:08:41.173522+00:00,daily,bitcoin-up-or-down-on-august-27-2026,0.495,0.5594001743288287,NO_TRADE,0.0,,,,,,,,,,,,1
2026-08-26T19:57:12.948864+00:00,daily,bitcoin-up-or-down-on-august-27-2026,0.625,0.6935855601798598,NO_TRADE,0.0,,,,,,,,,,,,1
2026-08-26T23:20:22.129619+00:00,daily,bitcoin-up-or-down-on-august-27-2026,0.715,0.7804855390512341,NO_TRADE,0.0,,,,,,,,,,,,1
2026-08-27T09:24:51.739784+00:00,daily,bitcoin-up-or-down-on-august-27-2026,0.963,0.9822954507368583,NO_TRADE,0.0,,,,,,,,,,,,1
2026-08-27T11:18:12.993236+00:00,daily,bitcoin-up-or-down-on-august-27-2026,0.957,0.9697506083569989,NO_TRADE,0.0,,,,,,,,,,,,1
2026-08-27T11:27:39.032498+00:00,daily,bitcoin-up-or-down-on-august-27-2026,0.9555,0.9631289634499938,NO_TRADE,0.0,,,,,,,,,,,,1
2026-08-27T11:31:51.303288+00:00,daily,bitcoin-up-or-down-on-august-27-2026,0.9355,0.9421222853832734,NO_TRADE,0.0,,,,,,,,,,,,1
2026-08-27T11:41:42.956818+00:00,daily,bitcoin-up-or-down-on-august-27-2026,0.9205000000000001,0.9342058102514067,NO_TRADE,0.0,,,,,,,,,,,,1
2026-08-27T11:49:22.143712+00:00,daily,bitcoin-up-or-down-on-august-27-2026,0.9305000000000001,0.944029820725202,NO_TRADE,0.0,,,,,,,,,,,,1
2026-08-27T11:51:59.972099+00:00,daily,bitcoin-up-or-down-on-august-27-2026,0.913,0.9306841536302863,NO_TRADE,0.0,,,,,,,,,,,,1
2026-08-27T12:02:03.441321+00:00,daily,bitcoin-up-or-down-on-august-27-2026,0.9285000000000001,0.9553573125429301,NO_TRADE,0.0,,,,,,,,,,,,1
2026-08-27T12:11:49.805151+00:00,daily,bitcoin-up-or-down-on-august-27-2026,0.9385,0.9590779600301177,NO_TRADE,0.0,,,,,,,,,,,,1
2026-08-27T12:21:41.131792+00:00,daily,bitcoin-up-or-down-on-august-27-2026,0.92,0.9427884116412133,NO_TRADE,0.0,,,,,,,,,,,,1
2026-08-27T12:31:53.705816+00:00,daily,bitcoin-up-or-down-on-august-27-2026,0.9524999999999999,0.9712034963993413,NO_TRADE,0.0,,,,,,,,,,,,1
2026-08-27T12:41:38.478933+00:00,daily,bitcoin-up-or-down-on-august-27-2026,0.9315,0.9370732577807497,NO_TRADE,0.0,,,,,,,,,,,,1
2026-08-27T12:51:37.582922+00:00,daily,bitcoin-up-or-down-on-august-27-2026,0.9345,0.951386773126938,NO_TRADE,0.0,,,,,,,,,,,,1
2026-08-27T13:02:10.518065+00:00,daily,bitcoin-up-or-down-on-august-27-2026,0.934,0.9516414857714648,NO_TRADE,0.0,,,,,,,,,,,,1
2026-08-27T13:11:38.648105+00:00,daily,bitcoin-up-or-down-on-august-27-2026,0.9444999999999999,0.9616892255886342,NO_TRADE,0.0,,,,,,,,,,,,1
2026-08-27T13:21:57.459419+00:00,daily,bitcoin-up-or-down-on-august-27-2026,0.9444999999999999,0.9639354167156625,NO_TRADE,0.0,,,,,,,,,,,,1
2026-08-27T13:31:49.077220+00:00,daily,bitcoin-up-or-down-on-august-27-2026,0.945,0.9559109708351581,NO_TRADE,0.0,,,,,,,,,,,,1
2026-08-27T13:41:40.451064+00:00,daily,bitcoin-up-or-down-on-august-27-2026,0.945,0.955653067462333,NO_TRADE,0.0,,,,,,,,,,,,1
2026-08-27T13:51:48.125594+00:00,daily,bitcoin-up-or-down-on-august-27-2026,0.9475,0.9606645842052838,NO_TRADE,0.0,,,,,,,,,,,,1
2026-08-27T14:02:01.337551+00:00,daily,bitcoin-up-or-down-on-august-27-2026,0.9595,0.9829507477729298,NO_TRADE,0.0,,,,,,,,,,,,1
2026-08-27T14:11:36.672267+00:00,daily,bitcoin-up-or-down-on-august-27-2026,0.971,0.9764850693062193,NO_TRADE,0.0,,,,,,,,,,,,1
2026-08-27T14:21:59.011112+00:00,daily,bitcoin-up-or-down-on-august-27-2026,0.978,0.9882408278515917,NO_TRADE,0.0,,,,,,,,,,,,1
2026-08-27T14:31:56.872676+00:00,daily,bitcoin-up-or-down-on-august-27-2026,0.988,0.994035439390015,NO_TRADE,0.0,,,,,,,,,,,,1
2026-08-27T14:42:20.256641+00:00,daily,bitcoin-up-or-down-on-august-27-2026,0.9955,0.9982970622636366,NO_TRADE,0.0,,,,,,,,,,,,1
2026-08-27T14:52:35.358549+00:00,daily,bitcoin-up-or-down-on-august-27-2026,0.9964999999999999,0.9979029262844282,NO_TRADE,0.0,,,,,,,,,,,,1
2026-08-27T15:02:08.006248+00:00,daily,bitcoin-up-or-down-on-august-27-2026,0.9964999999999999,0.998398548292487,NO_TRADE,0.0,,,,,,,,,,,,1
2026-08-27T15:11:36.132578+00:00,daily,bitcoin-up-or-down-on-august-27-2026,0.9975,0.9987208965307425,NO_TRADE,0.0,,,,,,,,,,,,1
2026-08-27T15:21:55.903391+00:00,daily,bitcoin-up-or-down-on-august-27-2026,0.9984999999999999,0.9992614347106229,NO_TRADE,0.0,,,,,,,,,,,,1
2026-08-27T15:31:50.244990+00:00,daily,bitcoin-up-or-down-on-august-27-2026,0.9984999999999999,0.9989710914747381,NO_TRADE,0.0,,,,,,,,,,,,1
2026-08-27T15:41:40.170629+00:00,daily,bitcoin-up-or-down-on-august-27-2026,0.505,0.4868027515144921,NO_TRADE,0.0,,,,,,,,,,,,1
2026-08-27T15:51:43.759512+00:00,daily,bitcoin-up-or-down-on-august-27-2026,0.505,0.4987447324008269,NO_TRADE,0.0,,,,,,,,,,,,1
2026-09-02T09:04:30.975698+00:00,daily,bitcoin-up-or-down-on-september-2-2026,0.10500000000000001,0.1311701077446864,NO_TRADE,0.0,6.924728972777778,88858.35953999998,0.1,0.11,0.009999999999999995,901.3879999999999,1577.388,2797.138,1341.7359999999999,12768.764,13720.826,0
2026-09-02T09:11:31.425891+00:00,daily,bitcoin-up-or-down-on-september-2-2026,0.11499999999999999,0.1451448249490175,NO_TRADE,0.0,6.8079372525,88858.35953999998,0.11,0.12,0.009999999999999995,1434.2414,2484.2414,2655.9123999999997,885.7860000000001,7892.074,14715.9638,0
2026-09-02T09:21:37.554041+00:00,daily,bitcoin-up-or-down-on-september-2-2026,0.08499999999999999,0.07499013529917382,NO_TRADE,0.0,6.639568321944445,100267.81807400001,0.08,0.09,0.009999999999999995,1772.1178,1772.1178,1828.8178,772.138,10167.712,15584.3868,0
2026-09-02T09:31:54.406621+00:00,daily,bitcoin-up-or-down-on-september-2-2026,0.065,0.05322031000919877,NO_TRADE,0.0,6.468220383055556,100267.81807400001,0.06,0.07,0.010000000000000009,1072.3057,1108.3057,1819.4556999999998,540.85,8840.15,15492.133999999998,0
2026-09-02T09:41:41.893951+00:00,daily,bitcoin-up-or-down-on-september-2-2026,0.055,0.04025769703005966,NO_TRADE,0.0,6.305029458055556,106214.061033,0.05,0.06,0.009999999999999995,1458.4578000000001,1458.4578000000001,1708.0178,597.6600000000001,12855.54,22052.0421,0
2026-09-02T09:51:39.711051+00:00,daily,bitcoin-up-or-down-on-september-2-2026,0.055,0.06105427370164808,NO_TRADE,0.0,6.1389691525000005,118421.82642399998,0.05,0.06,0.009999999999999995,719.1859000000001,1706.3859000000002,1913.8859000000002,920.5304000000001,19425.4796,27444.110699999997,0
2026-09-02T10:01:59.055725+00:00,daily,bitcoin-up-or-down-on-september-2-2026,0.055,0.05362531154824827,NO_TRADE,0.0,5.966928965277778,118421.82642399998,0.05,0.06,0.009999999999999995,1479.3834000000002,1495.3834000000002,1702.8834000000002,793.5974,18960.402599999998,22193.732699999997,0
2026-09-02T10:11:32.689033+00:00,daily,bitcoin-up-or-down-on-september-2-2026,0.055,0.04442364632297657,NO_TRADE,0.0,5.807586379722222,123304.14389899994,0.05,0.06,0.009999999999999995,1340.7494000000002,1340.7494000000002,1830.1804000000002,280.5825,5957.2675,16206.898599999999,0
2026-09-02T10:21:41.370451+00:00,daily,bitcoin-up-or-down-on-september-2-2026,0.055,0.05875157735556633,NO_TRADE,0.0,5.638508208055556,125182.33545599997,0.05,0.06,0.009999999999999995,1488.9884,1498.9876,1971.9686,316.76750000000004,6219.5825,21957.5124,0
2026-09-02T10:31:56.191513+00:00,daily,bitcoin-up-or-down-on-september-2-2026,0.035,0.027004485896126865,NO_TRADE,0.0,5.467724579722222,125182.33545599997,0.03,0.04,0.010000000000000002,1020.4524,1063.8906,1552.0621,482.88890000000004,20280.8911,31957.307500000003,0
2026-09-02T10:41:36.488414+00:00,daily,bitcoin-up-or-down-on-september-2-2026,0.0395,0.033797234374492655,NO_TRADE,0.0,5.306530996111111,128277.13336799997,0.032,0.047,0.015,1158.5535,1190.9516999999998,1784.2500999999997,247.57609999999997,4911.6188999999995,18530.4335,0
2026-09-02T10:51:41.687012+00:00,daily,bitcoin-up-or-down-on-september-2-2026,0.034,0.025146361949360676,NO_TRADE,0.0,5.138420274444445,132628.31193799997,0.031,0.037,0.005999999999999998,473.975,503.07500000000005,1125.309,146.25366,4912.276339999999,12023.376339999999,0
2026-09-02T11:02:07.190348+00:00,daily,bitcoin-up-or-down-on-september-2-2026,0.045,0.05044139818971671,NO_TRADE,0.0,4.964669347777778,132628.31193799997,0.042,0.048,0.005999999999999998,587.27509,957.5548899999999,1432.4611400000001,89.56,2206.44,17664.5802,0
2026-09-02T11:11:30.217259+00:00,daily,bitcoin-up-or-down-on-september-2-2026,0.0475,0.040251331576515934,NO_TRADE,0.0,4.80827298361111,133366.00086200004,0.047,0.048,0.0010000000000000009,606.07424,1262.68664,1851.8708299999998,216.52103000000002,4620.968970000001,20187.58287,0
2026-09-02T11:21:30.789976+00:00,daily,bitcoin-up-or-down-on-september-2-2026,0.0505,0.036769108268395925,NO_TRADE,0.0,4.641447228888889,135222.513356,0.05,0.051,0.000999999999999994,1094.8598,1475.6081,1723.12829,208.14603000000002,4465.34397,4760.89397,0
2026-09-02T11:31:54.554581+00:00,daily,bitcoin-up-or-down-on-september-2-2026,0.0405,0.03461601865493041,NO_TRADE,0.0,4.468179283055555,135222.513356,0.032,0.049,0.017,755.8935,1226.9142,1626.8725,239.14,7694.86,14503.670600000001,0
2026-09-02T11:41:41.525160+00:00,daily,bitcoin-up-or-down-on-september-2-2026,0.0545,0.0626453635290277,NO_TRADE,0.0,4.3051319,139868.659934,0.051,0.058,0.007000000000000006,683.89,1462.7671999999998,2166.92213,39.21,810.79,13707.5092,0
2026-09-02T11:51:30.892502+00:00,daily,bitcoin-up-or-down-on-september-2-2026,0.04,0.033253693455204694,NO_TRADE,0.0,4.141418749444444,140090.83371799998,0.031,0.049,0.018000000000000002,551.245,570.645,1524.11013,69.25699999999999,2312.743,10174.643,0
2026-09-02T12:02:14.599676+00:00,daily,bitcoin-up-or-down-on-september-2-2026,0.05499999999999999,0.0647273354687423,NO_TRADE,0.0,3.962611201111111,150499.21487000003,0.051,0.059,0.008,80.51299999999999,1120.49263,2130.8852300000003,490.27700000000004,10543.722999999998,15840.734199999999,0
2026-09-02T12:11:36.020785+00:00,daily,bitcoin-up-or-down-on-september-2-2026,0.0545,0.05046816683633392,NO_TRADE,0.0,3.806660893055555,150499.21487000003,0.051,0.058,0.007000000000000006,601.5023,1391.3675,2050.0509599999996,248.531,5683.469,18334.912200000002,0
2026-09-02T12:21:39.053277+00:00,daily,bitcoin-up-or-down-on-september-2-2026,0.0895,0.10944424236039854,NO_TRADE,0.0,3.6391518675,169750.65380300005,0.081,0.098,0.017,30.905,30.905,2494.5534500000003,1037.8036,11843.216400000001,12239.474400000001,0
2026-09-02T12:31:49.285013+00:00,daily,bitcoin-up-or-down-on-september-2-2026,0.08549999999999999,0.09125357066629836,NO_TRADE,0.0,3.4696430519444443,169750.65380300005,0.082,0.089,0.006999999999999992,906.27547,1649.88247,2376.1674700000003,192.748,2313.252,14821.3071,0
2026-09-02T12:41:42.718734+00:00,daily,bitcoin-up-or-down-on-september-2-2026,0.063,0.04859080578426149,NO_TRADE,0.0,3.3048003516666666,175314.84053899994,0.061,0.065,0.0040000000000000036,1152.49124,1168.09124,1832.69124,235.72673,3700.203269999999,10938.30327,0
2026-09-02T12:51:51.379414+00:00,daily,bitcoin-up-or-down-on-september-2-2026,0.0515,0.04361104524466455,NO_TRADE,0.0,3.1357279405555554,176266.95549999992,0.051,0.052,0.0010000000000000009,897.08088,948.81318,1357.33818,212.886,4053.1139999999996,11406.694,0
2026-09-02T13:02:01.581658+00:00,daily,bitcoin-up-or-down-on-september-2-2026,0.0415,0.03577851958067723,NO_TRADE,0.0,2.9662273172222227,176266.95549999992,0.041,0.042,0.0010000000000000009,387.06228,831.45228,1216.93458,188.77497000000002,4419.395030000001,11994.39503,0
2026-09-02T13:11:42.183643+00:00,daily,bitcoin-up-or-down-on-september-2-2026,0.044,0.04991575006092146,NO_TRADE,0.0,2.8049489880555556,177406.89428500005,0.041,0.047,0.005999999999999998,65.15728,890.18788,1383.57018,305.0,7755.0,15576.579909999999,0
2026-09-02T13:21:46.743960+00:00,daily,bitcoin-up-or-down-on-september-2-2026,0.037000000000000005,0.03029230064517241,NO_TRADE,0.0,2.637015566666667,179156.37631000005,0.035,0.039,0.003999999999999997,54.77095,740.26045,1124.6777500000003,221.49,8398.51,14634.520199999999,0
2026-09-02T13:31:52.060532+00:00,daily,bitcoin-up-or-down-on-september-2-2026,0.043,0.03687974466757283,NO_TRADE,0.0,2.4688720744444446,179156.37631000005,0.038,0.048,0.010000000000000002,439.51352,824.5175200000001,1230.9998200000002,473.7475,13683.088499999998,14084.788499999997,0
2026-09-02T13:41:58.449129+00:00,daily,bitcoin-up-or-down-on-september-2-2026,0.0445,0.0393345869340298,NO_TRADE,0.0,2.3004307975,180549.53956900002,0.041,0.048,0.006999999999999999,13.98352,498.40352,1446.3440199999998,301.13,7983.869999999999,13587.257199999998,0
2026-09-02T13:51:46.511382+00:00,daily,bitcoin-up-or-down-on-september-2-2026,0.106,0.14788121261926057,BUY_YES,425.63160246360195,2.1370801716666668,187144.82516100002,0.102,0.11,0.008000000000000007,596.0845999999999,1540.2946,1704.8519599999997,788.2137,7321.1363,7503.9363,0
2026-09-02T14:02:07.924725+00:00,daily,bitcoin-up-or-down-on-september-2-2026,0.08549999999999999,0.07639344262770358,NO_TRADE,0.0,1.9644653541666668,193334.9522870001,0.082,0.089,0.006999999999999992,468.06249999999994,1288.2224999999999,1394.8970399999998,1025.779,12274.221000000001,12274.221000000001,0
2026-09-02T14:11:35.622987+00:00,daily,bitcoin-up-or-down-on-september-2-2026,0.10300000000000001,0.10305609761845001,NO_TRADE,0.0,1.8067713925,193334.9522870001,0.1,0.106,0.0059999999999999915,646.9445999999999,1485.0354000000002,1584.8643499999998,23.912,236.08800000000002,1341.688,0
2026-09-02T14:21:42.649053+00:00,daily,bitcoin-up-or-down-on-september-2-2026,0.1145,0.13015984176171164,NO_TRADE,0.0,1.6381530408333334,205986.02272900013,0.114,0.115,0.0010000000000000009,53.0458,1034.0558,1695.24456,192.464,1600.536,6691.634999999999,0
2026-09-02T14:31:53.681020+00:00,daily,bitcoin-up-or-down-on-september-2-2026,0.05499999999999999,0.03950199217557377,NO_TRADE,0.0,1.4684219388888888,205986.02272900013,0.051,0.059,0.008,787.5306,802.2806,824.03612,198.54549999999998,3084.2644999999998,4833.334499999999,0
2026-09-02T14:41:38.112213+00:00,daily,bitcoin-up-or-down-on-september-2-2026,0.052500000000000005,0.042010571256369623,NO_TRADE,0.0,1.3060799408333332,208275.32346299992,0.05,0.055,0.0049999999999999975,798.3258000000001,818.7258,902.3483900000001,8.0,152.0,2332.831,0
2026-09-02T14:51:41.038442+00:00,daily,bitcoin-up-or-down-on-september-2-2026,0.036500000000000005,0.032280563206679484,NO_TRADE,0.0,1.1386004327777777,213714.9617549999,0.035,0.038,0.0029999999999999957,607.0132,625.5132,1104.62311,8.68835,276.12165,7471.331649999999,0
2026-09-02T15:02:04.198568+00:00,daily,bitcoin-up-or-down-on-september-2-2026,0.0175,0.010314362966670326,NO_TRADE,0.0,0.9655003977777779,213714.9617549999,0.011,0.024,0.013000000000000001,217.16339999999997,232.77143999999996,273.52099,44.0496,16371.310399999998,16371.310399999998,0
2026-09-02T15:12:06.263851+00:00,daily,bitcoin-up-or-down-on-september-2-2026,0.010499999999999999,0.006399319515139195,NO_TRADE,0.0,0.7982600413888888,216249.87920199998,0.01,0.011,0.0009999999999999992,215.12194,227.07163,268.77695,39.66,21910.34,21910.34,0
2026-09-02T15:21:46.298278+00:00,daily,bitcoin-up-or-down-on-september-2-2026,0.008,0.007053391203814398,NO_TRADE,0.0,0.6371393672222222,219099.40151699996,0.005,0.011,0.005999999999999999,131.983,140.24394,183.71714000000003,40.0839,15403.6961,15403.6961,0
2026-09-02T15:32:01.092320+00:00,daily,bitcoin-up-or-down-on-september-2-2026,0.0055,0.004047443101109898,NO_TRADE,0.0,0.46636324444444444,220044.64871699997,0.005,0.006,0.001,66.72288,71.52288,111.94612000000001,16.8839,8786.8961,8786.8961,0
2026-09-02T15:41:25.962940+00:00,daily,bitcoin-up-or-down-on-september-2-2026,0.0045000000000000005,0.003928766692114465,NO_TRADE,0.0,0.3094547388888889,220044.64871699997,0.004,0.005,0.001,74.6451,81.54509999999999,126.77835999999999,1.365,638.635,638.635,0
2026-09-02T15:51:54.416493+00:00,daily,bitcoin-up-or-down-on-september-2-2026,0.0005,0.0003246101652456699,NO_TRADE,0.0,0.1348843075,224769.13818499993,,0.001,,38.73976,42.93976,84.14484999999999,0.0,0.0,0.0,0
2026-09-02T16:02:17.502550+00:00,daily,bitcoin-up-or-down-on-september-3-2026,0.505,0.5678348661955421,NO_TRADE,0.0,23.961804847222222,3986.014989,0.5,0.51,0.010000000000000009,4147.7,4388.849999999999,4502.249999999999,167.23,167.23,658.7392,1
2026-09-02T16:11:41.748450+00:00,daily,bitcoin-up-or-down-on-september-3-2026,0.505,0.5645017237753238,NO_TRADE,0.0,23.805069875,3986.014989,0.5,0.51,0.010000000000000009,183.05,4269.88,8743.956000000002,7872.030999999999,8175.929,8328.5698,1
2026-09-02T16:21:47.232554+00:00,daily,bitcoin-up-or-down-on-september-3-2026,0.555,0.6496653054895904,BUY_YES,1006.3895431000003,23.63687984611111,10063.895431000003,0.55,0.56,0.010000000000000009,4644.41,6162.4439999999995,10119.669,2111.512,1783.7880000000002,7552.568,1
2026-09-02T16:31:55.961552+00:00,daily,bitcoin-up-or-down-on-september-3-2026,0.565,0.6222415848523986,BUY_YES,1006.3895431000003,23.46778845777778,10063.895431000003,0.56,0.57,0.009999999999999898,427.82039999999995,5349.600399999999,9204.7244,7056.880000000001,5770.12,6057.62,1
2026-09-02T16:41:38.438144+00:00,daily,bitcoin-up-or-down-on-september-3-2026,0.525,0.5419882420080399,NO_TRADE,0.0,23.305989404444446,11496.665905000005,0.52,0.53,0.010000000000000009,3927.6800000000003,7921.34,8804.34,1194.5932,1120.0668,8309.6668,1
2026-09-02T16:51:46.044257+00:00,daily,bitcoin-up-or-down-on-september-3-2026,0.505,0.5153526693195162,NO_TRADE,0.0,23.13720992861111,12118.769833000004,0.5,0.51,0.010000000000000009,7865.1172,8005.5671999999995,8375.617199999999,231.84,241.16,571.36,1
2026-09-02T17:01:53.529994+00:00,daily,bitcoin-up-or-down-on-september-3-2026,0.485,0.5070997770513942,NO_TRADE,0.0,22.968463890555558,12118.769833000004,0.48,0.49,0.010000000000000009,8049.867899999999,8062.617899999999,8411.1179,19.0,21.0,305.58000000000004,1
2026-09-02T17:11:31.369307+00:00,daily,bitcoin-up-or-down-on-september-3-2026,0.455,0.4933421701464739,BUY_YES,617.447595305072,22.80795297027778,12802.140879000006,0.45,0.46,0.010000000000000009,5175.3378999999995,7656.937899999999,8061.047099999999,293.51,369.49,5973.4848999999995,1
2026-09-02T17:21:38.775094+00:00,daily,bitcoin-up-or-down-on-september-3-2026,0.405,0.41740971766901663,NO_TRADE,0.0,22.639229140555557,12962.822332,0.4,0.41,0.009999999999999953,4409.6188,4454.7688,4470.7188,898.318,1373.6019999999999,1801.216,1
2026-09-02T17:31:53.666079+00:00,daily,bitcoin-up-or-down-on-september-3-2026,0.445,0.507736521585145,BUY_YES,1049.7549379117277,22.468426089166666,12962.822332,0.44,0.45,0.010000000000000009,4202.648,4259.048,4694.648,95.22999999999999,125.77,314.42659999999995,1
2026-09-02T17:41:41.472766+00:00,daily,bitcoin-up-or-down-on-september-3-2026,0.455,0.5202877509220433,BUY_YES,1116.4398318896897,22.305146453888888,13133.966649000002,0.45,0.46,0.010000000000000009,444.57,828.5699999999999,4621.8692,3592.7852,4568.294800000001,4896.193,1
2026-09-02T17:51:41.766518+00:00,daily,bitcoin-up-or-down-on-september-3-2026,0.535,0.6496575352104282,BUY_YES,1314.5696649000001,22.138398189444445,13145.696649000001,0.53,0.54,0.010000000000000009,1083.3000000000002,5480.156800000001,5592.0568,145.09,132.91,3816.0096999999996,1
2026-09-02T18:02:01.386619+00:00,daily,bitcoin-up-or-down-on-september-3-2026,0.515,0.5446843597474817,NO_TRADE,0.0,21.966281494722224,13787.571206,0.51,0.52,0.010000000000000009,960.3800000000001,2250.7046,5429.379600000001,2904.81,2901.19,4283.0298999999995,1
2026-09-02T18:11:39.644765+00:00,daily,bitcoin-up-or-down-on-september-3-2026,0.545,0.6020120607988674,BUY_YES,1155.823573308163,21.805654231944445,13787.571206,0.54,0.55,0.010000000000000009,806.8700000000001,994.9700000000001,6808.0412,1489.5642,1316.5757999999998,3929.1726,1
2026-09-02T18:21:42.881901+00:00,daily,bitcoin-up-or-down-on-september-3-2026,0.555,0.6082136355236181,BUY_YES,1095.7644437185916,21.638088360833333,13822.971947000002,0.55,0.56,0.010000000000000009,125.9068,4727.203399999999,10700.4607,4399.8444,3744.0155999999997,7386.5156,1
2026-09-02T18:31:52.296034+00:00,daily,bitcoin-up-or-down-on-september-3-2026,0.545,0.5913297155788929,BUY_YES,918.4381239753972,21.468806657222224,14148.627123999999,0.54,0.55,0.010000000000000009,928.3200000000002,5375.0268,11438.7758,7961.523400000001,6962.256600000001,7066.853400000001,1
2026-09-02T18:41:34.921634+00:00,daily,bitcoin-up-or-down-on-september-3-2026,0.505,0.5101126530780589,NO_TRADE,0.0,21.306966212777777,14148.627123999999,0.5,0.51,0.010000000000000009,4077.8108,5681.0873,6109.5373,547.48,559.52,8174.946,1
2026-09-02T18:51:43.536990+00:00,daily,bitcoin-up-or-down-on-september-3-2026,0.525,0.5899318484865055,BUY_YES,1275.1457124788396,21.137906391666668,14220.705203,0.52,0.53,0.010000000000000009,501.09000000000003,1903.7440000000001,5234.5874,259.02,242.98000000000002,4169.52,1
2026-09-02T19:02:08.646658+00:00,daily,bitcoin-up-or-down-on-september-3-2026,0.515,0.5433992962332372,NO_TRADE,0.0,20.964264817222222,14220.705203,0.51,0.52,0.010000000000000009,943.83,1107.45,5718.7788,4120.5599999999995,3897.08,4213.28,1
2026-09-02T19:11:41.432350+00:00,daily,bitcoin-up-or-down-on-september-3-2026,0.52,0.5565281734882417,NO_TRADE,0.0,20.805157680555556,14303.548784,0.51,0.53,0.020000000000000018,1057.25,2509.745,2940.6883999999995,3887.5899999999997,3885.31,3956.71,1
2026-09-02T19:21:39.260961+00:00,daily,bitcoin-up-or-down-on-september-3-2026,0.515,0.5305486231937208,NO_TRADE,0.0,20.6390941775,14320.668784,0.51,0.52,0.010000000000000009,1981.2728,2642.7727999999997,2797.8945999999996,22.55,22.45,53.05,1
2026-09-02T19:32:00.213534+00:00,daily,bitcoin-up-or-down-on-september-3-2026,0.46499999999999997,0.46912376467093275,NO_TRADE,0.0,20.466607351666667,14320.668784,0.46,0.47,0.009999999999999953,8758.593499999999,8936.9535,9277.153499999999,490.7,599.3,1078.66,1
2026-09-02T19:41:55.630452+00:00,daily,bitcoin-up-or-down-on-september-3-2026,0.485,0.5441998226965391,BUY_YES,1062.741621500767,20.301213763333333,14613.531234999999,0.48,0.49,0.010000000000000009,9068.625,9429.195,9677.595,510.15,574.85,687.71,1
2026-09-02T19:51:50.285564+00:00,daily,bitcoin-up-or-down-on-september-3-2026,0.485,0.5596649935115263,BUY_YES,1365.980264931889,20.136031787777775,14633.531234999999,0.48,0.49,0.010000000000000009,1132.95,5262.93,9983.456,1967.116,2194.684,6523.8640000000005,1
2026-09-02T20:02:00.778525+00:00,daily,bitcoin-up-or-down-on-september-3-2026,0.525,0.6229017764488606,BUY_YES,1463.3531235,19.96645040972222,14633.531234999999,0.52,0.53,0.010000000000000009,4919.33,5514.43,8706.103400000002,3394.52,3238.48,7039.48,1
2026-09-02T20:11:38.288937+00:00,daily,bitcoin-up-or-down-on-september-3-2026,0.545,0.6084159297693035,BUY_YES,1298.1317726511877,19.80603085083333,14848.237899000002,0.54,0.55,0.010000000000000009,8311.522,11457.922,12926.572,981.34,869.16,1310.28,1
2026-09-02T20:21:44.573737+00:00,daily,bitcoin-up-or-down-on-september-3-2026,0.525,0.5738600712998019,BUY_YES,933.1930063787628,19.63761840638889,16066.991997999998,0.52,0.53,0.010000000000000009,510.08000000000004,4880.93,10031.750000000002,5200.070000000001,4962.429999999999,8936.93,1
2026-09-02T20:31:53.508066+00:00,daily,bitcoin-up-or-down-on-september-3-2026,0.535,0.6235522870480394,BUY_YES,1623.467863,19.46846998166667,16234.67863,0.53,0.54,0.010000000000000009,1236.16,3040.6424,6285.5674,246.37,222.63,4209.9021,1
2026-09-02T20:41:46.035429+00:00,daily,bitcoin-up-or-down-on-september-3-2026,0.535,0.5891009415251557,BUY_YES,1067.4117722859926,19.3038790475,16234.67863,0.53,0.54,0.010000000000000009,5090.32,7227.9184000000005,10859.2634,3587.1000000000004,3286.8999999999996,8499.0986,1
2026-09-02T20:51:37.635783+00:00,daily,bitcoin-up-or-down-on-september-3-2026,0.535,0.573672591424352,BUY_YES,732.0128570511299,19.13954561583333,16276.395900999998,0.53,0.54,0.010000000000000009,5492.84,7183.2448,10586.819800000001,773.53,708.47,8321.394199999999,1
2026-09-02T21:02:10.057447+00:00,daily,bitcoin-up-or-down-on-september-3-2026,0.525,0.5779897744926591,BUY_YES,1021.0590317587037,18.963872931388888,16276.395900999998,0.52,0.53,0.010000000000000009,1774.5700000000002,3508.8960000000006,6803.395200000001,1066.28,1003.72,8826.68,1
2026-09-02T21:11:31.360981+00:00,daily,bitcoin-up-or-down-on-september-3-2026,0.515,0.5570143356703624,BUY_YES,771.1319931325497,18.807955283055556,16315.380678999998,0.51,0.52,0.010000000000000009,1063.76,2695.424,6186.0432,2364.5299999999997,2335.0699999999997,5155.37,1
2026-09-02T21:21:41.174521+00:00,daily,bitcoin-up-or-down-on-september-3-2026,0.495,0.5457954217324619,BUY_YES,915.9084346492374,18.638562633055557,16315.380678999998,0.49,0.5,0.010000000000000009,4815.62,9216.2812,9656.6912,708.68,746.3199999999999,8714.4089,1
2026-09-02T21:31:53.114847+00:00,daily,bitcoin-up-or-down-on-september-3-2026,0.495,0.5515816032962346,BUY_YES,1031.6320659246924,18.468579209166666,16315.380678999998,0.49,0.5,0.010000000000000009,6360.9161,9231.3161,9647.4661,491.24,531.7600000000001,761.4196000000002,1
2026-09-02T21:41:33.168284+00:00,daily,bitcoin-up-or-down-on-september-3-2026,0.545,0.6360607298390282,BUY_YES,1634.6310678999998,18.307453254444443,16346.310678999998,0.54,0.55,0.010000000000000009,5170.6292,10016.125100000001,11588.5751,808.2800000000001,713.7199999999999,7994.297600000001,1
2026-09-02T21:51:43.720324+00:00,daily,bitcoin-up-or-down-on-september-3-2026,0.505,0.5455229430496329,BUY_YES,724.9580214210793,18.137855465555557,16602.725771999998,0.5,0.51,0.010000000000000009,1263.8700000000001,2995.0620000000004,7067.971200000001,1126.46,1138.54,5646.888,1
2026-09-02T22:02:08.384557+00:00,daily,bitcoin-up-or-down-on-september-3-2026,0.495,0.5486927386528662,BUY_YES,973.8547730573234,17.964337623055556,16602.725771999998,0.49,0.5,0.010000000000000009,4490.8679,4754.5079000000005,5718.385000000001,551.7199999999999,597.2800000000001,643.0296000000001,1
2026-09-02T22:11:36.151330+00:00,daily,bitcoin-up-or-down-on-september-3-2026,0.435,0.44232549433210033,NO_TRADE,0.0,17.806624630555554,17347.857878999996,0.43,0.44,0.010000000000000009,3904.8174999999997,4131.1375,4447.7175,669.3199999999999,896.51,1206.6258,1
2026-09-02T22:21:41.427519+00:00,daily,bitcoin-up-or-down-on-september-3-2026,0.425,0.45766257665391247,NO_TRADE,0.0,17.638492355833336,18675.566276999998,0.42,0.43,0.010000000000000009,4575.331,4620.331,4725.781000000001,515.6569,741.7230999999999,2160.1351,1
2026-09-02T22:31:43.552315+00:00,daily,bitcoin-up-or-down-on-september-3-2026,0.415,0.45564121233116517,BUY_YES,614.5036608821583,17.471235468055557,19041.037995,0.41,0.42,0.010000000000000009,4294.3351999999995,4338.3351999999995,4342.9352,922.1479999999999,1381.222,2142.0506,1
2026-09-02T22:41:37.990927+00:00,daily,bitcoin-up-or-down-on-september-3-2026,0.435,0.5312598088549259,BUY_YES,1629.6394438379612,17.30611363138889,19041.037995,0.43,0.44,0.010000000000000009,815.4,4596.7472,4860.8772,1024.9712,1378.3888,6541.526,1
2026-09-02T22:51:35.641575+00:00,daily,bitcoin-up-or-down-on-september-3-2026,0.415,0.4491174555914599,NO_TRADE,0.0,17.140099562499998,19113.638946,0.41,0.42,0.010000000000000009,4306.233799999999,4352.433799999999,4451.033799999999,1100.6677,1647.8723,2259.0923000000003,1
2026-09-02T23:02:07.518004+00:00,daily,bitcoin-up-or-down-on-september-3-2026,0.405,0.4490073388839398,BUY_YES,661.141337015929,16.964578332222224,19118.723688999988,0.4,0.41,0.009999999999999953,2182.3661,2390.4861,2418.5413000000003,899.0846,1378.4654,2241.0094,1
2026-09-02T23:11:40.422023+00:00,daily,bitcoin-up-or-down-on-september-3-2026,0.46499999999999997,0.5794518323336317,BUY_YES,1911.872368899999,16.805438326944444,19118.723688999988,0.46,0.47,0.009999999999999953,1033.8084,5099.9166000000005,5775.5166,897.25,1064.75,5882.5308,1
2026-09-02T23:21:42.756848+00:00,daily,bitcoin-up-or-down-on-september-3-2026,0.445,0.48266123450952175,BUY_YES,593.8406274458498,16.63812309777778,20769.22483399999,0.44,0.45,0.010000000000000009,5532.8418,8091.5218,8272.6002,607.7124,805.4975999999999,5859.571199999999,1
2026-09-02T23:31:56.555220+00:00,daily,bitcoin-up-or-down-on-september-3-2026,0.485,0.5680969920849472,BUY_YES,1531.3135702930833,16.46762355,20769.22483399999,0.48,0.49,0.010000000000000009,4723.06,8880.9829,9333.41,551.8299999999999,622.1700000000001,9089.796600000001,1
2026-09-02T23:41:33.054451+00:00,daily,bitcoin-up-or-down-on-september-3-2026,0.445,0.4789289367389472,NO_TRADE,0.0,16.30748487472222,20771.010546999987,0.44,0.45,0.010000000000000009,7819.085,7870.785,8178.6849999999995,6.5559,8.5741,601.9141,1
2026-09-02T23:51:40.021924+00:00,daily,bitcoin-up-or-down-on-september-3-2026,0.505,0.6137285727412211,BUY_YES,2000.0,16.13888279888889,20793.029314999992,0.5,0.51,0.010000000000000009,979.81,9345.8441,10334.0433,252.13,259.87,5587.2856,1
2026-09-03T00:02:09.563613+00:00,daily,bitcoin-up-or-down-on-september-3-2026,0.535,0.6374028543559889,BUY_YES,2000.0,15.9640101075,20793.029314999992,0.53,0.54,0.010000000000000009,5055.456000000001,7269.892000000002,10299.847000000002,643.37,570.63,7939.0833999999995,1
2026-09-03T00:11:33.594555+00:00,daily,bitcoin-up-or-down-on-september-3-2026,0.485,0.5167772421331298,NO_TRADE,0.0,15.807334845833333,21068.190943999998,0.48,0.49,0.010000000000000009,952.765,8616.463600000001,9147.333600000002,609.38,684.62,9045.904400000001,1
2026-09-03T00:21:32.482978+00:00,daily,bitcoin-up-or-down-on-september-3-2026,0.415,0.42908120481869944,NO_TRADE,0.0,15.640976950555556,21728.930944,0.41,0.42,0.010000000000000009,7143.635299999999,7497.835299999999,7659.585299999999,548.1340000000001,821.0759999999999,5766.346,1
2026-09-03T00:31:45.765078+00:00,daily,bitcoin-up-or-down-on-september-3-2026,0.395,0.4204797680633516,NO_TRADE,0.0,15.470620811666668,21728.930944,0.39,0.4,0.010000000000000009,346.4,6971.2573999999995,7144.567399999999,3454.1168000000002,5603.8032,8497.1916,1
2026-09-03T00:41:36.476765+00:00,daily,bitcoin-up-or-down-on-september-3-2026,0.425,0.5004375348523434,BUY_YES,1235.7462254797094,15.306534231944445,21810.864301,0.42,0.43,0.010000000000000009,4265.719999999999,5767.262,5948.4954,461.48,637.52,7047.776,1
2026-09-03T00:51:35.022222+00:00,daily,bitcoin-up-or-down-on-september-3-2026,0.415,0.470991564645638,BUY_YES,879.1649076834142,15.140271605,22013.578343999998,0.41,0.42,0.010000000000000009,7374.3388,7681.018800000001,7703.518800000001,527.0762,787.7438,7330.7014,1
2026-09-03T01:02:02.492419+00:00,daily,bitcoin-up-or-down-on-september-3-2026,0.385,0.41489684037084895,NO_TRADE,0.0,14.965974328055555,22013.578343999998,0.38,0.39,0.010000000000000009,6851.18,7250.110000000001,7439.620000000001,366.80459999999994,622.2353999999999,5172.6354,1
2026-09-03T01:11:33.792049+00:00,daily,bitcoin-up-or-down-on-september-3-2026,0.495,0.6185566265594898,BUY_YES,2000.0,14.807279986388888,22019.293752999994,0.49,0.5,0.010000000000000009,460.75,8410.026399999999,9678.3364,623.4799999999999,674.5200000000001,8755.4671,1
2026-09-03T01:21:31.592205+00:00,daily,bitcoin-up-or-down-on-september-3-2026,0.515,0.5929262929246896,BUY_YES,1519.297769264366,14.6412243875,22107.583146,0.51,0.52,0.010000000000000009,3781.45,8267.235400000001,9394.685400000002,770.6,767.4,8997.693299999999,1
2026-09-03T01:31:52.306808+00:00,daily,bitcoin-up-or-down-on-september-3-2026,0.565,0.6606820001364494,BUY_YES,2000.0,14.468803664444444,22107.583146,0.56,0.57,0.009999999999999898,6493.490399999999,6590.840399999999,8041.274699999999,703.0540000000001,571.846,4217.8060000000005,1
2026-09-03T01:41:40.155556+00:00,daily,bitcoin-up-or-down-on-september-3-2026,0.565,0.630804421618387,BUY_YES,1414.0563167066757,14.305512345555556,22357.82314599999,0.56,0.57,0.009999999999999898,11.399999999999999,951.27,12249.687899999999,9253.592400000001,7492.1975999999995,7865.7176,1
2026-09-03T01:51:36.481888+00:00,daily,bitcoin-up-or-down-on-september-3-2026,0.515,0.5333106732080414,NO_TRADE,0.0,14.139866142222221,24492.304602000007,0.51,0.52,0.010000000000000009,874.4000000000001,7494.800000000001,9683.872000000001,2314.27,2289.27,8613.27,1
2026-09-03T02:02:03.678524+00:00,daily,bitcoin-up-or-down-on-september-3-2026,0.505,0.556660420995875,BUY_YES,952.2534897117343,13.965644854444443,24578.044602000005,0.5,0.51,0.010000000000000009,4411.06,8786.1676,9198.267600000001,521.12,541.88,8740.0648,1
2026-09-03T02:11:37.738404+00:00,daily,bitcoin-up-or-down-on-september-3-2026,0.515,0.5698605403705927,BUY_YES,1038.7612577206821,13.806183776666666,24578.044602000005,0.51,0.52,0.010000000000000009,315.4754,6091.6556,9665.895600000002,5875.304999999999,5852.325,8692.515,1
2026-09-03T02:21:28.674607+00:00,daily,bitcoin-up-or-down-on-september-3-2026,0.565,0.6773514956109603,BUY_YES,2000.0,13.642034831388889,24701.128273999995,0.56,0.57,0.009999999999999898,269.49999999999994,473.74619999999993,11692.826799999997,9308.8932,7444.5768,7458.3768,1
2026-09-03T02:31:50.305079+00:00,daily,bitcoin-up-or-down-on-september-3-2026,0.665,0.7843880389464994,BUY_YES,2000.0,13.469359700277778,24701.128273999995,0.66,0.67,0.010000000000000009,317.6825,5354.6825,6245.282499999999,5580.25,3089.7,3235.5,1
2026-09-03T02:41:44.654438+00:00,daily,bitcoin-up-or-down-on-september-3-2026,0.705,0.8023078580469907,BUY_YES,2000.0,13.304262656111112,27848.982752999993,0.7,0.71,0.010000000000000009,6856.879999999999,7210.929999999999,11916.6266,4454.0599999999995,1999.94,4427.14,1
2026-09-03T02:51:35.192388+00:00,daily,bitcoin-up-or-down-on-september-3-2026,0.73,0.800309986472362,BUY_YES,2000.0,13.140224336666666,35641.1184,0.72,0.74,0.020000000000000018,7205.3566,7395.7366,11593.1866,4974.92,2011.08,4352.58,1
2026-09-03T03:01:55.337753+00:00,daily,bitcoin-up-or-down-on-september-3-2026,0.695,0.7306281499048395,BUY_YES,1020.9383301613176,12.967961735277777,36082.048756000004,0.69,0.7,0.010000000000000009,833.4499999999999,6543.7699999999995,11408.5209,5018.75,2340.25,4892.14,1
2026-09-03T03:11:41.756040+00:00,daily,bitcoin-up-or-down-on-september-3-2026,0.685,0.7126284346931347,NO_TRADE,0.0,12.805067766666667,36082.048756000004,0.68,0.69,0.009999999999999898,6154.129999999999,10429.039999999999,11169.491999999998,1386.71,671.2900000000001,5020.91,1
2026-09-03T03:21:32.386546+00:00,daily,bitcoin-up-or-down-on-september-3-2026,0.735,0.8086811767746706,BUY_YES,2000.0,12.641003737222222,36214.677659,0.73,0.74,0.010000000000000009,6903.15,11363.59,12005.81,1966.3999999999999,753.6,2364.8399999999997,1
2026-09-03T03:31:55.605698+00:00,daily,bitcoin-up-or-down-on-september-3-2026,0.705,0.7347104293195676,NO_TRADE,0.0,12.46788730611111,37031.915933000004,0.7,0.71,0.010000000000000009,6535.92,10650.93,11194.553,1158.27,507.83,2781.43,1
2026-09-03T03:41:40.153234+00:00,daily,bitcoin-up-or-down-on-september-3-2026,0.685,0.7221730488188128,BUY_YES,1037.840284477835,12.305512990555556,37031.915933000004,0.68,0.69,0.009999999999999898,10797.789999999999,10797.789999999999,11844.896999999999,1124.6416,541.9784,768.0784,1
2026-09-03T03:52:09.294396+00:00,daily,bitcoin-up-or-down-on-september-3-2026,0.695,0.7610208367199869,BUY_YES,2000.0,12.130751556666667,38041.295933,0.69,0.7,0.010000000000000009,10610.11,11192.59,12173.463,1839.92,854.08,1269.5500000000002,1
2026-09-03T04:02:43.604898+00:00,daily,bitcoin-up-or-down-on-september-3-2026,0.705,0.7669684377251194,BUY_YES,1964.4288870730823,11.954554195,38150.826822,0.7,0.71,0.010000000000000009,10456.88,10748.88,11281.027999999998,1955.9189999999999,870.0509999999999,978.531,1
2026-09-03T04:11:30.330493+00:00,daily,bitcoin-up-or-down-on-september-3-2026,0.715,0.7910071350555941,BUY_YES,2000.0,11.808241529722222,38150.826822,0.71,0.72,0.010000000000000009,7.92,133.72,10675.54,10607.05,4402.95,4652.5,1
2026-09-03T04:21:36.752700+00:00,daily,bitcoin-up-or-down-on-september-3-2026,0.655,0.6673436137347342,NO_TRADE,0.0,11.639790916666668,38591.973486,0.65,0.66,0.010000000000000009,9544.925000000001,9551.725,9992.01,559.09,314.40999999999997,702.54,1
2026-09-03T04:31:56.738675+00:00,daily,bitcoin-up-or-down-on-september-3-2026,0.655,0.7183183730967633,BUY_YES,1715.2462675518602,11.467572590277777,38591.973486,0.65,0.66,0.010000000000000009,383.73,9086.37,9528.260000000002,1386.22,766.1800000000001,5520.31,1
2026-09-03T04:41:37.750251+00:00,daily,bitcoin-up-or-down-on-september-3-2026,0.655,0.7158814453780841,BUY_YES,1643.5719228848247,11.306180485833334,39809.40903800001,0.65,0.66,0.010000000000000009,9460.25,9596.25,10314.09,1609.7030000000002,895.0169999999999,3745.127,1
2026-09-03T04:51:34.321791+00:00,daily,bitcoin-up-or-down-on-september-3-2026,0.675,0.7490624410735692,BUY_YES,2000.0,11.140466169166666,40089.703745000006,0.67,0.68,0.010000000000000009,5317.45,9334.75,9643.9356,2054.163,1030.387,3704.0369999999994,1
2026-09-03T05:02:04.028450+00:00,daily,bitcoin-up-or-down-on-september-3-2026,0.745,0.8250923580740482,BUY_YES,2000.0,10.965547652777778,40089.703745000006,0.74,0.75,0.010000000000000009,10645.609999999999,11261.609999999999,11595.929999999998,1273.37,459.13,567.49,1
2026-09-03T05:11:46.451154+00:00,daily,bitcoin-up-or-down-on-september-3-2026,0.685,0.7193513076108317,NO_TRADE,0.0,10.803763568333332,40112.894920000006,0.68,0.69,0.009999999999999898,1284.03,1732.75,7617.599999999999,10725.0,5124.0,5397.7,1
2026-09-03T05:21:36.735573+00:00,daily,bitcoin-up-or-down-on-september-3-2026,0.56,0.5185070590025396,BUY_NO,572.5989272265531,10.639795674166667,41101.66971199999,0.55,0.57,0.019999999999999907,2666.0915999999997,2669.0415999999996,2965.4515999999994,4160.97,3546.9300000000003,4396.6900000000005,1
2026-09-03T05:31:50.698834+00:00,daily,bitcoin-up-or-down-on-september-3-2026,0.5,0.48165488750698093,NO_TRADE,0.0,10.469250323888888,41101.66971199999,0.49,0.51,0.020000000000000018,6932.3269,7148.0369,7349.7074,4145.68,4488.32,5027.33,1
2026-09-03T05:41:42.069869+00:00,daily,bitcoin-up-or-down-on-september-3-2026,0.565,0.6816511391118207,BUY_YES,2000.0,10.304980591944444,44895.471982999996,0.56,0.57,0.009999999999999898,246.24999999999997,1068.12,7827.147999999998,2707.0615000000003,2195.0685,2208.8685,1
2026-09-03T05:51:36.953220+00:00,daily,bitcoin-up-or-down-on-september-3-2026,0.665,0.7681352235523128,BUY_YES,2000.0,10.139735216666665,45033.908773999996,0.66,0.67,0.010000000000000009,37.5238,56.153800000000004,9951.3738,9492.378,4973.422,5123.901999999999,1
2026-09-03T06:02:03.418555+00:00,daily,bitcoin-up-or-down-on-september-3-2026,0.715,0.8128434521416883,BUY_YES,2000.0,9.965717068055557,45033.908773999996,0.71,0.72,0.010000000000000009,1642.67,5819.2300000000005,6509.805,790.6999999999999,338.3,567.39,1
2026-09-03T06:11:48.071971+00:00,daily,bitcoin-up-or-down-on-september-3-2026,0.685,0.7148526928184453,NO_TRADE,0.0,9.80331334138889,45795.38240900001,0.68,0.69,0.009999999999999898,1380.9,1389.5762000000002,11009.636199999999,5925.910000000001,2795.09,4527.39,1
2026-09-03T06:21:38.981523+00:00,daily,bitcoin-up-or-down-on-september-3-2026,0.71,0.7631482937756012,BUY_YES,1541.010491985759,9.639171799166666,46456.068137000024,0.7,0.72,0.020000000000000018,973.8399999999999,6331.4400000000005,6999.64,6572.759999999999,2823.24,4426.44,1
2026-09-03T06:31:54.588381+00:00,daily,bitcoin-up-or-down-on-september-3-2026,0.715,0.7593738023415157,BUY_YES,1406.2072264827061,9.468169894166666,46456.068137000024,0.71,0.72,0.010000000000000009,4364.0199999999995,10274.4,10940.6,6349.459999999999,2719.54,2872.06,1
2026-09-03T06:41:35.970267+00:00,daily,bitcoin-up-or-down-on-september-3-2026,0.715,0.7688009805620679,BUY_YES,1742.8921629309975,9.306674925833335,47302.26028400002,0.71,0.72,0.010000000000000009,801.49,5143.07,11769.21,6658.79,2724.2099999999996,4277.3099999999995,1
2026-09-03T06:51:39.042054+00:00,daily,bitcoin-up-or-down-on-september-3-2026,0.745,0.8016935383072746,BUY_YES,2000.0,9.139154985000001,47339.436525,0.74,0.75,0.010000000000000009,5182.2375,10987.2675,11625.6675,1701.57,614.4300000000001,2749.9900000000007,1
2026-09-03T07:01:59.820847+00:00,daily,bitcoin-up-or-down-on-september-3-2026,0.765,0.8207378545729688,BUY_YES,2000.0,8.966716431388889,47339.436525,0.76,0.77,0.010000000000000009,4823.770100000001,10817.500100000001,12538.700100000002,7389.509599999999,2428.1803999999997,2455.4804,1
2026-09-03T07:11:37.785838+00:00,daily,bitcoin-up-or-down-on-september-3-2026,0.815,0.8799270687111824,BUY_YES,2000.0,8.806170600555555,47371.13113899999,0.81,0.82,0.009999999999999898,6189.69,7511.849999999999,15321.336,2062.99,496.01,1547.06,1
2026-09-03T07:21:42.679433+00:00,daily,bitcoin-up-or-down-on-september-3-2026,0.795,0.8282254700210248,NO_TRADE,0.0,8.638144601944445,50442.18194000001,0.79,0.8,0.010000000000000009,6175.550000000001,6175.550000000001,14586.036000000002,961.1707000000001,268.7493,3096.5993,1
2026-09-03T07:31:57.765564+00:00,daily,bitcoin-up-or-down-on-september-3-2026,0.785,0.8103602471203218,NO_TRADE,0.0,8.467287343333332,51325.441738000016,0.78,0.79,0.010000000000000009,9788.380000000001,10274.380000000001,10463.825,1298.8998000000001,377.51020000000005,425.9902000000001,1
2026-09-03T07:41:42.047715+00:00,daily,bitcoin-up-or-down-on-september-3-2026,0.805,0.8601767194785461,BUY_YES,2000.0,8.304986745833332,51325.441738000016,0.8,0.81,0.010000000000000009,36.849999999999994,168.82,14144.712599999999,10790.1,2699.9,2699.9,1
2026-09-03T07:51:46.218713+00:00,daily,bitcoin-up-or-down-on-september-3-2026,0.685,0.6630813743897648,NO_TRADE,0.0,8.137161468611112,51408.57919500001,0.68,0.69,0.009999999999999898,110.39999999999999,8719.15,9188.475,5246.96,2578.04,2578.04,1
2026-09-03T08:02:39.520181+00:00,daily,bitcoin-up-or-down-on-september-3-2026,0.715,0.7660146895582292,BUY_YES,1643.3817699367564,7.9556888386111115,54275.324489000006,0.71,0.72,0.010000000000000009,3.5999999999999996,125.69999999999999,5162.845,4098.17,1745.83,1747.3799999999999,1
2026-09-03T08:11:43.848871+00:00,daily,bitcoin-up-or-down-on-september-3-2026,0.805,0.8900908909250689,BUY_YES,2000.0,7.8044864247222225,54275.324489000006,0.8,0.81,0.010000000000000009,77.993,6740.403,14397.795600000001,4790.900000000001,1205.1000000000001,2768.2,1
2026-09-03T08:21:56.746894+00:00,daily,bitcoin-up-or-down-on-september-3-2026,0.795,0.8275022306897766,NO_TRADE,0.0,7.634236973888889,55460.85794599999,0.79,0.8,0.010000000000000009,6246.25,6738.25,13977.474999999999,1657.3600000000001,454.64,3282.49,1
2026-09-03T08:31:51.157361+00:00,daily,bitcoin-up-or-down-on-september-3-2026,0.825,0.8657990674202105,BUY_YES,2000.0,7.469122955277777,55595.514326000004,0.82,0.83,0.010000000000000009,1801.56,11773.335,16855.827599999997,6758.099999999999,1557.9,3082.9,1
2026-09-03T08:41:38.874942+00:00,daily,bitcoin-up-or-down-on-september-3-2026,0.815,0.8408591826552354,NO_TRADE,0.0,7.305868071666667,55595.514326000004,0.81,0.82,0.009999999999999898,2396.25,9204.45,16820.3176,7870.400000000001,1957.6000000000001,3181.9,1
2026-09-03T08:51:40.632576+00:00,daily,bitcoin-up-or-down-on-september-3-2026,0.785,0.7997946713954266,NO_TRADE,0.0,7.1387131733333336,55975.39432600001,0.78,0.79,0.010000000000000009,12415.55,13225.55,13414.66,1424.8000000000002,415.20000000000005,2536.08,1
2026-09-03T09:02:08.519964+00:00,daily,bitcoin-up-or-down-on-september-3-2026,0.795,0.8353516674826895,BUY_YES,1767.583374134474,6.9643000100000005,55975.39432600001,0.79,0.8,0.010000000000000009,8289.05,12717.05,16147.25,1478.3000000000002,406.7,2429.55,1
2026-09-03T09:11:40.566437+00:00,daily,bitcoin-up-or-down-on-september-3-2026,0.825,0.8717659785885256,BUY_YES,2000.0,6.8053982119444445,56088.40947300001,0.82,0.83,0.010000000000000009,2056.35,15421.75,16055.4726,8355.52,1931.48,2063.88,1
2026-09-03T09:21:45.454328+00:00,daily,bitcoin-up-or-down-on-september-3-2026,0.815,0.8475684733509722,NO_TRADE,0.0,6.637373797777778,58727.351376000006,0.81,0.82,0.009999999999999898,8492.449999999999,8834.749999999998,9918.242599999998,3106.4,766.6,2406.07,1
2026-09-03T09:31:55.511580+00:00,daily,bitcoin-up-or-down-on-september-3-2026,0.775,0.8011742466508684,NO_TRADE,0.0,6.46791345,58727.351376000006,0.77,0.78,0.010000000000000009,6328.902,7004.374,12807.6644,6721.4,2018.6,2493.6,1
2026-09-03T09:41:32.171540+00:00,daily,bitcoin-up-or-down-on-september-3-2026,0.755,0.791459736381764,BUY_YES,1310.8223492401678,6.307730127777778,60939.597179000004,0.75,0.76,0.010000000000000009,7915.29,8231.19,14627.804399999999,5354.6,1785.4,2136.67,1
2026-09-03T09:51:34.523979+00:00,daily,bitcoin-up-or-down-on-september-3-2026,0.705,0.7328698347023026,NO_TRADE,0.0,6.140410005833333,64220.63302400001,0.7,0.71,0.010000000000000009,3699.5124,7820.3624,14376.002400000001,6238.73,2698.27,3024.99,1
2026-09-03T10:02:10.110656+00:00,daily,bitcoin-up-or-down-on-september-3-2026,0.685,0.7294695772015765,BUY_YES,1273.2121677927905,5.963858151111111,64506.58327799999,0.68,0.69,0.009999999999999898,7057.974,7061.524,13813.423999999999,6036.68,2867.32,3011.1400000000003,1
2026-09-03T10:11:39.798401+00:00,daily,bitcoin-up-or-down-on-september-3-2026,0.73,0.7882695673950736,BUY_YES,1856.5218228874462,5.805611555277777,64506.58327799999,0.72,0.74,0.020000000000000018,5594.8944,11598.894400000001,12162.7144,6697.5307999999995,2614.1092000000003,2659.1092000000003,1
2026-09-03T10:21:39.681704+00:00,daily,bitcoin-up-or-down-on-september-3-2026,0.73,0.7847246535436,BUY_YES,1720.178982446154,5.6389773044444444,65068.562700999995,0.72,0.74,0.020000000000000018,5569.6,11729.400000000001,12387.100000000002,6712.549999999999,2717.45,3000.6499999999996,1
2026-09-03T10:31:51.448049+00:00,daily,bitcoin-up-or-down-on-september-3-2026,0.685,0.7279669117042833,BUY_YES,1224.7390872349465,5.4690422086111115,65068.562700999995,0.68,0.69,0.009999999999999898,1251.9,1251.9,11607.6,6204.35,2948.65,3179.85,1
2026-09-03T10:41:40.180300+00:00,daily,bitcoin-up-or-down-on-september-3-2026,0.635,0.64778446215786,NO_TRADE,0.0,5.305505472222222,65928.134458,0.63,0.64,0.010000000000000009,6894.364,12114.964,12485.664,4535.96,2780.04,3121.29,1
2026-09-03T10:51:41.598865+00:00,daily,bitcoin-up-or-down-on-september-3-2026,0.685,0.7466979141048178,BUY_YES,1828.9649711231557,5.138444759722222,66575.82945800001,0.68,0.69,0.009999999999999898,2698.26,7074.7,12783.225,5939.6716000000015,2317.1983999999998,2436.5384,1
2026-09-03T11:02:00.964163+00:00,daily,bitcoin-up-or-down-on-september-3-2026,0.775,0.8462830436322656,BUY_YES,2000.0,4.966398843611111,66575.82945800001,0.77,0.78,0.010000000000000009,7419.2552000000005,12459.2552,13208.5052,1276.6,383.4,544.9,1
2026-09-03T11:11:37.570280+00:00,daily,bitcoin-up-or-down-on-september-3-2026,0.78,0.827511098435592,BUY_YES,1786.2427826472374,4.806230477777778,66899.53109600002,0.77,0.79,0.020000000000000018,7758.8,12558.05,13390.25,7211.4800000000005,2256.52,2507.77,1
2026-09-03T11:21:35.129660+00:00,daily,bitcoin-up-or-down-on-september-3-2026,0.8,0.8502409058901633,BUY_YES,2000.0,4.6402417611111115,67122.762764,0.79,0.81,0.020000000000000018,1578.48,7969.48,13411.3926,11584.68,3155.3199999999997,3379.5699999999997,1
2026-09-03T11:31:52.316953+00:00,daily,bitcoin-up-or-down-on-september-3-2026,0.825,0.8609922308349695,BUY_YES,1823.0724020570285,4.468800846388889,67122.762764,0.82,0.83,0.010000000000000009,8731.6,9148.1,13539.6126,116.34,26.159999999999997,361.15999999999997,1
2026-09-03T11:41:34.866299+00:00,daily,bitcoin-up-or-down-on-september-3-2026,0.84,0.8771985747599212,NO_TRADE,0.0,4.306981583611111,68407.574902,0.83,0.85,0.020000000000000018,3044.0126,3044.0126,8580.8116,2492.35,528.15,1551.3,1
2026-09-03T11:51:36.082257+00:00,daily,bitcoin-up-or-down-on-september-3-2026,0.83,0.8626534381608845,NO_TRADE,0.0,4.139977150833333,68568.23047099999,0.82,0.84,0.020000000000000018,2823.48,3710.4926,8162.792600000001,1959.79,439.21000000000004,1636.8100000000002,1
2026-09-03T12:02:02.771707+00:00,daily,bitcoin-up-or-down-on-september-3-2026,0.83,0.8704603843084442,BUY_YES,1903.774019277764,3.9658967480555556,68568.23047099999,0.82,0.84,0.020000000000000018,2306.6935000000003,3430.2061000000003,8305.1311,7521.9854000000005,1745.3546000000001,2009.4546,1
2026-09-03T12:11:34.221852+00:00,daily,bitcoin-up-or-down-on-september-3-2026,0.855,0.9013760682591085,BUY_YES,2000.0,3.8071605966666664,68835.61281699999,0.85,0.86,0.010000000000000009,106.9486,3208.9486,4740.7476,9169.599,1621.741,1621.741,1
2026-09-03T12:21:45.514877+00:00,daily,bitcoin-up-or-down-on-september-3-2026,0.855,0.8889388944300626,NO_TRADE,0.0,3.6373569786111113,72055.67941799997,0.85,0.86,0.010000000000000009,277.2,277.2,5684.875,3655.7129999999997,668.867,713.067,1
2026-09-03T12:31:50.435063+00:00,daily,bitcoin-up-or-down-on-september-3-2026,0.89,0.9311052780800277,BUY_YES,2000.0,3.469323593611111,72055.67941799997,0.88,0.9,0.020000000000000018,3180.9,4353.9,9173.253099999998,5030.75,694.25,694.25,1
2026-09-03T12:41:50.271815+00:00,daily,bitcoin-up-or-down-on-september-3-2026,0.915,0.9563897515509422,BUY_YES,2000.0,3.302702273611111,73570.60884199999,0.91,0.92,0.010000000000000009,4323.4064,10997.4064,17210.6763,10948.288499999999,1205.8715,1264.9965,1
2026-09-03T12:51:50.893269+00:00,daily,bitcoin-up-or-down-on-september-3-2026,0.925,0.9455353197962075,NO_TRADE,0.0,3.135862980833333,90318.822064,0.92,0.93,0.010000000000000009,3635.28,6104.273,17365.6249,15447.422700000001,1410.7673,1472.0173,1
2026-09-03T13:02:00.743308+00:00,daily,bitcoin-up-or-down-on-september-3-2026,0.955,0.977744299917901,NO_TRADE,0.0,2.9664601922222222,99079.33730600003,0.95,0.96,0.010000000000000009,3574.7201,4532.6701,8786.0665,4592.2444,278.0156,685.5003,1
2026-09-03T13:11:42.094044+00:00,daily,bitcoin-up-or-down-on-september-3-2026,0.965,0.974352723996675,NO_TRADE,0.0,2.8049738766666668,99079.33730600003,0.96,0.97,0.010000000000000009,4179.6601,8616.2065,8616.2065,4563.0024,232.9376,583.6532,1
2026-09-03T13:21:38.866459+00:00,daily,bitcoin-up-or-down-on-september-3-2026,0.965,0.9759482832509077,NO_TRADE,0.0,2.6392037613888886,99357.367306,0.96,0.97,0.010000000000000009,3101.0000999999997,7522.6965,7522.6965,1237.1024,58.8376,84.8032,1
2026-09-03T13:31:48.436275+00:00,daily,bitcoin-up-or-down-on-september-3-2026,0.965,0.9803242906869695,NO_TRADE,0.0,2.4698788125,99357.367306,0.96,0.97,0.010000000000000009,1094.9034,6438.147199999999,19432.0872,52.785,2.215,2.215,1
2026-09-03T13:41:32.790634+00:00,daily,bitcoin-up-or-down-on-september-3-2026,0.9755,0.9894378035997293,NO_TRADE,0.0,2.307558157222222,102129.89730600003,0.973,0.978,0.0050000000000000044,1524.1399999999999,11571.629340000001,23559.62934,1050.51,34.49,42.09,1
2026-09-03T13:51:40.848738+00:00,daily,bitcoin-up-or-down-on-september-3-2026,0.9855,0.9921078564662639,NO_TRADE,0.0,2.1386531283333334,106844.60948200007,0.982,0.989,0.007000000000000006,16931.580390000003,16931.580390000003,16931.580390000003,1659.3349699999999,35.445029999999996,42.04503,1
2026-09-03T14:02:09.712466+00:00,daily,bitcoin-up-or-down-on-september-3-2026,0.987,0.9913855809796267,NO_TRADE,0.0,1.9639687594444444,106844.60948200007,0.982,0.992,0.010000000000000009,22544.14239,22544.14239,22544.14239,1420.0909299999998,30.469070000000002,37.294070000000005,1
2026-09-03T14:13:03.945625+00:00,daily,bitcoin-up-or-down-on-september-3-2026,0.9884999999999999,0.9934938794285441,NO_TRADE,0.0,1.7822373263888889,115199.39715800005,0.986,0.991,0.0050000000000000044,22485.067219999997,22485.067219999997,22485.067219999997,3100.81549,51.974509999999995,68.37450999999999,1
2026-09-03T14:21:40.983791+00:00,daily,bitcoin-up-or-down-on-september-3-2026,0.9915,0.9961656077576985,NO_TRADE,0.0,1.6386156136111112,120809.81466,0.991,0.992,0.0010000000000000009,18035.9849,18035.9849,18035.9849,7133.5381,71.94189999999999,88.49189999999999,1
2026-09-03T14:31:49.403285+00:00,daily,bitcoin-up-or-down-on-september-3-2026,0.9975,0.9994482698551808,NO_TRADE,0.0,1.469610198611111,120809.81466,0.997,0.998,0.0010000000000000009,12958.28854,12958.28854,12958.28854,33070.26952,146.30048000000002,159.85048000000003,1
2026-09-03T14:41:34.319819+00:00,daily,bitcoin-up-or-down-on-september-3-2026,0.9975,0.9986018173949339,NO_TRADE,0.0,1.307133383611111,122626.59465999999,0.997,0.998,0.0010000000000000009,7908.39354,7908.39354,7908.39354,34681.1348,140.30520000000004,153.85520000000005,1
2026-09-03T14:51:34.662234+00:00,daily,bitcoin-up-or-down-on-september-3-2026,0.9984999999999999,0.9995553694186531,NO_TRADE,0.0,1.1403716016666665,139295.37466000003,0.998,0.999,0.0010000000000000009,177.95186999999999,177.95186999999999,177.95186999999999,33901.24412,130.06588000000002,130.21588000000003,1
2026-09-03T15:02:03.238298+00:00,daily,bitcoin-up-or-down-on-september-3-2026,0.9995,0.9998335465914694,NO_TRADE,0.0,0.9657671394444444,139295.37466000003,0.999,,,0.0,0.0,0.0,69961.57017,92.28983,104.63983,1
2026-09-03T15:11:48.009696+00:00,daily,bitcoin-up-or-down-on-september-3-2026,0.9995,0.9997406606632618,NO_TRADE,0.0,0.80333064,145853.20566,0.999,,,0.0,0.0,0.0,70142.88623999999,92.90376,105.10376000000001,1
2026-09-03T15:21:45.903402+00:00,daily,bitcoin-up-or-down-on-september-3-2026,0.9995,0.9997575894023913,NO_TRADE,0.0,0.6372490550000001,145876.11566000007,0.999,,,0.0,0.0,0.0,70208.57049,92.96951,105.16951,1
2026-09-03T15:31:56.777360+00:00,daily,bitcoin-up-or-down-on-september-3-2026,0.9995,0.9998037887567903,NO_TRADE,0.0,0.46756184444444443,145876.11566000007,0.999,,,0.0,0.0,0.0,90583.50516,113.36484,125.56484,1
2026-09-03T15:41:33.127980+00:00,daily,bitcoin-up-or-down-on-september-3-2026,0.9995,0.9998009535977329,NO_TRADE,0.0,0.30746445,147942.75566000002,0.999,,,0.0,0.0,0.0,69644.69495,72.38505,84.58505000000001,1
2026-09-03T15:51:34.004457+00:00,daily,bitcoin-up-or-down-on-september-3-2026,0.9995,0.999749314700767,NO_TRADE,0.0,0.1405543175,150763.99566000004,0.999,,,0.0,0.0,0.0,67768.18334,70.50666000000001,82.70666000000001,1
2026-09-03T16:01:56.815506+00:00,daily,bitcoin-up-or-down-on-september-4-2026,0.505,0.7067105725093825,NO_TRADE,0.0,23.967551248333333,1478.614982,0.5,0.51,0.010000000000000009,4552.401900000001,4875.352100000001,5098.0286000000015,1975.0704,1988.8896,2807.3644,0
2026-09-03T16:11:35.339279+00:00,daily,bitcoin-up-or-down-on-september-4-2026,0.425,0.4096028618631924,NO_TRADE,0.0,23.806850200277776,2552.2122529999997,0.42,0.43,0.010000000000000009,661.4049,741.9549,4342.7391,3485.8535999999995,4937.7264,5183.7264,0
2026-09-03T16:21:44.351173+00:00,daily,bitcoin-up-or-down-on-september-4-2026,0.395,0.41717822681314687,NO_TRADE,0.0,23.63768022972222,17925.47624400001,0.39,0.4,0.010000000000000009,679.9300000000001,2866.0299999999997,4239.4511999999995,920.84,1502.1599999999999,4907.3099999999995,0
2026-09-03T16:31:47.954853+00:00,daily,bitcoin-up-or-down-on-september-4-2026,0.41000000000000003,0.512714902731668,BUY_YES,1598.5328057184136,23.470012540833334,17925.47624400001,0.4,0.42,0.019999999999999962,2386.8199999999997,6531.5804,6914.4339,2858.38,4470.62,5850.0642,0
2026-09-03T16:41:51.208711+00:00,daily,bitcoin-up-or-down-on-september-4-2026,0.39,0.47497682915342077,BUY_YES,1249.6138192236792,23.30244202472222,19823.67234900001,0.38,0.4,0.020000000000000018,719.0711,2908.5311,7089.834199999999,3794.8535999999995,6191.8664,9886.8616,0
2026-09-03T16:51:48.639335+00:00,daily,bitcoin-up-or-down-on-september-4-2026,0.415,0.5322489093007204,BUY_YES,1935.3260224262149,23.136489073611113,20730.531737999998,0.41,0.42,0.010000000000000009,680.8987999999999,774.6188,7470.5289,3996.4976,5758.8624,9042.3033,0
2026-09-03T17:02:00.577977+00:00,daily,bitcoin-up-or-down-on-september-4-2026,0.405,0.4418596258631396,BUY_YES,539.9936586972816,22.966506117500003,20730.531737999998,0.4,0.41,0.009999999999999953,187.87179999999998,2751.1018,6117.3476,3133.0991,4714.5909,7985.0909,0
2026-09-03T17:11:38.576089+00:00,daily,bitcoin-up-or-down-on-september-4-2026,0.405,0.4723017117028255,BUY_YES,1055.9612153021271,22.80595108638889,21280.399365000005,0.4,0.41,0.009999999999999953,196.0718,543.5118,6186.5576,5119.1991,7818.4909,7985.890899999999,0
2026-09-03T17:21:39.353914+00:00,daily,bitcoin-up-or-down-on-september-4-2026,0.405,0.48111842153246787,BUY_YES,1205.3969751265743,22.63906835722222,21280.399365,0.4,0.41,0.009999999999999953,196.0718,543.5118,2991.5576,2279.1991,3558.4909,3725.8909,0
2026-09-03T17:31:59.129684+00:00,daily,bitcoin-up-or-down-on-september-4-2026,0.405,0.4556159484772418,BUY_YES,773.1516691057934,22.46690842111111,21280.399365,0.4,0.41,0.009999999999999953,196.0718,543.5118,2991.5576,2279.1991,3558.4909,3725.8909,0
2026-09-03T17:41:40.746718+00:00,daily,bitcoin-up-or-down-on-september-4-2026,0.405,0.49692961205057595,BUY_YES,1473.3832550945078,22.30534813388889,21280.399365,0.4,0.41,0.009999999999999953,196.0718,543.5118,2991.5576,2279.1991,3558.4909,3725.8909,0
2026-09-03T17:51:40.646036+00:00,daily,bitcoin-up-or-down-on-september-4-2026,0.405,0.4517590486716393,BUY_YES,707.7804859599885,22.138709434444444,21280.399365,0.4,0.41,0.009999999999999953,196.0718,543.5118,2991.5576,2279.1991,3558.4909,3725.8909,0
2026-09-03T18:02:10.097536+00:00,daily,bitcoin-up-or-down-on-september-4-2026,0.405,0.4456685608889351,BUY_YES,604.5518794734763,21.963861795555555,21280.399365,0.4,0.41,0.009999999999999953,196.0718,543.5118,2991.5576,2279.1991,3558.4909,3725.8909,0
2026-09-03T18:11:36.684334+00:00,daily,bitcoin-up-or-down-on-september-4-2026,0.405,0.5062442724781765,BUY_YES,1631.2588555623138,21.806476573888887,21280.399365,0.4,0.41,0.009999999999999953,196.0718,543.5118,2991.5576,2279.1991,3558.4909,3725.8909,0
2026-09-03T18:21:39.766776+00:00,daily,bitcoin-up-or-down-on-september-4-2026,0.405,0.4148980318188354,NO_TRADE,0.0,21.638953673333333,21280.399365000005,0.4,0.41,0.009999999999999953,196.0718,543.5118,2991.5576,2279.1991,3558.4909,3725.8909,0
2026-09-03T18:31:49.779496+00:00,daily,bitcoin-up-or-down-on-september-4-2026,0.405,0.3991479637169301,NO_TRADE,0.0,21.469505695555554,21280.399365000005,0.4,0.41,0.009999999999999953,196.0718,543.5118,2991.5576,2279.1991,3558.4909,3725.8909,0
2026-09-03T18:41:33.211939+00:00,daily,bitcoin-up-or-down-on-september-4-2026,0.405,0.4946456688413392,BUY_YES,1434.6723532430376,21.307441128055554,21280.399365,0.4,0.41,0.009999999999999953,196.0718,543.5118,2991.5576,2279.1991,3558.4909,3725.8909,0
2026-09-03T18:51:41.814779+00:00,daily,bitcoin-up-or-down-on-september-4-2026,0.405,0.4747752365571466,BUY_YES,1097.8853653753665,21.138384783611112,21280.399364999997,0.4,0.41,0.009999999999999953,196.0718,543.5118,2991.5576,2279.1991,3558.4909,3725.8909,0
2026-09-03T19:02:05.967545+00:00,daily,bitcoin-up-or-down-on-september-4-2026,0.405,0.5198480413808219,BUY_YES,1861.8312098444385,20.965009015277776,21280.399364999997,0.4,0.41,0.009999999999999953,196.0718,543.5118,2991.5576,2279.1991,3558.4909,3725.8909,0
2026-09-03T19:11:30.666651+00:00,daily,bitcoin-up-or-down-on-september-4-2026,0.405,0.4532982904621912,BUY_YES,733.8693298676482,20.8081481525,21280.399365,0.4,0.41,0.009999999999999953,196.0718,543.5118,2991.5576,2279.1991,3558.4909,3725.8909,0
2026-09-03T19:21:47.737357+00:00,daily,bitcoin-up-or-down-on-september-4-2026,0.405,0.5231872188856107,BUY_YES,1918.4274387391647,20.636739623055554,21280.399365000005,0.4,0.41,0.009999999999999953,22.65,26.09,115.41000000000001,99.9991,152.6909,189.8909,0
2026-09-03T19:31:52.565162+00:00,daily,bitcoin-up-or-down-on-september-4-2026,0.405,0.4803174987291674,BUY_YES,1191.8220123587698,20.468731899444446,21280.399365000005,0.4,0.41,0.009999999999999953,22.65,26.09,115.41000000000001,91.9991,140.6909,177.8909,0
2026-09-03T19:41:36.656901+00:00,daily,bitcoin-up-or-down-on-september-4-2026,0.535,0.5991492724457541,BUY_YES,1285.8537488207407,20.306484194166668,21280.399365,0.53,0.54,0.010000000000000009,9.1006,19.931,4885.198299999999,5115.207700000001,4536.882299999999,4558.9322999999995,0
2026-09-03T19:51:34.169060+00:00,daily,bitcoin-up-or-down-on-september-4-2026,0.525,0.5983822612809133,BUY_YES,1454.941729381134,20.140508594444444,24031.54084499998,0.52,0.53,0.010000000000000009,514.468,968.2180000000001,6756.9104,5189.607999999999,4794.542,5094.542,0
2026-09-03T20:02:07.976405+00:00,daily,bitcoin-up-or-down-on-september-4-2026,0.55,0.6069205830405862,BUY_YES,858.6182102461909,19.964450998611113,24031.54084499998,0.53,0.57,0.039999999999999925,22.242800000000003,42.5034,735.3223999999999,2.6500000000000004,2.3499999999999996,2.3499999999999996,0
2026-09-03T20:11:44.290974+00:00,daily,bitcoin-up-or-down-on-september-4-2026,0.485,0.48133265191187097,NO_TRADE,0.0,19.804363618333333,24031.54084499998,0.4,0.57,0.16999999999999993,7.742799999999999,13.2534,660.5723999999999,46.1491,71.5409,77.7409,0
2026-09-03T20:21:37.373768+00:00,daily,bitcoin-up-or-down-on-september-4-2026,0.485,0.47447774855804986,NO_TRADE,0.0,19.639618397777777,25629.77329999998,0.4,0.57,0.16999999999999993,7.742799999999999,13.2534,660.5723999999999,46.1491,71.5409,77.7409,0
2026-09-03T20:31:51.547545+00:00,daily,bitcoin-up-or-down-on-september-4-2026,0.485,0.5416868624839613,NO_TRADE,0.0,19.469014570833334,25629.77329999998,0.4,0.57,0.16999999999999993,7.742799999999999,13.2534,660.5723999999999,46.1491,71.5409,77.7409,0
2026-09-03T20:41:37.410678+00:00,daily,bitcoin-up-or-down-on-september-4-2026,0.56,0.6108046992824884,BUY_YES,948.9464949415911,19.30627481166667,25629.773299999986,0.55,0.57,0.019999999999999907,4363.3862,6580.9425,7262.836499999999,2313.3842000000004,1955.8458,5295.1957999999995,0
2026-09-03T20:51:45.001374+00:00,daily,bitcoin-up-or-down-on-september-4-2026,0.56,0.6141750148290638,BUY_YES,1027.3259262572983,19.137499618333333,25802.26420299998,0.55,0.57,0.019999999999999907,4353.3928,6324.7952,7366.689199999999,2321.7866000000004,1963.0034,5351.7034,0
2026-09-03T21:01:59.869141+00:00,daily,bitcoin-up-or-down-on-september-4-2026,0.53,0.5488573346868998,NO_TRADE,0.0,18.966703016388887,25802.26420299998,0.52,0.54,0.020000000000000018,4012.2000000000003,5711.828,6376.452499999999,2162.7755,2062.2745,5662.2744999999995,0
2026-09-03T21:11:44.351645+00:00,daily,bitcoin-up-or-down-on-september-4-2026,0.54,0.5904567704591603,BUY_YES,899.0393435368956,18.804346765277778,26246.614202999983,0.53,0.55,0.020000000000000018,4190.55,6027.8994,7042.419199999999,1810.9972,1656.1128,5186.5628,0
2026-09-03T21:21:37.478922+00:00,daily,bitcoin-up-or-down-on-september-4-2026,0.58,0.6798081623315229,BUY_YES,2000.0,18.639589188333336,27449.277577999983,0.57,0.59,0.020000000000000018,1000.2683,2840.6627,2918.2158999999997,2227.112,1735.588,1740.088,0
2026-09-03T21:31:47.068470+00:00,daily,bitcoin-up-or-down-on-september-4-2026,0.605,0.732795455296552,BUY_YES,2000.0,18.470258758333333,27449.277577999983,0.6,0.61,0.010000000000000009,23.726999999999997,48.0954,601.6209,48.0,32.0,67.69999999999999,0
2026-09-03T21:41:44.447470+00:00,daily,bitcoin-up-or-down-on-september-4-2026,0.585,0.5769020281354251,NO_TRADE,0.0,18.30432014722222,28536.822547000003,0.58,0.59,0.010000000000000009,82.94999999999999,1808.579,2271.7116,464.59999999999997,350.40000000000003,1922.9160000000002,0
2026-09-03T21:51:44.959338+00:00,daily,bitcoin-up-or-down-on-september-4-2026,0.575,0.610771399099731,BUY_YES,732.6523595174054,18.137511295,31621.496549999985,0.57,0.58,0.010000000000000009,39.249,3108.249,5574.4902,2113.1382999999996,1596.0517,1598.3017,0
2026-09-03T22:01:57.768892+00:00,daily,bitcoin-up-or-down-on-september-4-2026,0.525,0.5087040159409182,NO_TRADE,0.0,17.96728641888889,31621.496549999985,0.51,0.54,0.030000000000000027,1962.1885000000004,1970.5885000000005,2284.8485000000005,1381.035,1379.035,1379.035,0
2026-09-03T22:11:33.810581+00:00,daily,bitcoin-up-or-down-on-september-4-2026,0.52,0.513290115397699,NO_TRADE,0.0,17.80727483861111,33123.368787999985,0.51,0.53,0.020000000000000018,2929.9900000000002,3155.4900000000002,5087.6179,1366.3053000000002,1312.7247,3967.2747,0
2026-09-03T22:21:49.682905+00:00,daily,bitcoin-up-or-down-on-september-4-2026,0.505,0.5099361570657621,NO_TRADE,0.0,17.636199193055557,40082.12126199998,0.5,0.51,0.010000000000000009,2990.5,4376.2857,4717.8357000000005,34.6,35.4,1626.4388000000001,0
2026-09-03T22:31:47.687369+00:00,daily,bitcoin-up-or-down-on-september-4-2026,0.45999999999999996,0.4697834852735588,NO_TRADE,0.0,17.470086841944443,40082.12126199998,0.45,0.47,0.019999999999999962,2426.15,2511.9,3916.44,1732.1316000000002,2130.4384,5333.826999999999,0
2026-09-03T22:41:39.206171+00:00,daily,bitcoin-up-or-down-on-september-4-2026,0.475,0.5519876258671981,BUY_YES,1384.3774205230404,17.305776063611113,40271.733884999994,0.47,0.48,0.010000000000000009,799.1574,6934.1574,8317.1805,1289.0326000000002,1512.7774,5431.527400000001,0
2026-09-03T22:51:38.477564+00:00,daily,bitcoin-up-or-down-on-september-4-2026,0.445,0.49613856709061416,BUY_YES,838.8830380111663,17.13931178777778,40358.686984000014,0.44,0.45,0.010000000000000009,377.8,6078.9,7502.389999999999,4893.2449,6474.1851,9765.685099999999,0
2026-09-03T23:02:07.611111+00:00,daily,bitcoin-up-or-down-on-september-4-2026,0.45,0.4826594265443229,NO_TRADE,0.0,16.964552469166666,40358.686984000014,0.44,0.46,0.020000000000000018,769.5999999999999,5579.896000000001,5599.696000000001,4737.5409,6277.089099999999,6871.589099999999,0
2026-09-03T23:11:26.325474+00:00,daily,bitcoin-up-or-down-on-september-4-2026,0.45999999999999996,0.4975087641153774,NO_TRADE,0.0,16.809354035000002,40416.843578,0.45,0.47,0.019999999999999962,4258.7492,5636.281300000001,5650.1813,4727.6212,6016.8588,6626.7531,0
2026-09-03T23:21:42.106322+00:00,daily,bitcoin-up-or-down-on-september-4-2026,0.475,0.5296818759930513,BUY_YES,955.4206921740634,16.638303799444444,40669.01575900001,0.47,0.48,0.010000000000000009,408.29999999999995,6543.3,7951.3917,1389.664,1631.2360000000003,5907.486000000001,0
2026-09-03T23:31:46.522473+00:00,daily,bitcoin-up-or-down-on-september-4-2026,0.46499999999999997,0.47874157469426964,NO_TRADE,0.0,16.47041042416667,40669.01575900001,0.46,0.47,0.009999999999999953,2808.15,4263.8665,4401.6965,4.550000000000001,5.45,1943.6996000000001,0
2026-09-03T23:41:34.520194+00:00,daily,bitcoin-up-or-down-on-september-4-2026,0.495,0.5469874239546096,BUY_YES,939.748479092193,16.307077723888888,41034.88848500001,0.49,0.5,0.010000000000000009,3383.3,3578.3,5133.2678000000005,1405.0374,1521.9626000000003,1549.5862000000002,0
2026-09-03T23:51:36.625540+00:00,daily,bitcoin-up-or-down-on-september-4-2026,0.49,0.5279291534798023,NO_TRADE,0.0,16.13982623888889,41330.315102000015,0.48,0.5,0.020000000000000018,2702.7000000000003,4136.808000000001,4366.493000000001,1381.013,1556.8870000000002,1987.9096000000002,0
2026-09-04T00:02:07.006781+00:00,daily,bitcoin-up-or-down-on-september-4-2026,0.48,0.5254685100230616,BUY_YES,695.4609808443455,15.964720338611112,41330.315102000015,0.47,0.49,0.020000000000000018,2519.8,2685.55,4241.421600000001,1413.3101,1598.5199,4567.5244,0
2026-09-04T00:11:32.683402+00:00,daily,bitcoin-up-or-down-on-september-4-2026,0.47,0.49038500844960864,NO_TRADE,0.0,15.807587943888889,41443.66695200001,0.46,0.48,0.019999999999999962,2691.3,4398.07,4531.414999999999,1762.593,2135.947,2361.7334,0
2026-09-04T00:21:30.202390+00:00,daily,bitcoin-up-or-down-on-september-4-2026,0.475,0.5117655450292513,BUY_YES,610.875865947141,15.641610447222222,41636.886725000004,0.47,0.48,0.010000000000000009,2474.25,4228.145,4567.345,492.52000000000004,569.48,2091.7645,0
2026-09-04T00:31:55.809631+00:00,daily,bitcoin-up-or-down-on-september-4-2026,0.48,0.5415696860879046,BUY_YES,1011.1703154491094,15.467830658055556,41636.886725000004,0.47,0.49,0.020000000000000018,2544.8,6354.5,8135.5112,5085.7682,5891.2918,8666.041799999999,0
2026-09-04T00:41:36.902261+00:00,daily,bitcoin-up-or-down-on-september-4-2026,0.53,0.6530579927058725,BUY_YES,2000.0,15.30641603861111,41636.88672499999,0.52,0.54,0.020000000000000018,6871.950000000001,8465.7548,8726.2548,1834.6716000000001,1707.4083999999998,5472.4084,0
2026-09-04T00:51:35.807294+00:00,daily,bitcoin-up-or-down-on-september-4-2026,0.42,0.3649345468504454,BUY_NO,1099.1573938915749,15.140053529444446,41931.230218,0.41,0.43,0.020000000000000018,23.9,4660.205,4688.405,4687.541,6765.239,7187.7798999999995,0
2026-09-04T01:01:53.816008+00:00,daily,bitcoin-up-or-down-on-september-4-2026,0.415,0.4211144260846803,NO_TRADE,0.0,14.968384442222222,41931.230218,0.41,0.42,0.010000000000000009,12.85,2229.5699999999997,6942.316,4647.104,6791.655999999999,7476.496899999999,0
2026-09-04T01:11:37.108418+00:00,daily,bitcoin-up-or-down-on-september-4-2026,0.415,0.4835423317211214,BUY_YES,1095.5574434676103,14.806358772777777,41986.382364000005,0.41,0.42,0.010000000000000009,367.54999999999995,2578.55,7251.1315,4694.3207,6784.069299999999,10270.219299999999,0
2026-09-04T01:21:34.725150+00:00,daily,bitcoin-up-or-down-on-september-4-2026,0.395,0.4085539808331157,NO_TRADE,0.0,14.640354125,42651.392672,0.39,0.4,0.010000000000000009,674.65,2804.05,7392.2237000000005,4375.8605,6864.8095,10663.7095,0
2026-09-04T01:31:43.797603+00:00,daily,bitcoin-up-or-down-on-september-4-2026,0.385,0.41394365119006077,NO_TRADE,0.0,14.4711673325,42651.392672,0.38,0.39,0.010000000000000009,2209.06,2414.47,6856.874,3961.1734,6546.9066,6619.5018,0
2026-09-04T01:41:31.835311+00:00,daily,bitcoin-up-or-down-on-september-4-2026,0.365,0.396533486362117,NO_TRADE,0.0,14.307823524722222,42665.846637,0.36,0.37,0.010000000000000009,3108.4874,5965.2374,6073.837399999999,442.8999,821.7801000000001,7973.282700000001,0
2026-09-04T01:51:31.692451+00:00,daily,bitcoin-up-or-down-on-september-4-2026,0.375,0.42889905740361556,BUY_YES,788.6944742518639,14.141196541388888,43580.74916500001,0.37,0.38,0.010000000000000009,44.400000000000006,2256.4,6899.066200000001,4323.5675,7372.422500000001,11145.25,0
2026-09-04T02:01:50.922275+00:00,daily,bitcoin-up-or-down-on-september-4-2026,0.375,0.41210595859066135,BUY_YES,517.8380417848605,13.969188256944445,43580.74916500001,0.37,0.38,0.010000000000000009,2119.6702000000005,2289.6702000000005,6585.5524000000005,4465.051,7627.248999999999,7881.951499999999,0
2026-09-04T02:11:43.131991+00:00,daily,bitcoin-up-or-down-on-september-4-2026,0.355,0.33865508695883684,NO_TRADE,0.0,13.804685558055555,43709.07583000001,0.35,0.36,0.010000000000000009,2215.65,2224.0822000000003,6297.811000000001,3708.5819,7191.9781,7454.8794,0
2026-09-04T02:21:34.550789+00:00,daily,bitcoin-up-or-down-on-september-4-2026,0.325,0.325341983126527,NO_TRADE,0.0,13.640402558611111,43738.7448,0.32,0.33,0.010000000000000009,163.84680000000003,2094.4467999999997,5904.47,3638.632,7751.468000000001,8324.068000000001,0
2026-09-04T02:31:53.570924+00:00,daily,bitcoin-up-or-down-on-september-4-2026,0.345,0.3739410445082546,NO_TRADE,0.0,13.46845252111111,43738.7448,0.34,0.35,0.009999999999999953,616.3499999999999,2510.75,6590.3138,3694.8719,7178.4981,7644.1621,0
2026-09-04T02:41:34.395039+00:00,daily,bitcoin-up-or-down-on-september-4-2026,0.355,0.40580851584546535,BUY_YES,715.7580600853962,13.307112489166666,44220.03610599999,0.35,0.36,0.010000000000000009,2207.9,2261.708,6408.9828,3838.1119999999996,7142.208,7632.0584,0
2026-09-04T02:51:41.063142+00:00,daily,bitcoin-up-or-down-on-september-4-2026,0.315,0.30435953480570677,NO_TRADE,0.0,13.138593571666666,44250.415802,0.31,0.32,0.010000000000000009,295.05,2273.9214,6101.092999999999,3864.4662,8647.0438,9087.2438,0
2026-09-04T03:01:56.373241+00:00,daily,bitcoin-up-or-down-on-september-4-2026,0.38,0.4851283954078993,BUY_YES,1559.4818919327756,12.967674099722222,44250.415802,0.37,0.39,0.020000000000000018,197.974,2420.174,6987.842500000001,1269.8915,2163.0584999999996,5429.308499999999,0
2026-09-04T03:11:35.407854+00:00,daily,bitcoin-up-or-down-on-september-4-2026,0.385,0.43704384227209836,BUY_YES,771.2105290507926,12.806831151666668,44654.576998000004,0.38,0.39,0.010000000000000009,2237.0000000000005,2409.2000000000003,6804.3414,4350.6007,7121.1693000000005,7473.1693000000005,0
2026-09-04T03:21:29.203926+00:00,daily,bitcoin-up-or-down-on-september-4-2026,0.385,0.39868815305022604,NO_TRADE,0.0,12.641887798333332,44709.576998000004,0.38,0.39,0.010000000000000009,2353.674,2361.874,6825.836399999999,4040.1713999999997,6877.0486,7307.2502,0
2026-09-04T03:31:50.210083+00:00,daily,bitcoin-up-or-down-on-september-4-2026,0.365,0.3746152146920488,NO_TRADE,0.0,12.469386088055556,44709.576998000004,0.36,0.37,0.010000000000000009,2568.2000000000003,2574.6740000000004,6877.0743,3829.2088,6815.6212,7288.9666,0
2026-09-04T03:41:38.482054+00:00,daily,bitcoin-up-or-down-on-september-4-2026,0.355,0.38400028698489597,NO_TRADE,0.0,12.305977207222222,44924.57699799999,0.35,0.36,0.010000000000000009,2208.0299999999997,2215.6299999999997,3571.1709999999994,1304.9911,2438.9889,3125.7389,0
2026-09-04T03:51:36.468827+00:00,daily,bitcoin-up-or-down-on-september-4-2026,0.395,0.4591044852015403,BUY_YES,985.0747533590047,12.139869770277778,44931.17699799998,0.39,0.4,0.010000000000000009,2323.52,5652.02,7174.116300000001,3984.7458,6495.1642,6640.0642,0
2026-09-04T04:01:56.423815+00:00,daily,bitcoin-up-or-down-on-september-4-2026,0.355,0.36261870456657563,NO_TRADE,0.0,11.967660051388888,44931.17699799998,0.35,0.36,0.010000000000000009,2049.3669,2242.0269,6500.9899000000005,3946.0594999999994,7345.9105,7558.4278,0
2026-09-04T04:11:30.984336+00:00,daily,bitcoin-up-or-down-on-september-4-2026,0.365,0.4169090551435896,BUY_YES,744.5881768823749,11.808059906666667,45207.999047000005,0.36,0.37,0.010000000000000009,2141.4573,2356.3473,6836.7962,4189.4959,7463.484100000001,7862.784100000001,0
2026-09-04T04:21:35.236156+00:00,daily,bitcoin-up-or-down-on-september-4-2026,0.435,0.5516871964026184,BUY_YES,1994.414221475329,11.64021217888889,45354.323368000005,0.43,0.44,0.010000000000000009,2389.8,2583.46,7968.038799999999,4760.6883,6504.1217,6717.8138,0
2026-09-04T04:31:52.300002+00:00,daily,bitcoin-up-or-down-on-september-4-2026,0.475,0.5629329157635291,BUY_YES,1594.8637646832524,11.468805555,45354.323368000005,0.47,0.48,0.010000000000000009,3338.54,7046.04,8690.8681,4663.7548,5474.8152,5989.1697,0
2026-09-04T04:41:39.646381+00:00,daily,bitcoin-up-or-down-on-september-4-2026,0.415,0.40319132854875317,NO_TRADE,0.0,11.305653783055556,45530.251938,0.41,0.42,0.010000000000000009,64.73,2340.41,7555.600300000001,4786.367499999999,6903.3825,7151.7684,0
2026-09-04T04:51:41.520136+00:00,daily,bitcoin-up-or-down-on-september-4-2026,0.425,0.46920425612660843,BUY_YES,687.7939671334814,11.138466628888889,46112.720958,0.42,0.43,0.010000000000000009,2389.5179,5923.2554,7566.3394,4522.0885,6487.7615,6693.5615,0
2026-09-04T05:02:05.528331+00:00,daily,bitcoin-up-or-down-on-september-4-2026,0.395,0.41951548445357423,NO_TRADE,0.0,10.965131019166666,46112.720958,0.39,0.4,0.010000000000000009,2084.6492,2141.3491999999997,6739.9232,4488.644,7042.956,7225.3032,0
2026-09-04T05:11:36.027083+00:00,daily,bitcoin-up-or-down-on-september-4-2026,0.415,0.4570473832405632,BUY_YES,638.7479869062626,10.80665914361111,46191.403180999994,0.41,0.42,0.010000000000000009,41.832499999999996,2342.1525,7472.6386,4681.040499999999,6744.009499999999,6916.145399999999,0
2026-09-04T05:21:33.502384+00:00,daily,bitcoin-up-or-down-on-september-4-2026,0.415,0.459729652891629,BUY_YES,684.9940153729136,10.640693782222222,46292.288539999994,0.41,0.42,0.010000000000000009,2218.12,2519.08,7351.8579,4594.2245,6813.2255000000005,7061.611400000001,0
2026-09-04T05:31:47.552208+00:00,daily,bitcoin-up-or-down-on-september-4-2026,0.375,0.366706250830651,NO_TRADE,0.0,10.470124386666667,46292.288539999994,0.37,0.38,0.010000000000000009,1991.53,2178.33,6725.3153999999995,4165.4503,7118.6097,7580.1097,0
2026-09-04T05:41:39.629963+00:00,daily,bitcoin-up-or-down-on-september-4-2026,0.385,0.4076741276899226,NO_TRADE,0.0,10.30565834361111,46348.85436499999,0.38,0.39,0.010000000000000009,2269.4,2430.12,3996.1674,1556.7386,2553.2314,2937.353,0
2026-09-04T05:51:40.160736+00:00,daily,bitcoin-up-or-down-on-september-4-2026,0.375,0.41012449132783446,BUY_YES,485.87889238442676,10.138844240000001,46556.16999600002,0.37,0.38,0.010000000000000009,2319.9277,5336.3277,6876.1716,3772.5608,6704.449200000001,7146.449200000001,0
2026-09-04T06:02:00.812526+00:00,daily,bitcoin-up-or-down-on-september-4-2026,0.385,0.4388658140117896,BUY_YES,801.0789182260586,9.966440965,46556.16999600002,0.38,0.39,0.010000000000000009,2242.15,2528.33,4113.3436,1440.0576,2364.9624,2582.6839999999997,0
2026-09-04T06:12:49.340206+00:00,daily,bitcoin-up-or-down-on-september-4-2026,0.425,0.48551911006472,BUY_YES,974.019474819649,9.786294387222222,46657.50642000002,0.42,0.43,0.010000000000000009,274.0275,691.173,2326.8894,1592.5457999999999,2281.8342,6744.6342,0
2026-09-04T06:21:33.147558+00:00,daily,bitcoin-up-or-down-on-september-4-2026,0.395,0.41548498110985344,NO_TRADE,0.0,9.640792345000001,47723.251446000024,0.39,0.4,0.010000000000000009,2499.94,5523.9400000000005,7162.644,1244.4309999999998,2029.519,6817.519,0
2026-09-04T06:31:41.781131+00:00,daily,bitcoin-up-or-down-on-september-4-2026,0.335,0.3124818409977758,NO_TRADE,0.0,9.47172746361111,47723.251446000024,0.33,0.34,0.010000000000000009,584.7135000000001,2539.5135,6657.8691,3368.6296,7054.490400000001,7477.460400000001,0
2026-09-04T06:41:37.747073+00:00,daily,bitcoin-up-or-down-on-september-4-2026,0.345,0.3973665111709196,BUY_YES,728.7155564756863,9.306181368611112,48049.43023400001,0.34,0.35,0.009999999999999953,2240.7634999999996,5058.3135,6476.901900000001,1153.0069,2337.9231,7233.9231,0
2026-09-04T06:51:39.144071+00:00,daily,bitcoin-up-or-down-on-september-4-2026,0.325,0.3550295081864015,NO_TRADE,0.0,9.139126646944444,48480.251484000015,0.32,0.33,0.010000000000000009,7.68,4524.78,6008.5244999999995,3614.5119999999997,7918.338,8365.624,0
2026-09-04T07:02:07.424770+00:00,daily,bitcoin-up-or-down-on-september-4-2026,0.365,0.42633271492486274,BUY_YES,894.1700781724246,8.964604230555555,48480.251484000015,0.36,0.37,0.010000000000000009,4927.650000000001,6568.6140000000005,6678.39,2147.9900000000002,3934.6100000000006,8739.41,0
2026-09-04T07:11:35.707745+00:00,daily,bitcoin-up-or-down-on-september-4-2026,0.365,0.44561920459052373,BUY_YES,1200.3048347702181,8.806747848611112,49170.21870000002,0.36,0.37,0.010000000000000009,17.05,21.34,7292.8032,4604.9576,8193.2024,11496.502400000001,0
2026-09-04T07:21:41.902526+00:00,daily,bitcoin-up-or-down-on-september-4-2026,0.375,0.410225888558474,BUY_YES,487.5143315882898,8.638360409444443,49180.21869999998,0.37,0.38,0.010000000000000009,807.24,3057.236,4663.6107,1809.5112,3193.6588,8257.8088,0
2026-09-04T07:31:54.171836+00:00,daily,bitcoin-up-or-down-on-september-4-2026,0.365,0.39158780816754013,NO_TRADE,0.0,8.468285601111111,49180.21869999998,0.36,0.37,0.010000000000000009,5314.620000000001,5470.620000000001,7068.976000000001,1821.6941999999997,3359.1758,8391.6758,0
2026-09-04T07:41:36.793529+00:00,daily,bitcoin-up-or-down-on-september-4-2026,0.325,0.3389170930684696,NO_TRADE,0.0,8.306446241944444,49188.654102000015,0.32,0.33,0.010000000000000009,236.93000000000004,3117.43,4688.9184000000005,1710.5407999999998,3656.0191999999997,12634.2052,0
2026-09-04T07:51:46.577305+00:00,daily,bitcoin-up-or-down-on-september-4-2026,0.325,0.3504518021763766,NO_TRADE,0.0,8.137061859722223,49202.167614000005,0.32,0.33,0.010000000000000009,3035.496,6249.3814999999995,6401.6515,1331.1843,2956.3457,3958.0316999999995,0
2026-09-04T08:02:06.187632+00:00,daily,bitcoin-up-or-down-on-september-4-2026,0.305,0.31701692525340047,NO_TRADE,0.0,7.9649478799999995,49202.167614000005,0.3,0.31,0.010000000000000009,3943.4472000000005,4009.4472000000005,4147.4472000000005,110.61500000000001,263.935,3079.3798,0
2026-09-04T08:11:46.308135+00:00,daily,bitcoin-up-or-down-on-september-4-2026,0.305,0.35531948974806354,BUY_YES,656.8041992472979,7.803803295833333,49218.89207500001,0.3,0.31,0.010000000000000009,5475.3272,5582.2472,5722.2472,354.337,845.8530000000001,1521.2130000000002,0
2026-09-04T08:21:38.093912+00:00,daily,bitcoin-up-or-down-on-september-4-2026,0.345,0.42718921475702265,BUY_YES,1187.526380877272,7.639418357777778,56196.361817,0.34,0.35,0.009999999999999953,1578.9551999999999,6177.315199999999,6754.236199999999,759.44,1516.56,9269.4576,0
2026-09-04T08:31:49.252768+00:00,daily,bitcoin-up-or-down-on-september-4-2026,0.405,0.4958872672024293,BUY_YES,1455.7163932615142,7.46965200888889,56196.361817,0.4,0.41,0.009999999999999953,1466.8386,7055.5486,7423.5486,372.68,578.32,5720.599999999999,0
2026-09-04T08:41:39.183335+00:00,daily,bitcoin-up-or-down-on-september-4-2026,0.425,0.5001148388775462,BUY_YES,1230.084892588529,7.305782406944444,56537.99489099998,0.42,0.43,0.010000000000000009,7133.610299999999,7135.860299999999,7611.860299999999,888.68,1259.32,1900.12,0
2026-09-04T08:51:46.391367+00:00,daily,bitcoin-up-or-down-on-september-4-2026,0.445,0.5072279395910323,BUY_YES,1040.5079925642235,7.137113509166666,57224.30174099998,0.44,0.45,0.010000000000000009,1732.0896000000002,4464.6696,4885.3096000000005,355.10999999999996,465.89,1389.25,0
2026-09-04T09:02:04.547209+00:00,daily,bitcoin-up-or-down-on-september-4-2026,0.445,0.5004297561981751,BUY_YES,916.9046581486378,6.965403553055555,57224.30174099998,0.44,0.45,0.010000000000000009,4201.4567,4395.566699999999,4820.8667,657.77,851.23,1408.6100000000001,0
2026-09-04T09:11:35.420565+00:00,daily,bitcoin-up-or-down-on-september-4-2026,0.435,0.4841307752435559,BUY_YES,788.0495579206412,6.806827620833333,57731.87675400001,0.43,0.44,0.010000000000000009,1407.0737,1479.7537,1901.3537,839.11,1137.8899999999999,1544.9899999999998,0
2026-09-04T09:21:39.788762+00:00,daily,bitcoin-up-or-down-on-september-4-2026,0.405,0.4185632522108361,NO_TRADE,0.0,6.638947566111111,57937.199496,0.4,0.41,0.009999999999999953,3923.9845,4090.8245,4322.2645,117.32000000000001,180.68,384.03999999999996,0
2026-09-04T09:31:50.224655+00:00,daily,bitcoin-up-or-down-on-september-4-2026,0.395,0.40039918761523235,NO_TRADE,0.0,6.469382040277777,57937.199496,0.39,0.4,0.010000000000000009,1374.462,1712.562,2220.812,545.19,687.21,895.11,0
2026-09-04T09:41:37.860697+00:00,daily,bitcoin-up-or-down-on-september-4-2026,0.46499999999999997,0.5633121199794742,BUY_YES,1760.6060373485698,6.306149806388889,58429.017447999984,0.46,0.47,0.009999999999999953,2260.6928,4963.3711,8735.8411,3265.8455,3989.7445000000007,4166.1445,0
2026-09-04T09:51:40.446083+00:00,daily,bitcoin-up-or-down-on-september-4-2026,0.415,0.4336077540402062,NO_TRADE,0.0,6.138764976944445,58552.95316799998,0.41,0.42,0.010000000000000009,7585.1404999999995,8037.460499999999,8131.460499999999,147.0956,217.06439999999998,5027.5244,0
2026-09-04T10:01:56.735942+00:00,daily,bitcoin-up-or-down-on-september-4-2026,0.405,0.4360128853971122,NO_TRADE,0.0,5.967573349444445,58552.95316799998,0.4,0.41,0.009999999999999953,4058.2814,4414.7514,7729.3754,2862.57,4475.43,4899.51,0
2026-09-04T10:11:45.660768+00:00,daily,bitcoin-up-or-down-on-september-4-2026,0.345,0.35171478684608176,NO_TRADE,0.0,5.80398312,58683.43617000001,0.34,0.35,0.009999999999999953,618.3499999999999,2690.35,4241.6848,1369.4818,2776.9782000000005,2851.6422000000007,0
2026-09-04T10:21:41.603552+00:00,daily,bitcoin-up-or-down-on-september-4-2026,0.325,0.33838138651082,NO_TRADE,0.0,5.638443457777778,59041.41019800001,0.32,0.33,0.010000000000000009,287.25,2512.2,3961.426,1177.2361,2617.0438999999997,3089.5438999999997,0
2026-09-04T10:31:46.679501+00:00,daily,bitcoin-up-or-down-on-september-4-2026,0.355,0.4167726304700734,BUY_YES,887.0723510948972,5.470366805277778,59041.41019800001,0.35,0.36,0.010000000000000009,2448.8,3879.2340000000004,4041.2340000000004,70.7,134.3,2811.8210000000004,0
2026-09-04T10:41:38.897146+00:00,daily,bitcoin-up-or-down-on-september-4-2026,0.395,0.4655992960925868,BUY_YES,1093.3216015431135,5.305861903888889,59066.067612999985,0.39,0.4,0.010000000000000009,848.9,2244.8372,4452.7292,171.942,277.858,2458.3195000000005,0
2026-09-04T10:51:41.131997+00:00,daily,bitcoin-up-or-down-on-september-4-2026,0.395,0.4223189331601915,NO_TRADE,0.0,5.1385744452777775,59123.424333,0.39,0.4,0.010000000000000009,655.5899999999999,2106.06,2216.502,52.15,82.85,372.65,0
2026-09-04T11:02:05.847604+00:00,daily,bitcoin-up-or-down-on-september-4-2026,0.425,0.4734907680844147,BUY_YES,762.9959313055211,4.965042332222223,59123.424333,0.42,0.43,0.010000000000000009,4268.0288,4457.0288,4576.2788,51.3,73.7,496.7,0
2026-09-04T11:11:37.199534+00:00,daily,bitcoin-up-or-down-on-september-4-2026,0.43,0.4582648329757216,NO_TRADE,0.0,4.806333462777778,59809.92433299998,0.42,0.44,0.020000000000000018,817.0384,2302.8476,8046.2476,3541.8399999999997,4903.16,10153.052,0
2026-09-04T11:21:36.467148+00:00,daily,bitcoin-up-or-down-on-september-4-2026,0.455,0.5029176834017172,BUY_YES,794.7719148466138,4.639870236666667,60415.91153699998,0.45,0.46,0.010000000000000009,264.48,2231.3999999999996,8533.919999999998,3315.94,4220.06,5942.4575,0
2026-09-04T11:31:46.019339+00:00,daily,bitcoin-up-or-down-on-september-4-2026,0.505,0.5822597549958599,BUY_YES,1474.6888774665288,4.470550183611111,60415.91153699998,0.5,0.51,0.010000000000000009,1625.3335,1839.9835,4895.583500000001,1151.8051,1162.5849,1476.6649,0
2026-09-04T11:41:35.225780+00:00,daily,bitcoin-up-or-down-on-september-4-2026,0.515,0.5425028792321724,NO_TRADE,0.0,4.306881727777777,62253.24058499999,0.51,0.52,0.010000000000000009,4889.0068,5105.0068,5468.8818,237.3068,228.3632,709.028,0
2026-09-04T11:51:36.219252+00:00,daily,bitcoin-up-or-down-on-september-4-2026,0.5,0.5471284949251485,BUY_YES,757.72438622752,4.139939096666667,64296.877896000005,0.49,0.51,0.020000000000000018,1497.7842999999998,1818.4343,4880.1343,166.2758,179.1542,261.30420000000004,0
2026-09-04T12:02:03.901170+00:00,daily,bitcoin-up-or-down-on-september-4-2026,0.455,0.47451464369875895,NO_TRADE,0.0,3.9655830083333337,64296.877896000005,0.45,0.46,0.010000000000000009,1579.5918,1917.9917999999998,4944.7618,26.654000000000003,33.466,742.5459999999999,0
2026-09-04T12:11:30.910011+00:00,daily,bitcoin-up-or-down-on-september-4-2026,0.475,0.49949990634530744,NO_TRADE,0.0,3.8080805525,65248.61053599999,0.47,0.48,0.010000000000000009,4644.940799999999,4747.440799999999,4860.5271999999995,6.95,8.05,209.90000000000003,0
2026-09-04T12:21:37.883178+00:00,daily,bitcoin-up-or-down-on-september-4-2026,0.45,0.48102420651580463,NO_TRADE,0.0,3.639476895,65410.65479899999,0.44,0.46,0.020000000000000018,2182.8488,4681.2488,4795.523800000001,451.6,596.4,962.96,0
2026-09-04T12:31:45.342265+00:00,daily,bitcoin-up-or-down-on-september-4-2026,0.14,0.02975615489231994,BUY_NO,2000.0,3.4707382597222223,65410.65479899999,0.12,0.16,0.04000000000000001,16.0,16.0,966.0,2.6,377.9,569.0,0
2026-09-04T12:41:46.007545+00:00,daily,bitcoin-up-or-down-on-september-4-2026,0.095,0.01985366920877664,BUY_NO,2000.0,3.3038867930555553,66126.608074,0.09,0.1,0.010000000000000009,675.6329999999999,675.6329999999999,1052.168,576.0609999999999,6487.639000000001,7238.614000000001,0
2026-09-04T12:51:32.627727+00:00,daily,bitcoin-up-or-down-on-september-4-2026,0.055,0.0298361974565495,NO_TRADE,0.0,3.1409367425,91976.60714200002,0.05,0.06,0.009999999999999995,417.3417,534.1417,552.6917,54.2596,1277.2304,9269.4775,0
2026-09-04T13:02:01.555024+00:00,daily,bitcoin-up-or-down-on-september-4-2026,0.045,0.04294808671611876,NO_TRADE,0.0,2.9662347155555557,91976.60714200002,0.04,0.05,0.010000000000000002,408.6948,449.5048,763.7468,445.5919,14319.688100000001,14711.688100000001,0
2026-09-04T13:11:35.168871+00:00,daily,bitcoin-up-or-down-on-september-4-2026,0.045,0.03297153420072989,NO_TRADE,0.0,2.8068975358333335,98269.03809100002,0.04,0.05,0.010000000000000002,552.6954000000001,608.6954000000001,702.4410000000001,175.0564,5651.3536,6565.203600000001,0
2026-09-04T13:21:41.278066+00:00,daily,bitcoin-up-or-down-on-september-4-2026,0.035500000000000004,0.034531787710358954,NO_TRADE,0.0,2.6385338705555554,102063.36809100001,0.032,0.039,0.006999999999999999,323.41666,907.53729,947.7866899999999,406.2758,13711.6842,15669.67441,0
2026-09-04T13:31:51.121268+00:00,daily,bitcoin-up-or-down-on-september-4-2026,0.0335,0.030281530607036422,NO_TRADE,0.0,2.4691329811111107,102063.36809100001,0.031,0.036,0.0049999999999999975,301.72634,439.83119000000005,598.10928,128.31380000000001,4122.046200000001,7484.2462000000005,0
2026-09-04T13:41:28.482093+00:00,daily,bitcoin-up-or-down-on-september-4-2026,0.0275,0.020963274568960244,NO_TRADE,0.0,2.3087549741666664,104984.31307399999,0.025,0.03,0.0049999999999999975,290.21119999999996,300.1862,517.0206099999999,17.4,692.6,7029.2788,0
2026-09-04T13:51:41.755747+00:00,daily,bitcoin-up-or-down-on-september-4-2026,0.036000000000000004,0.03513812083305182,NO_TRADE,0.0,2.138401181388889,127273.82944300001,0.032,0.04,0.008,281.17420000000004,322.1596,581.2939700000001,93.085,3238.5950000000003,4232.155000000001,0
2026-09-04T14:02:00.737884+00:00,daily,bitcoin-up-or-down-on-september-4-2026,0.0285,0.018278471794585083,NO_TRADE,0.0,1.9664616988888888,127273.82944300001,0.024,0.033,0.009000000000000001,310.1,446.64609,483.40046000000007,170.77956,7853.34544,23056.40114,0
2026-09-04T14:11:42.750863+00:00,daily,bitcoin-up-or-down-on-september-4-2026,0.023,0.015410485923437455,NO_TRADE,0.0,1.8047914269444443,134867.445994,0.02,0.026,0.005999999999999998,335.03428,372.09528000000006,381.4846500000001,72.06055,6256.10945,40871.57195,0
2026-09-04T14:21:43.933762+00:00,daily,bitcoin-up-or-down-on-september-4-2026,0.0125,0.007872576827575476,NO_TRADE,0.0,1.6377961772222223,139277.55816299998,0.012,0.013,0.0009999999999999992,140.36669999999998,168.99169999999995,611.90538,43.80921,9615.39679,25614.38179,0
2026-09-04T14:31:52.714832+00:00,daily,bitcoin-up-or-down-on-september-4-2026,0.010499999999999999,0.009119939790046248,NO_TRADE,0.0,1.4686903244444445,139277.55816299998,0.009,0.012,0.003000000000000001,141.42743,146.62742999999998,615.14111,52.427,30201.573,30201.573,0
2026-09-04T14:41:39.041213+00:00,daily,bitcoin-up-or-down-on-september-4-2026,0.009000000000000001,0.004969331402305728,NO_TRADE,0.0,1.3058218852777776,142029.63211099998,0.008,0.01,0.002,264.14353,350.26626,643.15566,31.18128,21317.72872,21317.72872,0
2026-09-04T14:51:40.372634+00:00,daily,bitcoin-up-or-down-on-september-4-2026,0.003,0.0010632406632569737,NO_TRADE,0.0,1.1387853794444445,143180.56185599996,0.002,0.004,0.002,125.04298000000001,206.72566,234.61566,20.57,17024.43,17024.43,0
2026-09-04T15:02:01.757800+00:00,daily,bitcoin-up-or-down-on-september-4-2026,0.003,0.0023142934194877213,NO_TRADE,0.0,0.966178388888889,143180.56185599996,0.002,0.004,0.002,217.99,299.67268,325.67268,14.565000000000001,14025.435000000001,14025.435000000001,0
2026-09-04T15:11:36.576379+00:00,daily,bitcoin-up-or-down-on-september-4-2026,0.003,0.002459595119499369,NO_TRADE,0.0,0.8065065613888889,160089.81496699995,0.002,0.004,0.002,217.39,299.07268,326.27268,2.5650000000000004,2037.435,2037.435,0
2026-09-04T15:21:48.694950+00:00,daily,bitcoin-up-or-down-on-september-4-2026,0.0015,0.0009303573431677619,NO_TRADE,0.0,0.6364736249999999,160374.814967,0.001,0.002,0.001,125.33970000000001,138.12365,230.44637999999998,1.42,1418.58,1418.58,0
2026-09-04T15:31:50.313166+00:00,daily,bitcoin-up-or-down-on-september-4-2026,0.0005,0.0003280661806730126,NO_TRADE,0.0,0.4693574538888889,160374.814967,,0.001,,24.958620000000003,100.01639,120.61639,0.0,0.0,0.0,0
2026-09-04T15:41:39.493258+00:00,daily,bitcoin-up-or-down-on-september-4-2026,0.0005,0.0003101448295913023,NO_TRADE,0.0,0.30569631722222224,162828.58696699992,,0.001,,23.428620000000002,98.48639,119.08639,0.0,0.0,0.0,0
2026-09-04T15:51:39.467429+00:00,daily,bitcoin-up-or-down-on-september-4-2026,0.0005,0.00024701191104889875,NO_TRADE,0.0,0.13903682527777778,165433.76696699992,,0.001,,100.25344,175.16121,195.76121,0.0,0.0,0.0,0
2026-09-04T16:01:55.773952+00:00,daily,bitcoin-up-or-down-on-september-5-2026,0.495,0.4919322172645925,NO_TRADE,0.0,23.96784056888889,1154.863626,0.49,0.5,0.010000000000000009,877.549,4608.2006,5076.8314,3739.6218,4039.7082,4092.7082,1
2026-09-04T16:11:41.892446+00:00,daily,bitcoin-up-or-down-on-september-5-2026,0.515,0.5329703392281585,NO_TRADE,0.0,23.80502987611111,3217.6436259999996,0.51,0.52,0.010000000000000009,101.29180000000001,540.4954,6619.1031,5021.325,4966.175,4966.175,1
2026-09-04T16:21:40.642961+00:00,daily,bitcoin-up-or-down-on-september-5-2026,0.515,0.5345966348236582,NO_TRADE,0.0,23.638710288611108,12531.788123000002,0.51,0.52,0.010000000000000009,13.9878,451.57140000000004,5354.8625999999995,5127.768,4929.031999999999,4929.031999999999,1
2026-09-04T16:31:48.009682+00:00,daily,bitcoin-up-or-down-on-september-5-2026,0.545,0.5789702088897138,NO_TRADE,0.0,23.469997310555556,12531.788123000002,0.54,0.55,0.010000000000000009,705.6664000000001,1080.9202,7604.877999999999,6303.768400000001,5504.6916,5888.6916,1
2026-09-04T16:41:33.270147+00:00,daily,bitcoin-up-or-down-on-september-5-2026,0.625,0.6933900892546548,BUY_YES,1280.0252888000002,23.307424959166667,12800.252888,0.62,0.63,0.010000000000000009,1793.5518,6593.3728,8315.5442,6236.902,3921.698,6922.974,1
2026-09-04T16:51:55.172527+00:00,daily,bitcoin-up-or-down-on-september-5-2026,0.665,0.7045835919135174,BUY_YES,1047.98763374295,23.134674298055554,19976.65707,0.66,0.67,0.010000000000000009,966.3146,1335.0092,7237.607599999999,6068.0476,3210.8124,3434.3723999999997,1
2026-09-04T17:02:09.593311+00:00,daily,bitcoin-up-or-down-on-september-5-2026,0.625,0.5991053877281028,NO_TRADE,0.0,22.964001858055553,19976.65707,0.62,0.63,0.010000000000000009,229.33,642.08,6449.3998,2867.4763999999996,1788.2436,2116.6436,1
2026-09-04T17:11:34.309854+00:00,daily,bitcoin-up-or-down-on-september-5-2026,0.615,0.605430793558528,NO_TRADE,0.0,22.807136151666665,24191.009802,0.61,0.62,0.010000000000000009,53.35,194.31,2060.2565,5681.3608,3730.9192000000003,3735.4292000000005,1
2026-09-04T17:21:46.098020+00:00,daily,bitcoin-up-or-down-on-september-5-2026,0.595,0.5862129413521018,NO_TRADE,0.0,22.637194994444442,24448.605516000003,0.59,0.6,0.010000000000000009,65.08,210.77999999999997,944.625,5073.0761,3528.7139,3926.4639,1
2026-09-04T17:31:47.359366+00:00,daily,bitcoin-up-or-down-on-september-5-2026,0.565,0.5583279869021543,NO_TRADE,0.0,22.47017795388889,24448.605516000003,0.56,0.57,0.009999999999999898,81.7825,5138.0825,10598.0485,5162.359600000001,4163.5504,7673.3504,1
2026-09-04T17:41:41.024664+00:00,daily,bitcoin-up-or-down-on-september-5-2026,0.565,0.5817303891652336,NO_TRADE,0.0,22.30527092666667,25901.309978,0.56,0.57,0.009999999999999898,5342.74,5731.6975,10759.3895,2376.9459,1927.3640999999998,2189.5640999999996,1
2026-09-04T17:51:38.817539+00:00,daily,bitcoin-up-or-down-on-september-5-2026,0.525,0.48674689216171935,BUY_NO,639.4828430438602,22.13921735027778,29475.648818,0.52,0.53,0.010000000000000009,5200.56,6787.673000000001,10168.183,210.78160000000003,198.79840000000002,1547.3384,1
2026-09-04T18:01:58.730227+00:00,daily,bitcoin-up-or-down-on-september-5-2026,0.565,0.5920492207160293,NO_TRADE,0.0,21.96701938138889,29475.648818,0.56,0.57,0.009999999999999898,27.709999999999997,92.60999999999999,5345.38,10094.534000000001,7949.116000000001,8006.616000000001,1
2026-09-04T18:11:34.818556+00:00,daily,bitcoin-up-or-down-on-september-5-2026,0.585,0.6147681328543976,NO_TRADE,0.0,21.806994845555558,31096.492150000005,0.58,0.59,0.010000000000000009,800.7799999999999,5886.96,8182.6516,9157.9002,6883.1898,7510.1898,1
2026-09-04T18:21:46.096861+00:00,daily,bitcoin-up-or-down-on-september-5-2026,0.595,0.5996906057495969,NO_TRADE,0.0,21.63719531638889,31772.502150000004,0.59,0.6,0.010000000000000009,1094.51,6260.35,8380.815,10288.671999999999,7297.128,7533.628,1
2026-09-04T18:31:47.279327+00:00,daily,bitcoin-up-or-down-on-september-5-2026,0.585,0.62841132530254,BUY_YES,936.8615927448777,21.470200186944446,31772.502150000004,0.58,0.59,0.010000000000000009,33.879999999999995,1056.24,8147.3544,10313.046799999998,7484.913199999999,7535.513199999999,1
2026-09-04T18:41:44.096635+00:00,daily,bitcoin-up-or-down-on-september-5-2026,0.605,0.6735607034322622,BUY_YES,1629.7616264682606,21.30441760138889,31829.226285000004,0.6,0.61,0.010000000000000009,861.6,1639.65,2346.93,3611.93,3732.6460000000006,3738.946000000001,1
2026-09-04T18:51:42.363936+00:00,daily,bitcoin-up-or-down-on-september-5-2026,0.615,0.6656451060305065,BUY_YES,1201.1870008028036,21.13823224,32370.649979,0.61,0.62,0.010000000000000009,5905.54,6257.54,11494.821,2640.782,1754.188,7004.237999999999,1
2026-09-04T19:02:05.805548+00:00,daily,bitcoin-up-or-down-on-september-5-2026,0.655,0.7320820146848065,BUY_YES,2000.0,20.965054014444444,32370.649979,0.65,0.66,0.010000000000000009,1313.1005000000002,1902.5517000000004,4208.8808,11067.7984,6120.0116,6268.0116,1
2026-09-04T19:11:56.211306+00:00,daily,bitcoin-up-or-down-on-september-5-2026,0.665,0.7331853360403306,BUY_YES,1914.7071527372914,20.801052415,32470.649979,0.66,0.67,0.010000000000000009,7496.011200000001,7528.675800000001,13486.330000000002,2471.4580000000005,1290.342,3320.382,1
2026-09-04T19:21:43.815987+00:00,daily,bitcoin-up-or-down-on-september-5-2026,0.715,0.7795391113659498,BUY_YES,2000.0,20.6378288925,35283.180006999995,0.71,0.72,0.010000000000000009,2085.1409999999996,8171.892599999999,10482.350599999998,12121.0013,5063.0287,5067.0587,1
2026-09-04T19:31:47.048147+00:00,daily,bitcoin-up-or-down-on-september-5-2026,0.685,0.7191071784308962,NO_TRADE,0.0,20.47026440361111,35283.180006999995,0.68,0.69,0.009999999999999898,6452.03,7331.009999999999,9800.7098,5946.501200000001,2881.8388,5638.558800000001,1
2026-09-04T19:41:36.753662+00:00,daily,bitcoin-up-or-down-on-september-5-2026,0.675,0.700265794219431,NO_TRADE,0.0,20.30645731611111,39940.530651,0.67,0.68,0.010000000000000009,6304.299999999999,7155.499999999999,13355.115199999998,5637.0804,2863.0396,5927.9896,1
2026-09-04T19:51:44.378416+00:00,daily,bitcoin-up-or-down-on-september-5-2026,0.695,0.7587078493527689,BUY_YES,1956.9283117589653,20.13767266222222,40015.265471000006,0.69,0.7,0.010000000000000009,7275.17,9991.8308,10028.2874,7016.8552,3166.2848,5822.1248,1
2026-09-04T20:01:59.281177+00:00,daily,bitcoin-up-or-down-on-september-5-2026,0.745,0.8082643189854954,BUY_YES,2000.0,19.966866339722223,40015.265471000006,0.74,0.75,0.010000000000000009,1977.0434,3011.4152,6511.516,6497.96,2358.04,2665.2,1
2026-09-04T20:11:56.784378+00:00,daily,bitcoin-up-or-down-on-september-5-2026,0.765,0.823884050438626,BUY_YES,2000.0,19.800893228333333,42718.613596999996,0.76,0.77,0.010000000000000009,1272.857,2554.5056,6221.9248,7579.2585,2518.9015,2518.9015,1
2026-09-04T20:21:44.217696+00:00,daily,bitcoin-up-or-down-on-september-5-2026,0.755,0.8062641607540431,BUY_YES,1927.673364751794,19.637717306666666,43477.992234000005,0.75,0.76,0.010000000000000009,1235.5017999999998,2248.207,6607.3035,6615.9625,2271.9875,2275.2275,1
2026-09-04T20:31:48.932104+00:00,daily,bitcoin-up-or-down-on-september-5-2026,0.735,0.7761732991636601,BUY_YES,1391.280737063849,19.46974108222222,43477.992234000005,0.73,0.74,0.010000000000000009,1763.54,4821.650799999999,5032.716399999999,6893.8376,2667.9924,2961.7624,1
2026-09-04T20:41:45.367571+00:00,daily,bitcoin-up-or-down-on-september-5-2026,0.715,0.766427094818301,BUY_YES,1658.1105292250352,19.304064563611114,43539.98164900001,0.71,0.72,0.010000000000000009,430.23,3301.7334,7881.5752,6566.0869999999995,2808.323,2998.353,1
2026-09-04T20:51:43.498158+00:00,daily,bitcoin-up-or-down-on-september-5-2026,0.69,0.747328464772387,BUY_YES,1577.6154924129016,19.137917178333332,43557.961649000004,0.68,0.7,0.019999999999999907,3446.8721,3450.4721,4447.7121,6270.6517,3001.8583,3137.8583,1
2026-09-04T21:02:01.283924+00:00,daily,bitcoin-up-or-down-on-september-5-2026,0.705,0.7621030145073071,BUY_YES,1796.6556726657634,18.96631002111111,43557.961649000004,0.7,0.71,0.010000000000000009,6653.48,9289.7436,9760.6636,6394.8607999999995,2861.4592,5393.619199999999,1
2026-09-04T21:11:34.529123+00:00,daily,bitcoin-up-or-down-on-september-5-2026,0.745,0.8233538031016481,BUY_YES,2000.0,18.80707524361111,43557.961649000004,0.74,0.75,0.010000000000000009,1620.6,8134.291800000001,12203.8068,7968.428599999999,2813.4614,4958.821400000001,1
2026-09-04T21:21:36.951522+00:00,daily,bitcoin-up-or-down-on-september-5-2026,0.755,0.8182466880745957,BUY_YES,2000.0,18.63973568833333,43622.716573000005,0.75,0.76,0.010000000000000009,6224.2042,7206.4894,8362.1754,5523.3423999999995,1854.4176,3941.5176,1
2026-09-04T21:31:57.841513+00:00,daily,bitcoin-up-or-down-on-september-5-2026,0.755,0.812840364222745,BUY_YES,2000.0,18.46726624638889,43622.716573000005,0.75,0.76,0.010000000000000009,7711.1342,10908.5102,12334.2582,7313.0364,2490.8236,4409.1736,1
2026-09-04T21:41:42.249035+00:00,daily,bitcoin-up-or-down-on-september-5-2026,0.755,0.8198632662503453,BUY_YES,2000.0,18.304930823611112,43659.517341000006,0.75,0.76,0.010000000000000009,651.0242,7108.9094000000005,11439.1273,8283.8075,2776.0025,4837.9925,1
2026-09-04T21:51:38.457779+00:00,daily,bitcoin-up-or-down-on-september-5-2026,0.725,0.7755702518190224,BUY_YES,1687.7871044082376,18.139317283611113,44616.13734100001,0.72,0.73,0.010000000000000009,6847.9,9888.145,10697.4019,3492.4386,1415.2214,1626.7214,1
2026-09-04T22:02:02.507387+00:00,daily,bitcoin-up-or-down-on-september-5-2026,0.695,0.7457329123496624,BUY_YES,1524.4304116554158,17.965970170277778,44616.13734100001,0.69,0.7,0.010000000000000009,7700.735399999999,8206.175399999998,12338.225399999998,1246.2800000000002,574.72,5589.974200000001,1
2026-09-04T22:11:47.051986+00:00,daily,bitcoin-up-or-down-on-september-5-2026,0.6799999999999999,0.7535238431617731,BUY_YES,2000.0,17.803596670555557,47138.63888500001,0.67,0.69,0.019999999999999907,7034.34,7398.57,11845.095,4431.2632,2270.6968,5788.9668,1
2026-09-04T22:21:44.457212+00:00,daily,bitcoin-up-or-down-on-september-5-2026,0.705,0.774357444527732,BUY_YES,2000.0,17.637650774444445,47138.63888500001,0.7,0.71,0.010000000000000009,7539.8248,7898.254800000001,12157.7548,1115.4499999999998,489.55,3077.8988000000004,1
2026-09-04T22:31:58.652997+00:00,daily,bitcoin-up-or-down-on-september-5-2026,0.705,0.7670979352617703,BUY_YES,1968.8943193713903,17.467040834166667,47141.66918700001,0.7,0.71,0.010000000000000009,83.8789,7884.147899999999,8720.5979,6335.277,2768.023,5041.623,1
2026-09-04T22:41:37.363204+00:00,daily,bitcoin-up-or-down-on-september-5-2026,0.705,0.7657444684216764,BUY_YES,1922.2230490233264,17.306287998888887,48148.07763500001,0.7,0.71,0.010000000000000009,363.7789,5838.7789,6229.0989,3732.95,1677.05,3954.8100000000004,1
2026-09-04T22:51:48.164493+00:00,daily,bitcoin-up-or-down-on-september-5-2026,0.69,0.7421841932303599,BUY_YES,1406.139774345331,17.136620974166668,48148.07763500001,0.68,0.7,0.019999999999999907,7755.4319000000005,7764.7919,11987.3419,815.35,389.65,5554.3486,1
2026-09-04T23:01:54.362191+00:00,daily,bitcoin-up-or-down-on-september-5-2026,0.675,0.7230881579748564,BUY_YES,1346.5049367142603,16.96823272472222,48564.18524100001,0.67,0.68,0.010000000000000009,7198.3751999999995,7481.8751999999995,8005.429099999999,531.35,273.65,278.9,1
2026-09-04T23:11:32.681140+00:00,daily,bitcoin-up-or-down-on-september-5-2026,0.695,0.7614820267833087,BUY_YES,2000.0,16.807588572222222,48597.61774100001,0.69,0.7,0.010000000000000009,5374.3589,5662.3589,9914.5089,334.05,155.95,289.6,1
2026-09-04T23:21:41.468418+00:00,daily,bitcoin-up-or-down-on-september-5-2026,0.705,0.7718584690642524,BUY_YES,2000.0,16.638480995000002,48597.61774100001,0.7,0.71,0.010000000000000009,7603.756399999999,7905.246399999999,12108.8464,279.5,125.5,255.1,1
2026-09-04T23:31:51.081950+00:00,daily,bitcoin-up-or-down-on-september-5-2026,0.715,0.7885039759909336,BUY_YES,2000.0,16.469143902777777,48685.46236500001,0.71,0.72,0.010000000000000009,7643.4972,7643.4972,13114.374199999998,3856.5499999999997,1646.4499999999998,4867.858399999999,1
2026-09-04T23:41:30.634887+00:00,daily,bitcoin-up-or-down-on-september-5-2026,0.725,0.7746211748792879,BUY_YES,1652.6361066402949,16.308156975833334,49343.19093500001,0.72,0.73,0.010000000000000009,5880.045999999999,6180.045999999999,10239.3782,60.75,24.25,144.25,1
2026-09-04T23:51:43.852654+00:00,daily,bitcoin-up-or-down-on-september-5-2026,0.715,0.7737841987966037,BUY_YES,1920.8642427358457,16.137818707222223,49343.19093500001,0.71,0.72,0.010000000000000009,8037.4151999999995,11737.4152,12341.262200000001,35.5,14.499999999999998,14.499999999999998,1
2026-09-05T00:02:02.937062+00:00,daily,bitcoin-up-or-down-on-september-5-2026,0.685,0.7483095361599796,BUY_YES,1880.9527793541836,15.965850816111113,49439.905453000014,0.68,0.69,0.009999999999999898,7212.768999999999,7221.998999999999,11007.948999999999,30.200000000000003,14.8,4160.76,1
2026-09-05T00:11:31.377781+00:00,daily,bitcoin-up-or-down-on-september-5-2026,0.735,0.8051491436542156,BUY_YES,2000.0,15.807950616388888,49930.798727000016,0.73,0.74,0.010000000000000009,7957.862499999999,8271.742499999998,12581.0033,320.85,124.15000000000002,1263.7195000000002,1
2026-09-05T00:21:31.428671+00:00,daily,bitcoin-up-or-down-on-september-5-2026,0.695,0.7562661562901976,BUY_YES,1875.5385430065865,15.64126981361111,49930.798727000016,0.69,0.7,0.010000000000000009,7317.15,7674.2699999999995,12075.32,31.049999999999997,13.95,277.95,1
2026-09-05T00:31:42.247566+00:00,daily,bitcoin-up-or-down-on-september-5-2026,0.725,0.8002500588611919,BUY_YES,2000.0,15.471597898333334,51365.92348600001,0.72,0.73,0.010000000000000009,8092.220899999999,8479.2209,12758.903100000001,312.8,127.19999999999999,2396.9999999999995,1
2026-09-05T00:41:27.630220+00:00,daily,bitcoin-up-or-down-on-september-5-2026,0.715,0.777795107968389,BUY_YES,2000.0,15.308991605555557,51380.92348600002,0.71,0.72,0.010000000000000009,2750.894,8312.734,12665.256000000001,308.4,131.6,272.96,1
2026-09-05T00:51:35.845982+00:00,daily,bitcoin-up-or-down-on-september-5-2026,0.675,0.7356101622254984,BUY_YES,1737.8175695468224,15.140042782777778,51380.92348600002,0.67,0.68,0.010000000000000009,7173.215200000001,7184.4152,11664.1652,557.75,287.25,2789.75,1
2026-09-05T01:01:52.202667+00:00,daily,bitcoin-up-or-down-on-september-5-2026,0.655,0.7169118518914633,BUY_YES,1673.8779968077442,14.9688325925,51400.92348600001,0.65,0.66,0.010000000000000009,6912.142800000001,10323.022800000002,11091.972800000001,570.5,319.5,326.9,1
2026-09-05T01:11:37.495719+00:00,daily,bitcoin-up-or-down-on-september-5-2026,0.71,0.7919486741250141,BUY_YES,2000.0,14.806251189166668,51487.90701400002,0.7,0.72,0.020000000000000018,2519.3372,7781.4772,12578.574200000003,5671.23,2535.77,5231.4532,1
2026-09-05T01:21:37.689880+00:00,daily,bitcoin-up-or-down-on-september-5-2026,0.71,0.7743857570196865,BUY_YES,1942.3484649888037,14.63953058888889,51487.90701400002,0.7,0.72,0.020000000000000018,7715.1572,7728.1071999999995,12759.2542,5625.0,2515.0,3605.0032,1
2026-09-05T01:31:40.522862+00:00,daily,bitcoin-up-or-down-on-september-5-2026,0.71,0.7685049900998298,BUY_YES,1732.3210749939205,14.472076982777779,51487.90701400002,0.7,0.72,0.020000000000000018,7817.427,8125.267,12622.864000000001,8591.530999999999,3848.3689999999997,5448.369,1
2026-09-05T01:41:28.753430+00:00,daily,bitcoin-up-or-down-on-september-5-2026,0.715,0.7741097567723345,BUY_YES,1633.6946952716492,14.30867960277778,52554.27188200003,0.7,0.73,0.030000000000000027,8137.1486,8378.6486,13034.3808,3686.1957999999995,1641.6242,3241.6242,1
2026-09-05T01:51:36.528149+00:00,daily,bitcoin-up-or-down-on-september-5-2026,0.65,0.705442501718817,BUY_YES,1336.544168200498,14.139853291944444,52554.27188200003,0.64,0.66,0.020000000000000018,2223.3962,7062.2762,11006.0012,5686.0,3214.0,3217.8,1
2026-09-05T02:01:55.933247+00:00,daily,bitcoin-up-or-down-on-september-5-2026,0.605,0.6499018787385705,BUY_YES,1023.1250958607831,13.967796320277778,52559.27188200001,0.6,0.61,0.010000000000000009,1952.5319,9762.011900000001,9773.4369,503.8,336.2,3654.2,1
2026-09-05T02:11:35.241737+00:00,daily,bitcoin-up-or-down-on-september-5-2026,0.645,0.7197248514270758,BUY_YES,1992.1386122021643,13.80687729527778,52727.132532000025,0.64,0.65,0.010000000000000009,2191.8916000000004,7015.891600000001,7499.971600000001,5638.4208,3298.7992000000004,4532.758000000001,1
2026-09-05T02:21:35.143208+00:00,daily,bitcoin-up-or-down-on-september-5-2026,0.665,0.7347523636240672,BUY_YES,1962.1928370929434,13.640237997777778,52727.132532000025,0.66,0.67,0.010000000000000009,7285.653,10932.303,11513.303,942.6600000000001,498.34000000000003,503.74,1
2026-09-05T02:31:43.463966+00:00,daily,bitcoin-up-or-down-on-september-5-2026,0.645,0.7090340194296283,BUY_YES,1686.6862694179508,13.471260009444444,54739.34030800002,0.64,0.65,0.010000000000000009,2212.8526,2251.7126000000003,11002.1126,5247.679999999999,3068.3199999999997,3072.12,1
2026-09-05T02:41:34.233599+00:00,daily,bitcoin-up-or-down-on-september-5-2026,0.685,0.7691037889785861,BUY_YES,2000.0,13.307157333611112,55172.98736500002,0.68,0.69,0.009999999999999898,2391.1690999999996,2398.9790999999996,11885.354099999999,5594.580000000001,2637.42,2909.42,1
2026-09-05T02:51:33.134003+00:00,daily,bitcoin-up-or-down-on-september-5-2026,0.655,0.7099374688108954,BUY_YES,1468.7490826733924,13.140796110277778,55172.98736500002,0.65,0.66,0.010000000000000009,10351.7142,10491.1142,11348.7142,1057.6,582.4,667.5,1
2026-09-05T03:01:53.783153+00:00,daily,bitcoin-up-or-down-on-september-5-2026,0.665,0.7293753564124763,BUY_YES,1799.2532246204933,12.968393568611113,55265.534966000014,0.66,0.67,0.010000000000000009,2391.8204,10751.8604,11472.7604,5288.0,2835.0,3272.4,1
2026-09-05T03:11:40.644341+00:00,daily,bitcoin-up-or-down-on-september-5-2026,0.645,0.7022608390284036,BUY_YES,1493.1668293829607,12.805376571944445,55346.20227800002,0.64,0.65,0.010000000000000009,2293.9215,10588.5215,10597.1715,5023.26,2943.7400000000002,2975.28,1
2026-09-05T03:21:36.175409+00:00,daily,bitcoin-up-or-down-on-september-5-2026,0.6799999999999999,0.7606978893823478,BUY_YES,2000.0,12.639951275277777,55346.20227800002,0.67,0.69,0.019999999999999907,70.64999999999999,5324.65,5771.449999999999,5920.68,3037.32,3219.32,1
2026-09-05T03:31:46.570677+00:00,daily,bitcoin-up-or-down-on-september-5-2026,0.685,0.7514900215894299,BUY_YES,1983.5490835299984,12.470397034166666,56305.350723000025,0.68,0.69,0.009999999999999898,2433.9608,7602.7608,12231.8358,5333.18,2620.82,2710.5800000000004,1
2026-09-05T03:41:36.768335+00:00,daily,bitcoin-up-or-down-on-september-5-2026,0.705,0.7749562803385004,BUY_YES,2000.0,12.306453240277778,57561.799997000024,0.7,0.71,0.010000000000000009,2535.1259999999997,6558.155999999999,12774.655999999999,5486.099999999999,2458.9,2541.14,1
2026-09-05T03:51:30.396854+00:00,daily,bitcoin-up-or-down-on-september-5-2026,0.715,0.7784191134152936,BUY_YES,2000.0,12.141556429444444,57561.799997000024,0.71,0.72,0.010000000000000009,2669.8476,6673.247600000001,12983.294600000001,5546.51,2371.29,2414.69,1
2026-09-05T04:02:04.683280+00:00,daily,bitcoin-up-or-down-on-september-5-2026,0.665,0.7138852779834333,BUY_YES,1329.8569085888857,11.965365755555556,57624.924997000024,0.66,0.67,0.010000000000000009,6303.7155999999995,11202.7156,11495.0442,290.71700000000004,156.463,2856.463,1
2026-09-05T04:11:36.913783+00:00,daily,bitcoin-up-or-down-on-september-5-2026,0.63,0.6795401891537698,BUY_YES,1098.3385876047162,11.806412838055554,57691.64950300002,0.62,0.64,0.020000000000000018,8327.45,8462.75,8777.775,644.7,405.3,3416.7000000000003,1
2026-09-05T04:21:36.467255+00:00,daily,bitcoin-up-or-down-on-september-5-2026,0.675,0.7426401056422489,BUY_YES,1957.5033013202778,11.639870206944444,57691.64950300002,0.67,0.68,0.010000000000000009,11438.2165,11578.2165,12021.4901,3.35,1.6500000000000001,2676.35,1
2026-09-05T04:31:55.806558+00:00,daily,bitcoin-up-or-down-on-september-5-2026,0.665,0.7266199554158899,BUY_YES,1715.756224723934,11.467831511666668,64636.439503000016,0.66,0.67,0.010000000000000009,10925.325200000001,10959.825200000001,11116.223800000002,3.3000000000000003,1.7000000000000002,79.82,1
2026-09-05T04:41:39.928534+00:00,daily,bitcoin-up-or-down-on-september-5-2026,0.645,0.7083415646804482,BUY_YES,1666.9018480128045,11.305575407222223,65077.29664400002,0.64,0.65,0.010000000000000009,10527.2072,10586.1672,10761.9172,3.2,1.7999999999999998,4040.4096000000004,1
2026-09-05T04:51:33.479864+00:00,daily,bitcoin-up-or-down-on-september-5-2026,0.655,0.7192327819475354,BUY_YES,1742.1406455157453,11.140700037777778,65077.29664400002,0.65,0.66,0.010000000000000009,10723.820000000002,10723.820000000002,10761.87,9.65,5.35,16.45,1
2026-09-05T05:02:00.913903+00:00,daily,bitcoin-up-or-down-on-september-5-2026,0.615,0.6677145992284887,BUY_YES,1255.6473481181254,10.966412804722221,65092.29664400002,0.61,0.62,0.010000000000000009,7986.75,10363.9596,10514.8586,127.85,85.15,1581.3999,1
2026-09-05T05:11:33.991862+00:00,daily,bitcoin-up-or-down-on-september-5-2026,0.625,0.7015169012462066,BUY_YES,1932.8892228704483,10.807224482777777,65166.915104000014,0.62,0.63,0.010000000000000009,549.4000000000001,2657.5255,7557.5855,4714.37,3010.63,3010.63,1
2026-09-05T05:21:34.751643+00:00,daily,bitcoin-up-or-down-on-september-5-2026,0.655,0.7410405184625278,BUY_YES,2000.0,10.640346765833332,65166.915104000014,0.65,0.66,0.010000000000000009,345.37,641.1700000000001,11598.699299999998,7134.1107999999995,4012.8591999999994,4109.0592,1
2026-09-05T05:31:31.569670+00:00,daily,bitcoin-up-or-down-on-september-5-2026,0.685,0.7577707816864256,BUY_YES,2000.0,10.474563980555557,65546.20627000001,0.68,0.69,0.009999999999999898,98.8305,2863.4213999999997,12132.925,5303.4800000000005,2505.52,3770.2486,1
2026-09-05T05:41:22.090864+00:00,daily,bitcoin-up-or-down-on-september-5-2026,0.685,0.7482081099203799,BUY_YES,1877.6809651735462,10.310530315555557,66145.19143800002,0.68,0.69,0.009999999999999898,3053.3464999999997,8094.3465,11761.370099999998,30.6,14.4,2650.42,1
2026-09-05T05:51:36.639286+00:00,daily,bitcoin-up-or-down-on-september-5-2026,0.635,0.6930242737310099,BUY_YES,1472.8964925280536,10.139822420555555,66145.19143800002,0.63,0.64,0.010000000000000009,652.11,8642.07,8708.47,63.64,38.36,2889.26,1
2026-09-05T06:02:03.507562+00:00,daily,bitcoin-up-or-down-on-september-5-2026,0.7,0.7794522751952166,BUY_YES,2000.0,9.96569234388889,67360.463442,0.69,0.71,0.020000000000000018,2797.4709999999995,11834.871,12142.471,12901.5928,6064.8672,6152.3171999999995,1
2026-09-05T06:11:34.568968+00:00,daily,bitcoin-up-or-down-on-september-5-2026,0.715,0.7834493328271793,BUY_YES,2000.0,9.807064175555556,68422.64114800001,0.71,0.72,0.010000000000000009,64.9436,3019.9264,13115.823400000001,869.1999999999999,366.79999999999995,3743.0782,1
2026-09-05T06:21:41.905621+00:00,daily,bitcoin-up-or-down-on-september-5-2026,0.715,0.7840955655541224,BUY_YES,2000.0,9.638359549722223,68422.64114800001,0.71,0.72,0.010000000000000009,29.293599999999998,2692.9088,13232.105800000001,8072.242,3351.8379999999997,3454.138,1
2026-09-05T06:31:51.445513+00:00,daily,bitcoin-up-or-down-on-september-5-2026,0.745,0.8060041313353768,BUY_YES,2000.0,9.469042913055556,69056.621253,0.74,0.75,0.010000000000000009,4345.143,5130.62,15497.080799999998,6109.91,2157.09,2381.9300000000003,1
2026-09-05T06:41:42.194042+00:00,daily,bitcoin-up-or-down-on-september-5-2026,0.785,0.8455172576106507,BUY_YES,2000.0,9.304946099444443,71700.01063300001,0.78,0.79,0.010000000000000009,7624.4506,11893.9849,16678.366499999996,4418.8511,1313.2489,3334.5289000000002,1
2026-09-05T06:51:35.708620+00:00,daily,bitcoin-up-or-down-on-september-5-2026,0.76,0.8068111068020999,BUY_YES,1600.482904439125,9.14008093888889,71700.01063300001,0.75,0.77,0.020000000000000018,1795.94,7972.428600000001,12741.2998,13453.064999999999,4492.3949999999995,4752.945,1
2026-09-05T07:02:01.450116+00:00,daily,bitcoin-up-or-down-on-september-5-2026,0.775,0.8302163341526058,BUY_YES,2000.0,8.966263856666666,75937.78964,0.77,0.78,0.010000000000000009,4718.8839,4881.555899999999,15945.9423,6465.129999999999,2023.87,5645.7725,1
2026-09-05T07:11:40.443115+00:00,daily,bitcoin-up-or-down-on-september-5-2026,0.785,0.8438025174884585,BUY_YES,2000.0,8.805432468055557,76411.166305,0.78,0.79,0.010000000000000009,4247.2666,11220.832,16407.7386,7197.6900000000005,2139.31,3332.9548,1
2026-09-05T07:21:44.187348+00:00,daily,bitcoin-up-or-down-on-september-5-2026,0.785,0.8391065645532915,BUY_YES,2000.0,8.637725736666667,76411.166305,0.78,0.79,0.010000000000000009,1024.9161000000001,11011.5357,16275.292300000001,6858.120000000001,2037.88,3246.8176000000003,1
2026-09-05T07:31:54.228698+00:00,daily,bitcoin-up-or-down-on-september-5-2026,0.815,0.8679041569694845,BUY_YES,2000.0,8.468269806111111,77625.52151100001,0.81,0.82,0.009999999999999898,5521.5466,11829.392199999998,16952.627,324.05,80.95,1810.72,1
2026-09-05T07:41:38.341942+00:00,daily,bitcoin-up-or-down-on-september-5-2026,0.815,0.8619873565685245,BUY_YES,2000.0,8.306016127222222,77655.76151100002,0.81,0.82,0.009999999999999898,1597.5321999999999,2871.2578,14295.1176,6558.5212,1545.9988,1753.8988000000002,1
2026-09-05T07:51:35.876701+00:00,daily,bitcoin-up-or-down-on-september-5-2026,0.815,0.864416743154228,BUY_YES,2000.0,8.140034249722222,77655.76151100002,0.81,0.82,0.009999999999999898,1793.8899999999999,6237.8176,17588.3024,10070.24,2423.81,3660.71,1
2026-09-05T08:02:03.622698+00:00,daily,bitcoin-up-or-down-on-september-5-2026,0.785,0.829719310259065,BUY_YES,1891.3957266221405,7.965660361666667,79028.97203300001,0.78,0.79,0.010000000000000009,2050.0,5396.92,10721.1856,3641.3468,1085.9632000000001,1395.8032,1
2026-09-05T08:11:43.303573+00:00,daily,bitcoin-up-or-down-on-september-5-2026,0.795,0.8424758326473163,BUY_YES,2000.0,7.804637896388889,79593.20700000002,0.79,0.8,0.010000000000000009,1830.0,6172.4576,17100.7922,8822.3704,2486.3096,2673.7596,1
2026-09-05T08:21:37.391772+00:00,daily,bitcoin-up-or-down-on-september-5-2026,0.81,0.8596780506007844,BUY_YES,2000.0,7.639613396666667,79593.20700000002,0.8,0.82,0.019999999999999907,7153.269999999999,11697.115599999997,12132.700399999998,1132.8700000000001,300.13,2045.17,1
2026-09-05T08:31:48.329666+00:00,daily,bitcoin-up-or-down-on-september-5-2026,0.805,0.8493423437446597,BUY_YES,2000.0,7.469908426111111,82693.88774600002,0.8,0.81,0.010000000000000009,14544.8288,15042.8288,15750.9584,467.1,116.9,116.9,1
2026-09-05T08:41:36.862247+00:00,daily,bitcoin-up-or-down-on-september-5-2026,0.78,0.8266446371358179,BUY_YES,1744.9827207532333,7.306427153611111,83690.39392900003,0.77,0.79,0.020000000000000018,7199.360000000001,11416.220000000001,15630.3834,4411.1333,1322.1567,5847.0417,1
2026-09-05T08:51:43.383992+00:00,daily,bitcoin-up-or-down-on-september-5-2026,0.785,0.8366418471537794,BUY_YES,2000.0,7.137948891111112,83690.39392900003,0.78,0.79,0.010000000000000009,1468.0,7223.860000000001,15795.773200000001,9640.1254,2825.8046000000004,3076.1246000000006,1
2026-09-05T09:02:01.755376+00:00,daily,bitcoin-up-or-down-on-september-5-2026,0.825,0.8819643243067211,BUY_YES,2000.0,6.966179062222222,83696.88743300001,0.82,0.83,0.010000000000000009,172.98,6249.919,10536.5532,8126.8588,1844.9812000000002,3264.9812,1
2026-09-05T09:11:36.589242+00:00,daily,bitcoin-up-or-down-on-september-5-2026,0.855,0.9010507765268122,BUY_YES,2000.0,6.8065029883333334,84591.78157100006,0.85,0.86,0.010000000000000009,195.67079999999999,4391.7572,4801.3351999999995,10381.9116,1887.6483999999998,2754.6484,1
2026-09-05T09:21:43.038979+00:00,daily,bitcoin-up-or-down-on-september-5-2026,0.865,0.9028774137203958,BUY_YES,2000.0,6.638044728055555,84591.78157100006,0.86,0.87,0.010000000000000009,4695.3929,4890.6055,9714.3037,17.05,2.95,37.03,1
2026-09-05T09:31:48.271155+00:00,daily,bitcoin-up-or-down-on-september-5-2026,0.865,0.9026025576376548,BUY_YES,2000.0,6.469924679166667,84933.525374,0.86,0.87,0.010000000000000009,463.5645,658.7771,5482.4753,4.3,0.7000000000000001,34.78,1
2026-09-05T09:41:38.468689+00:00,daily,bitcoin-up-or-down-on-september-5-2026,0.83,0.8701045624615781,BUY_YES,1881.5351538486318,6.305980919722222,85546.89224600003,0.82,0.84,0.020000000000000018,4293.478999999999,4474.930399999999,5802.7125,5848.0,1352.0,2204.348,1
2026-09-05T09:51:32.227170+00:00,daily,bitcoin-up-or-down-on-september-5-2026,0.815,0.8569252660708313,BUY_YES,2000.0,6.141048008333334,85546.89224600003,0.81,0.82,0.009999999999999898,707.6483999999999,1967.6484,3095.3349,1366.5316,340.82840000000004,1558.8284,1
2026-09-05T10:01:55.988196+00:00,daily,bitcoin-up-or-down-on-september-5-2026,0.815,0.8594021174580374,BUY_YES,2000.0,5.967781056666667,86298.58692000002,0.81,0.82,0.009999999999999898,3366.0215000000003,3840.2015,16128.676500000001,6604.2713,1561.4587000000001,2671.2226,1
2026-09-05T10:11:37.880650+00:00,daily,bitcoin-up-or-down-on-september-5-2026,0.815,0.8616171281627099,BUY_YES,2000.0,5.806144263888889,87387.57480900003,0.81,0.82,0.009999999999999898,451.06319999999994,5987.923199999999,12711.2982,7062.5302,1676.8898,1963.9597999999999,1
2026-09-05T10:21:45.249666+00:00,daily,bitcoin-up-or-down-on-september-5-2026,0.805,0.8503181601259993,BUY_YES,2000.0,5.637430648333334,87387.57480900003,0.8,0.81,0.010000000000000009,3396.3058999999994,13937.3059,15359.2609,6865.38,1805.72,2051.46,1
2026-09-05T10:31:53.127256+00:00,daily,bitcoin-up-or-down-on-september-5-2026,0.83,0.8791360456392348,BUY_YES,2000.0,5.468575762222223,91914.34322700003,0.82,0.84,0.020000000000000018,9843.3395,14321.789499999999,15189.642899999999,32.8,7.199999999999999,917.056,1
2026-09-05T10:41:28.459273+00:00,daily,bitcoin-up-or-down-on-september-5-2026,0.8,0.8518695723531634,BUY_YES,2000.0,5.308761313055555,93587.24342500002,0.79,0.81,0.020000000000000018,59.940000000000005,6513.181699999999,14895.4029,9750.911900000001,2607.5081,2745.5081,1
2026-09-05T10:51:37.412469+00:00,daily,bitcoin-up-or-down-on-september-5-2026,0.79,0.8352336868648749,BUY_YES,1761.6843432437415,5.1396076475,93587.24342500002,0.78,0.8,0.020000000000000018,10164.2,14304.437399999999,15022.437399999999,8513.973899999999,2542.0960999999998,2542.0960999999998,1
2026-09-05T11:02:01.588853+00:00,daily,bitcoin-up-or-down-on-september-5-2026,0.83,0.8789477196963144,BUY_YES,2000.0,4.9662253186111105,98078.647148,0.82,0.84,0.020000000000000018,10066.799500000001,14745.1995,15816.357899999999,65.6,14.399999999999999,2351.3740000000003,1
2026-09-05T11:11:31.985401+00:00,daily,bitcoin-up-or-down-on-september-5-2026,0.86,0.9039512609422375,BUY_YES,2000.0,4.8077818330555555,98163.31293600002,0.85,0.87,0.020000000000000018,11333.7276,11431.0402,16807.478399999996,3949.7023999999997,751.5075999999999,2243.4276,1
2026-09-05T11:21:27.097483+00:00,daily,bitcoin-up-or-down-on-september-5-2026,0.81,0.8524630588858068,BUY_YES,1803.503271433711,4.6424729213888885,98163.31293600002,0.8,0.82,0.019999999999999907,65.6,6096.8,15989.8175,10388.59,2689.06,2777.06,1
2026-09-05T11:31:46.604853+00:00,daily,bitcoin-up-or-down-on-september-5-2026,0.85,0.891794035463099,BUY_YES,2000.0,4.470387540833333,98460.312447,0.84,0.86,0.020000000000000018,10939.387200000001,11672.348000000002,17060.816000000003,5965.45,1220.8,2095.0186,1
2026-09-05T11:41:36.506214+00:00,daily,bitcoin-up-or-down-on-september-5-2026,0.855,0.8943085390678003,BUY_YES,2000.0,4.306526051666666,98531.012447,0.85,0.86,0.010000000000000009,549.35,8242.2308,13773.623800000001,76.0,14.0,1333.0300000000002,1
2026-09-05T11:51:32.490357+00:00,daily,bitcoin-up-or-down-on-september-5-2026,0.855,0.8962514130406054,BUY_YES,2000.0,4.140974900833333,98531.012447,0.85,0.86,0.010000000000000009,182.6,10949.7168,17703.1698,10801.988,2052.4620000000004,2137.4620000000004,1
2026-09-05T12:02:00.242028+00:00,daily,bitcoin-up-or-down-on-september-5-2026,0.845,0.8845918378002188,BUY_YES,2000.0,3.9665994366666664,98973.61043200002,0.84,0.85,0.010000000000000009,542.78,10415.9489,12527.9983,6668.07,1348.01,2094.7346,1
2026-09-05T12:12:17.120231+00:00,daily,bitcoin-up-or-down-on-september-5-2026,0.88,0.918075821782597,NO_TRADE,0.0,3.7952443802777776,101902.554716,0.87,0.89,0.020000000000000018,5511.9976,12534.322,15032.8337,6815.12,1026.88,1996.594,1
2026-09-05T12:21:36.279306+00:00,daily,bitcoin-up-or-down-on-september-5-2026,0.88,0.9118749094116365,NO_TRADE,0.0,3.639922415,101902.554716,0.87,0.89,0.020000000000000018,5107.1748,12559.4742,14784.804900000001,8935.5406,1368.1694000000002,2398.7054,1
2026-09-05T12:31:50.356646+00:00,daily,bitcoin-up-or-down-on-september-5-2026,0.875,0.9094785403441654,NO_TRADE,0.0,3.4693453761111113,102114.55471600003,0.86,0.89,0.030000000000000027,11955.890800000001,12448.9652,19161.396900000003,10096.412,1697.308,1841.308,1
2026-09-05T12:41:33.232920+00:00,daily,bitcoin-up-or-down-on-september-5-2026,0.925,0.9521997075414339,NO_TRADE,0.0,3.3074353,103206.137146,0.92,0.93,0.010000000000000009,13093.950499999999,16601.673499999997,28305.2954,1961.0728000000004,183.0172,1463.7762,1
2026-09-05T12:51:39.200326+00:00,daily,bitcoin-up-or-down-on-september-5-2026,0.915,0.9418138190801825,NO_TRADE,0.0,3.1391110205555557,103206.137146,0.91,0.92,0.010000000000000009,1600.0740999999998,3195.5737,15594.351600000002,7072.5028,718.8671999999999,741.6922,1
2026-09-05T13:01:57.249804+00:00,daily,bitcoin-up-or-down-on-september-5-2026,0.915,0.9395843381940459,NO_TRADE,0.0,2.96743061,104489.43158800005,0.91,0.92,0.010000000000000009,1912.8452000000002,14632.708999999999,21039.0957,11883.8927,1313.0973,1401.2622999999999,1
2026-09-05T13:11:39.488325+00:00,daily,bitcoin-up-or-down-on-september-5-2026,0.915,0.9388635099910274,NO_TRADE,0.0,2.8056976875,104838.43158500001,0.91,0.92,0.010000000000000009,13533.1092,13541.8888,24691.875500000002,706.76,77.64,902.64,1
2026-09-05T13:21:42.468436+00:00,daily,bitcoin-up-or-down-on-september-5-2026,0.925,0.951012602661172,NO_TRADE,0.0,2.6382032122222223,104838.43158500001,0.92,0.93,0.010000000000000009,566.9504,11208.223399999999,21423.4581,13586.1926,1321.8773999999999,1332.6773999999998,1
2026-09-05T13:31:41.944381+00:00,daily,bitcoin-up-or-down-on-september-5-2026,0.945,0.9655527025708192,NO_TRADE,0.0,2.471682116388889,106014.03158500002,0.94,0.95,0.010000000000000009,12457.809799999999,15861.8017,21938.4589,10141.4644,740.2956,748.9356,1
2026-09-05T13:41:36.801485+00:00,daily,bitcoin-up-or-down-on-september-5-2026,0.945,0.9618760367704142,NO_TRADE,0.0,2.3064440319444444,107504.372105,0.94,0.95,0.010000000000000009,10294.040799999999,18869.548899999998,25059.328499999996,6747.9655999999995,489.86440000000005,538.5044,1
2026-09-05T13:51:35.997570+00:00,daily,bitcoin-up-or-down-on-september-5-2026,0.805,0.8408084935396459,BUY_YES,1621.4996599813626,2.140000675,107504.372105,0.8,0.81,0.010000000000000009,1027.2878,1258.559,10817.401,9674.706,2426.614,2437.614,1
2026-09-05T14:01:57.351622+00:00,daily,bitcoin-up-or-down-on-september-5-2026,0.91,0.9356308987648296,NO_TRADE,0.0,1.967402327222222,109560.38406499999,0.9,0.92,0.020000000000000018,1660.9099999999999,8579.31,18336.6832,11451.682100000002,1331.2079,1355.2079,1
2026-09-05T14:11:34.108645+00:00,daily,bitcoin-up-or-down-on-september-5-2026,0.935,0.958147839045983,NO_TRADE,0.0,1.8071920430555555,123011.58810699999,0.93,0.94,0.009999999999999898,8844.964,9352.1608,23706.0405,10364.515800000001,857.5442,893.5442,1
2026-09-05T14:21:40.230533+00:00,daily,bitcoin-up-or-down-on-september-5-2026,0.945,0.9624059123477721,NO_TRADE,0.0,1.6388248519444444,123011.58810699999,0.94,0.95,0.010000000000000009,2264.5608,13549.8027,23089.6077,14481.376199999999,937.8537999999999,969.8537999999999,1
2026-09-05T14:31:42.249796+00:00,daily,bitcoin-up-or-down-on-september-5-2026,0.965,0.9787460430058016,NO_TRADE,0.0,1.471597278888889,124318.39810700003,0.96,0.97,0.010000000000000009,11231.3631,16464.3645,16464.3645,15739.407500000001,807.5425000000001,820.2925000000001,1
2026-09-05T14:41:33.197005+00:00,daily,bitcoin-up-or-down-on-september-5-2026,0.969,0.9801398253949244,NO_TRADE,0.0,1.3074452763888889,127232.77810700002,0.968,0.97,0.0020000000000000018,1154.338,6088.5344,32762.919439999998,9442.764999999998,329.73500000000007,334.11000000000007,1
2026-09-05T14:51:44.524916+00:00,daily,bitcoin-up-or-down-on-september-5-2026,0.976,0.9846350342532476,NO_TRADE,0.0,1.1376319677777778,127232.77810700002,0.972,0.98,0.008000000000000007,6219.0666,49013.053100000005,49013.053100000005,14198.862299999999,423.42769999999996,443.42769999999996,1
2026-09-05T15:02:07.211485+00:00,daily,bitcoin-up-or-down-on-september-5-2026,0.9895,0.9937252335817077,NO_TRADE,0.0,0.9646634763888889,128038.57606100004,0.989,0.99,0.0010000000000000009,23205.76552,23205.76552,23205.76552,1021.17404,15.15596,249.18096,1
2026-09-05T15:11:34.541296+00:00,daily,bitcoin-up-or-down-on-september-5-2026,0.989,0.9935357341431681,NO_TRADE,0.0,0.8070718622222223,129892.20498100003,0.988,0.99,0.0020000000000000018,20385.110520000002,20385.110520000002,20385.110520000002,449.56412,6.425879999999999,176.82588,1
2026-09-05T15:21:34.862703+00:00,daily,bitcoin-up-or-down-on-september-5-2026,0.993,0.9961619463297782,NO_TRADE,0.0,0.6403159158333334,129892.20498100003,0.991,0.995,0.0040000000000000036,9926.163120000001,9926.163120000001,9926.163120000001,1889.83249,31.927509999999998,174.27251,1
2026-09-05T15:31:48.619931+00:00,daily,bitcoin-up-or-down-on-september-5-2026,0.9964999999999999,0.9981107173511912,NO_TRADE,0.0,0.46982779694444443,130536.20336200001,0.996,0.997,0.0010000000000000009,8439.52781,8439.52781,8439.52781,1508.47812,8.51188,185.27651000000003,1
2026-09-05T15:41:33.312032+00:00,daily,bitcoin-up-or-down-on-september-5-2026,0.999,0.9995128810554347,NO_TRADE,0.0,0.3074133244444444,133239.63336200005,0.999,,,0.0,0.0,0.0,1675.2042,8.3758,36.78143,1
2026-09-05T15:51:33.478010+00:00,daily,bitcoin-up-or-down-on-september-5-2026,0.9995,0.9997651573870315,NO_TRADE,0.0,0.1407005527777778,133239.63336200005,0.999,,,0.0,0.0,0.0,1674.58641,2.0035899999999995,29.699219999999997,1
2026-09-05T16:02:02.208685+00:00,daily,bitcoin-up-or-down-on-september-6-2026,0.525,0.6253159812898533,NO_TRADE,0.0,23.966053143055554,265.038849,0.52,0.53,0.010000000000000009,507.9604,840.7103999999999,1330.0603999999998,982.8521000000001,938.0378999999999,1581.2678999999998,0
2026-09-05T16:11:39.883845+00:00,daily,bitcoin-up-or-down-on-september-6-2026,0.505,0.5869274033531228,NO_TRADE,0.0,23.80558782083333,4688.580187,0.5,0.51,0.010000000000000009,4449.6688,4919.7788,5307.5038,1011.1019,1044.2080999999998,1417.0481,0
2026-09-05T16:21:35.947425+00:00,daily,bitcoin-up-or-down-on-september-6-2026,0.515,0.6099991442037677,NO_TRADE,0.0,23.640014604166666,4688.580187,0.51,0.52,0.010000000000000009,838.0192000000001,5081.1448,5713.7198,1180.24,1154.76,2619.8064,0
2026-09-05T16:31:45.225384+00:00,daily,bitcoin-up-or-down-on-september-6-2026,0.56,0.6797928802120964,BUY_YES,833.5985569999999,23.470770726666665,8335.985569999999,0.55,0.57,0.019999999999999907,1027.6599999999999,7771.8378999999995,10937.8619,5199.2574,4293.5526,4352.3026,0
2026-09-05T16:41:34.659894+00:00,daily,bitcoin-up-or-down-on-september-6-2026,0.555,0.6483074956970755,BUY_YES,1026.8550786,23.307038918333333,10268.550786,0.55,0.56,0.010000000000000009,1151.96,2513.3592,10487.634199999999,5014.900000000001,4118.1,5403.192800000001,0
2026-09-05T16:51:28.988835+00:00,daily,bitcoin-up-or-down-on-september-6-2026,0.575,0.6666912094077554,BUY_YES,1026.8550786,23.141947545833336,10268.550786,0.57,0.58,0.010000000000000009,1327.83,16485.629999999997,26267.7556,6276.803599999999,4781.7564,4990.5564,0
2026-09-05T17:02:06.886820+00:00,daily,bitcoin-up-or-down-on-september-6-2026,0.605,0.6932141263015484,BUY_YES,1052.2528562,22.96475366111111,10522.528562,0.6,0.61,0.010000000000000009,3129.874,3789.484,7102.803999999999,660.94,457.06,1615.798,0
2026-09-05T17:11:37.162982+00:00,daily,bitcoin-up-or-down-on-september-6-2026,0.635,0.7293431069162586,BUY_YES,1364.2236003999997,22.806343616111114,13642.236003999997,0.63,0.64,0.010000000000000009,3532.0215,4514.1015,12684.9115,5664.93,3338.07,4503.4329,0
2026-09-05T17:21:36.872816+00:00,daily,bitcoin-up-or-down-on-september-6-2026,0.605,0.6753831472388213,BUY_YES,1364.2236003999997,22.63975755111111,13642.236003999997,0.6,0.61,0.010000000000000009,1132.1799999999998,3134.5972,7261.7672,1000.1700000000001,673.83,3993.9048,0
2026-09-05T17:31:52.453260+00:00,daily,bitcoin-up-or-down-on-september-6-2026,0.615,0.6963741253436633,BUY_YES,1516.7044317,22.468762983333335,15167.044316999998,0.61,0.62,0.010000000000000009,2994.6803000000004,3864.4403,12237.690300000002,5749.9559,3694.2341,5079.5462,0
2026-09-05T17:41:27.834287+00:00,daily,bitcoin-up-or-down-on-september-6-2026,0.595,0.6695084063141983,BUY_YES,1530.4887232999997,22.308934920277775,15304.887232999996,0.59,0.6,0.010000000000000009,2174.0281999999997,2182.0881999999997,6289.0882,1573.1599999999999,1124.8400000000001,1312.7500000000002,0
2026-09-05T17:51:37.583127+00:00,daily,bitcoin-up-or-down-on-september-6-2026,0.625,0.7256059919249327,BUY_YES,1530.4887232999997,22.1395602425,15304.887232999996,0.62,0.63,0.010000000000000009,3815.6948,9080.694800000001,12453.794800000001,4999.75,3195.25,3398.05,0
2026-09-05T18:01:59.944427+00:00,daily,bitcoin-up-or-down-on-september-6-2026,0.625,0.70735390796267,BUY_YES,1543.6734281,21.966682103611113,15436.734280999997,0.62,0.63,0.010000000000000009,2567.1412,2965.5912,11507.166200000001,5294.5599999999995,3368.44,4647.272,0
2026-09-05T18:11:31.823496+00:00,daily,bitcoin-up-or-down-on-september-6-2026,0.595,0.6592561986342989,BUY_YES,1481.4049658574718,21.807826806666668,15471.460084999999,0.59,0.6,0.010000000000000009,2290.7524,10006.0324,10452.9074,1631.2399999999998,1166.76,1431.21,0
2026-09-05T18:21:37.160070+00:00,daily,bitcoin-up-or-down-on-september-6-2026,0.595,0.6719085643470093,BUY_YES,1547.1460084999999,21.639677758333335,15471.460084999999,0.59,0.6,0.010000000000000009,2244.4019999999996,9986.341999999999,10925.177,5099.68,3673.3199999999997,4895.036,0
2026-09-05T18:31:43.656549+00:00,daily,bitcoin-up-or-down-on-september-6-2026,0.615,0.6985047996688174,BUY_YES,1564.5640571,21.471206514166663,15645.640570999998,0.61,0.62,0.010000000000000009,2394.9754000000003,10817.3754,11119.6254,6184.08,4091.92,5307.3978,0
2026-09-05T18:41:39.613300+00:00,daily,bitcoin-up-or-down-on-september-6-2026,0.595,0.6736286272695423,BUY_YES,1569.4675691,21.305662972222223,15694.675690999999,0.59,0.6,0.010000000000000009,9998.001400000001,10003.792200000002,10984.800000000003,1508.3832999999997,1079.4867,1383.0666999999999,0
2026-09-05T18:51:37.402803+00:00,daily,bitcoin-up-or-down-on-september-6-2026,0.585,0.6553260823031558,BUY_YES,1569.4675691,21.1396103325,15694.675690999999,0.58,0.59,0.010000000000000009,9538.186099999999,9787.883499999998,10495.436099999997,1320.6607999999999,982.5992,1242.1992,0
2026-09-05T19:01:56.711171+00:00,daily,bitcoin-up-or-down-on-september-6-2026,0.575,0.6516705177372114,BUY_YES,1653.9680460999998,20.967580230277775,16539.680460999996,0.57,0.58,0.010000000000000009,5791.1721,9047.7261,9748.6735,1019.46,787.54,3990.64,0
2026-09-05T19:11:36.053026+00:00,daily,bitcoin-up-or-down-on-september-6-2026,0.585,0.6553917837793797,BUY_YES,1594.921555594627,20.806651937222224,16597.776855999997,0.58,0.59,0.010000000000000009,2039.5859999999998,9612.3334,10709.666000000001,5539.0376,4152.9124,4244.432400000001,0
2026-09-05T19:21:39.802979+00:00,daily,bitcoin-up-or-down-on-september-6-2026,0.575,0.6467392706961763,BUY_YES,1589.0302546708656,20.638943616944445,16597.776855999997,0.57,0.58,0.010000000000000009,9853.4277,10099.0317,10806.0541,1155.81,900.19,4363.39,0
2026-09-05T19:31:44.443595+00:00,daily,bitcoin-up-or-down-on-september-6-2026,0.585,0.6722193436140989,BUY_YES,1685.2588967000002,20.470987890277776,16852.588967,0.58,0.59,0.010000000000000009,2168.922,9869.7694,9959.482,4864.39,3659.61,3726.9300000000003,0
2026-09-05T19:41:36.673368+00:00,daily,bitcoin-up-or-down-on-september-6-2026,0.515,0.5588501633410988,BUY_YES,809.3784029395587,20.306479619999998,16872.588967,0.51,0.52,0.010000000000000009,942.84,3682.26,4375.900000000001,876.92,854.08,1082.56,0
2026-09-05T19:51:38.628213+00:00,daily,bitcoin-up-or-down-on-september-6-2026,0.475,0.5531103289835468,BUY_YES,1405.9678650682088,20.139269940833334,16872.588967,0.47,0.48,0.010000000000000009,1120.57,3630.5699999999997,4221.405,801.2,919.5,1160.4,0
2026-09-05T20:02:06.305812+00:00,daily,bitcoin-up-or-down-on-september-6-2026,0.49,0.5719846402944323,BUY_YES,1439.6928058886463,19.96491505222222,16978.36811,0.48,0.5,0.020000000000000018,3281.01,3294.01,3879.9700000000003,843.29,926.71,1123.27,0
2026-09-05T20:11:37.118152+00:00,daily,bitcoin-up-or-down-on-september-6-2026,0.485,0.565364654374208,BUY_YES,1477.7383210629025,19.80635606888889,17104.231442,0.48,0.49,0.010000000000000009,703.25,3471.53,4070.32,111.35999999999999,123.64000000000001,562.12,0
2026-09-05T20:21:28.498591+00:00,daily,bitcoin-up-or-down-on-september-6-2026,0.48,0.559373195390069,BUY_YES,1360.2587331386085,19.642083724722223,17104.231442,0.47,0.49,0.020000000000000018,6260.4,6477.15,7055.63,4042.1800000000003,4721.820000000001,5142.02,0
2026-09-05T20:31:45.840217+00:00,daily,bitcoin-up-or-down-on-september-6-2026,0.46499999999999997,0.5449711911240408,BUY_YES,1414.5507759252985,19.47059993972222,17197.447779,0.46,0.47,0.009999999999999953,7246.72,7452.52,9237.315,1600.2655,1933.9245,6282.324500000001,0
2026-09-05T20:41:40.717594+00:00,daily,bitcoin-up-or-down-on-september-6-2026,0.46499999999999997,0.5451185092942558,BUY_YES,1417.330364042562,19.30535622388889,17203.855184999997,0.46,0.47,0.009999999999999953,7219.779999999999,7409.409999999999,7808.709999999999,768.45,915.5500000000001,4943.63,0
2026-09-05T20:51:41.989129+00:00,daily,bitcoin-up-or-down-on-september-6-2026,0.475,0.5538443299335465,BUY_YES,1420.0832679528176,19.138336353055557,17203.855184999997,0.47,0.48,0.010000000000000009,7378.11,8805.505,9353.694999999998,501.6,588.4000000000001,2272.3845,0
2026-09-05T21:01:57.063080+00:00,daily,bitcoin-up-or-down-on-september-6-2026,0.46499999999999997,0.5275261152426344,BUY_YES,1085.3984008044226,18.967482477777775,17214.055184999997,0.46,0.47,0.009999999999999953,1375.3600000000001,7328.860000000001,9133.905,5202.192999999999,6333.947,6564.667,0
2026-09-05T21:11:32.669295+00:00,daily,bitcoin-up-or-down-on-september-6-2026,0.46499999999999997,0.546182503840179,BUY_YES,1437.405732833566,18.8075918625,17227.219146,0.46,0.47,0.009999999999999953,429.12,821.12,9153.788,5501.1167000000005,6470.6333,6728.233300000001,0
2026-09-05T21:21:40.825252+00:00,daily,bitcoin-up-or-down-on-september-6-2026,0.505,0.5911484622653524,BUY_YES,1656.0910666398458,18.638659652222223,17227.219146,0.5,0.51,0.010000000000000009,1442.8,5488.29,9734.7906,5666.6061,5870.283899999999,6118.323899999999,0
2026-09-05T21:31:46.997663+00:00,daily,bitcoin-up-or-down-on-september-6-2026,0.525,0.6065685037074618,BUY_YES,1629.1171001587622,18.470278426944443,17323.219146,0.52,0.53,0.010000000000000009,820.58,1037.28,5409.0312,1988.9327,1892.8373,2163.3373,0
2026-09-05T21:41:36.602447+00:00,daily,bitcoin-up-or-down-on-september-6-2026,0.525,0.5984193711859224,BUY_YES,1455.7313018281352,18.30649932027778,17686.838014999998,0.52,0.53,0.010000000000000009,1491.0,9880.403,10297.883,2260.3946,2147.0654,6085.5653999999995,0
2026-09-05T21:51:41.838627+00:00,daily,bitcoin-up-or-down-on-september-6-2026,0.545,0.6279882696808593,BUY_YES,1733.0726595746505,18.138378159166667,17686.838014999998,0.54,0.55,0.010000000000000009,528.51,5031.51,9891.0634,5818.280400000001,5150.399600000001,5375.999600000001,0
2026-09-05T22:02:03.113150+00:00,daily,bitcoin-up-or-down-on-september-6-2026,0.565,0.6397517393567307,BUY_YES,1622.1334734123425,17.965801902777777,17924.198862999998,0.56,0.57,0.009999999999999898,697.74,9552.247599999999,10033.939799999998,4436.96,3626.04,5067.2844000000005,0
2026-09-05T22:11:36.467933+00:00,daily,bitcoin-up-or-down-on-september-6-2026,0.545,0.6088557883456257,BUY_YES,1307.9064076805703,17.806536685277777,18025.596003,0.54,0.55,0.010000000000000009,870.9000000000001,2480.1068999999998,5923.8159,543.55,479.45,2011.6916,0
2026-09-05T22:21:38.094529+00:00,daily,bitcoin-up-or-down-on-september-6-2026,0.525,0.5952528889520345,BUY_YES,1388.35933940499,17.639418186388887,18025.596003,0.52,0.53,0.010000000000000009,1132.08,2854.339,6301.534000000001,1215.0500000000002,1141.9499999999998,2678.84,0
2026-09-05T22:31:49.377440+00:00,daily,bitcoin-up-or-down-on-september-6-2026,0.515,0.5759032292451188,BUY_YES,1164.6506092733086,17.46961737777778,18029.213023,0.51,0.52,0.010000000000000009,1093.0292,5425.5788,6082.2238,944.98,929.8199999999999,2639.9723999999997,0
2026-09-05T22:41:32.554172+00:00,daily,bitcoin-up-or-down-on-september-6-2026,0.505,0.5687055344723371,BUY_YES,1198.0721320885116,17.307623841111113,18064.414747,0.5,0.51,0.010000000000000009,3885.27,5491.8537,5919.378699999999,624.5699999999999,648.4300000000001,2534.1008,0
2026-09-05T22:51:41.252682+00:00,daily,bitcoin-up-or-down-on-september-6-2026,0.475,0.5310151728396476,BUY_YES,981.0610161470697,17.138540921666667,18064.414747,0.47,0.48,0.010000000000000009,437.84,1483.84,6191.9156,2262.3668,2565.0332,3039.0397,0
2026-09-05T23:01:58.065197+00:00,daily,bitcoin-up-or-down-on-september-6-2026,0.485,0.5462017743850072,BUY_YES,1101.9955761766114,16.967204111944444,18189.056255,0.48,0.49,0.010000000000000009,5297.66,6663.5522,7073.1122000000005,525.66,592.34,2370.2036000000003,0
2026-09-05T23:11:35.874901+00:00,daily,bitcoin-up-or-down-on-september-6-2026,0.46499999999999997,0.5189579983324676,BUY_YES,923.7358175937285,16.806701416388886,18189.056255,0.46,0.47,0.009999999999999953,4814.089999999999,7553.189999999999,9464.484999999997,2079.339,2514.8810000000003,6719.921,0
2026-09-05T23:21:39.276777+00:00,daily,bitcoin-up-or-down-on-september-6-2026,0.505,0.5922479124716359,BUY_YES,1678.5288259517524,16.639089784166668,18189.056255,0.5,0.51,0.010000000000000009,746.01,8797.8866,9458.2166,791.4300000000001,801.5699999999999,2592.5644,0
2026-09-05T23:31:51.917161+00:00,daily,bitcoin-up-or-down-on-september-6-2026,0.495,0.5651649535397663,BUY_YES,1303.2990707953252,16.468911899722222,18255.056255,0.49,0.5,0.010000000000000009,1144.72,3961.5600000000004,6025.7633000000005,2133.3328,2286.7772000000004,2717.1372000000006,0
2026-09-05T23:41:38.621711+00:00,daily,bitcoin-up-or-down-on-september-6-2026,0.495,0.5663209839835807,BUY_YES,1326.4196796716133,16.305938413611113,18437.278340999997,0.49,0.5,0.010000000000000009,963.04,2500.6436,5972.0286,1073.96,1137.04,2767.5479,0
2026-09-05T23:51:34.387308+00:00,daily,bitcoin-up-or-down-on-september-6-2026,0.505,0.5819976900341333,BUY_YES,1469.3406129414952,16.14044797,18437.278340999997,0.5,0.51,0.010000000000000009,1058.57,2751.9253,3426.5752999999995,873.88,887.12,2731.0452,0
2026-09-06T00:02:01.589789+00:00,daily,bitcoin-up-or-down-on-september-6-2026,0.515,0.5902896567053431,BUY_YES,1464.3678480279802,15.966225058611112,18463.278341,0.51,0.52,0.010000000000000009,369.38360000000006,3152.0036000000005,3585.478600000001,560.3,558.7,820.84,0
2026-09-06T00:11:31.508205+00:00,daily,bitcoin-up-or-down-on-september-6-2026,0.555,0.6451577631069899,BUY_YES,1854.9720841000003,15.8079143875,18549.720841000002,0.55,0.56,0.010000000000000009,822.1800000000001,2511.1574,5951.0838,468.71000000000004,397.29,2039.9164999999998,0
2026-09-06T00:21:29.955546+00:00,daily,bitcoin-up-or-down-on-september-6-2026,0.555,0.6218189086049657,BUY_YES,1404.9751955674012,15.641679015000001,18549.720841000002,0.55,0.56,0.010000000000000009,823.3,877.24,3950.1663999999996,232.36,196.64000000000001,794.4424,0
2026-09-06T00:31:36.119639+00:00,daily,bitcoin-up-or-down-on-september-6-2026,0.555,0.6212034801944527,BUY_YES,1390.9881862375607,15.473300100277779,18667.356395,0.55,0.56,0.010000000000000009,6299.922099999999,9266.622099999999,9734.8985,242.86,206.14000000000001,3858.9424,0
2026-09-06T00:41:28.617340+00:00,daily,bitcoin-up-or-down-on-september-6-2026,0.555,0.6191149436203203,BUY_YES,1343.5214459163687,15.308717405555557,19297.999243,0.55,0.56,0.010000000000000009,2419.6182,9490.3982,9984.124599999997,4227.92,3600.0800000000004,5273.8346,0
2026-09-06T00:51:31.204534+00:00,daily,bitcoin-up-or-down-on-september-6-2026,0.535,0.5922618360775254,BUY_YES,1136.1268712505507,15.14133207388889,19297.999243,0.53,0.54,0.010000000000000009,841.7900000000001,9348.022000000003,9833.257000000003,4237.070000000001,3907.93,5599.753,0
2026-09-06T01:01:52.183669+00:00,daily,bitcoin-up-or-down-on-september-6-2026,0.545,0.6175254263598727,BUY_YES,1500.5650302193933,14.968837869722222,20499.359033,0.54,0.55,0.010000000000000009,479.19000000000005,6488.449199999999,9654.9782,4523.120000000001,3998.8799999999997,5440.1088,0
2026-09-06T01:11:37.620004+00:00,daily,bitcoin-up-or-down-on-september-6-2026,0.595,0.6904813855049726,BUY_YES,2000.0,14.806216665555556,22816.219033,0.59,0.6,0.010000000000000009,2591.3633,10426.5141,10826.946899999999,4590.789999999999,3323.2099999999996,3545.95,0
2026-09-06T01:21:32.313606+00:00,daily,bitcoin-up-or-down-on-september-6-2026,0.565,0.6179779035355566,BUY_YES,1115.7651985013172,14.641023998333333,22816.219033,0.56,0.57,0.009999999999999898,478.28999999999996,2665.1072999999997,10181.445499999998,4654.670000000001,3796.3300000000004,5474.166200000001,0
2026-09-06T01:31:48.527247+00:00,daily,bitcoin-up-or-down-on-september-6-2026,0.565,0.6329783322297364,BUY_YES,1464.612377435732,14.469853542500001,23223.659274999998,0.56,0.57,0.009999999999999898,476.01,908.48,8313.818199999998,4971.55,4055.4500000000003,4111.110000000001,0
2026-09-06T01:41:37.438290+00:00,daily,bitcoin-up-or-down-on-september-6-2026,0.625,0.7185168811778487,BUY_YES,2000.0,14.306267141666668,23288.356947999997,0.62,0.63,0.010000000000000009,2556.0372,3082.7582,11535.6636,4608.66,2828.34,2922.308,0
2026-09-06T01:51:32.955934+00:00,daily,bitcoin-up-or-down-on-september-6-2026,0.575,0.6269978740272952,BUY_YES,1118.9970006498872,14.140845573888889,23288.356947999997,0.57,0.58,0.010000000000000009,423.45,6852.179999999999,10444.385,4811.714400000001,3768.2056000000002,5163.0031,0
2026-09-06T02:01:52.611586+00:00,daily,bitcoin-up-or-down-on-september-6-2026,0.585,0.6635375384496472,BUY_YES,1793.598498771885,13.96871900388889,23404.319867999995,0.58,0.59,0.010000000000000009,254.91,2408.8505,10747.4481,4452.154399999999,3229.7655999999997,4614.027599999999,0
2026-09-06T02:11:35.084914+00:00,daily,bitcoin-up-or-down-on-september-6-2026,0.585,0.6592866652206772,BUY_YES,1689.918663918958,13.806920857222222,23404.319868,0.58,0.59,0.010000000000000009,527.54,2836.2985,10927.2961,4715.4,3431.6,5283.054,0
2026-09-06T02:21:31.425575+00:00,daily,bitcoin-up-or-down-on-september-6-2026,0.575,0.6380318386123939,BUY_YES,1381.710443152236,13.64127067361111,23404.319868,0.57,0.58,0.010000000000000009,544.5699999999999,2783.098,10467.752999999999,4616.25,3495.75,5206.146000000001,0
2026-09-06T02:31:51.534398+00:00,daily,bitcoin-up-or-down-on-september-6-2026,0.5700000000000001,0.6396024406694508,BUY_YES,1419.1057302250204,13.469018222777777,23504.319868,0.56,0.58,0.019999999999999907,2618.7568999999994,2806.5568999999996,10324.4069,5170.66,4089.34,5544.2418,0
2026-09-06T02:41:29.409231+00:00,daily,bitcoin-up-or-down-on-september-6-2026,0.575,0.6546605567072452,BUY_YES,1777.6323025534582,13.308497435833335,23704.319868,0.57,0.58,0.010000000000000009,2694.1121,2883.7120999999997,10678.062100000001,4517.45,3422.55,5220.3855,0
2026-09-06T02:51:35.362662+00:00,daily,bitcoin-up-or-down-on-september-6-2026,0.54,0.5997632085616196,BUY_YES,1105.8490791471008,13.140177038333334,23704.319868,0.53,0.55,0.020000000000000018,743.2900000000001,7804.449999999999,7827.849999999999,4985.1508,4438.2092,4503.34,0
2026-09-06T03:01:55.358811+00:00,daily,bitcoin-up-or-down-on-september-6-2026,0.555,0.6330701363846658,BUY_YES,1660.684917833313,12.967955885833334,23749.242674,0.55,0.56,0.010000000000000009,791.64,2836.9694,10124.114399999999,4474.27,3675.73,5526.0213,0
2026-09-06T03:11:37.400036+00:00,daily,bitcoin-up-or-down-on-september-6-2026,0.565,0.6411856320150833,BUY_YES,1655.4798143042633,12.806277767777779,23805.852238999993,0.56,0.57,0.009999999999999898,913.4299999999998,1098.1,8438.223000000002,4596.875,3624.625,4004.125,0
2026-09-06T03:21:32.571942+00:00,daily,bitcoin-up-or-down-on-september-6-2026,0.585,0.6675027972772422,BUY_YES,1890.312128713224,12.640952238333332,23805.852238999993,0.58,0.59,0.010000000000000009,2697.4605,2885.3405000000002,10503.618099999998,5017.799999999999,3659.2,5348.6988,0
2026-09-06T03:31:48.380791+00:00,daily,bitcoin-up-or-down-on-september-6-2026,0.585,0.6538534712484331,BUY_YES,1557.401737766661,12.469894224722221,24452.63223899999,0.58,0.59,0.010000000000000009,2446.8479999999995,2886.6579999999994,6128.6356,499.13,373.86999999999995,607.2547999999999,0
2026-09-06T03:41:40.196305+00:00,daily,bitcoin-up-or-down-on-september-6-2026,0.635,0.7369232398323071,BUY_YES,2000.0,12.305501026388889,25610.767951999995,0.63,0.64,0.010000000000000009,2542.3926,6188.589,11454.232600000003,5758.43,3400.5699999999997,3533.95,0
2026-09-06T03:51:29.216201+00:00,daily,bitcoin-up-or-down-on-september-6-2026,0.635,0.7039803351865357,BUY_YES,1777.2315329593246,12.14188438861111,25610.767951999995,0.63,0.64,0.010000000000000009,2494.5955999999996,6061.8956,11516.440200000001,5123.34,3133.66,3279.52,0
2026-09-06T04:01:54.534928+00:00,daily,bitcoin-up-or-down-on-september-6-2026,0.645,0.7175169795228669,BUY_YES,1929.0565577961954,11.968184742222222,26651.06976499999,0.64,0.65,0.010000000000000009,2548.0065,6199.5064999999995,11359.7391,5593.8,3166.2,3293.12,0
2026-09-06T04:11:19.251631+00:00,daily,bitcoin-up-or-down-on-september-6-2026,0.615,0.6759164239347394,BUY_YES,1471.4848403878786,11.81131899138889,26740.694764999993,0.61,0.62,0.010000000000000009,2920.7668000000003,3080.7668000000003,11021.7168,5173.4,3330.6,3556.92,0
2026-09-06T04:21:35.717952+00:00,daily,bitcoin-up-or-down-on-september-6-2026,0.595,0.6515887828380462,BUY_YES,1289.7195709511561,11.640078346666668,26740.694764999993,0.59,0.6,0.010000000000000009,10113.734,10134.373800000001,10145.6488,37.26,26.74,144.56,0
2026-09-06T04:31:56.101834+00:00,daily,bitcoin-up-or-down-on-september-6-2026,0.575,0.6354683892576063,BUY_YES,1320.6759347049124,11.467749490555555,29438.770671999995,0.57,0.58,0.010000000000000009,2617.9694,5805.091399999999,10168.266399999999,4352.5599999999995,3289.4399999999996,3884.7899999999995,0
2026-09-06T04:41:30.511465+00:00,daily,bitcoin-up-or-down-on-september-6-2026,0.565,0.630699932905238,BUY_YES,1411.626346633442,11.308191259722221,29549.940671999993,0.56,0.57,0.009999999999999898,392.97999999999996,865.5699999999999,8268.869999999999,4900.680000000001,3864.32,5668.9276,0
2026-09-06T04:51:36.735164+00:00,daily,bitcoin-up-or-down-on-september-6-2026,0.555,0.6199385093171115,BUY_YES,1362.2388481161688,11.139795787777778,29549.940671999993,0.55,0.56,0.010000000000000009,407.89,5484.328399999999,9719.5484,4549.781500000001,3739.3485,5701.5233,0
2026-09-06T05:02:30.771297+00:00,daily,bitcoin-up-or-down-on-september-6-2026,0.545,0.6098874985338069,BUY_YES,1330.8333007512629,10.958119084166666,29753.809837,0.54,0.55,0.010000000000000009,635.47,5275.6233999999995,9904.6234,4442.5681,3801.0418999999997,5597.4995,0
2026-09-06T05:11:38.135453+00:00,daily,bitcoin-up-or-down-on-september-6-2026,0.515,0.5740401354250068,BUY_YES,1125.8361546876406,10.806073485277777,29858.77966999999,0.51,0.52,0.010000000000000009,701.89,7752.670000000001,9617.2445,968.9150000000001,964.715,6667.8359,0
2026-09-06T05:21:38.033533+00:00,daily,bitcoin-up-or-down-on-september-6-2026,0.52,0.5836580903852385,BUY_YES,1141.661497558266,10.639435129722221,29858.77966999999,0.51,0.53,0.020000000000000018,9397.9704,9605.7989,9947.7989,4636.29,4624.669999999999,6458.507599999999,0
2026-09-06T05:31:43.482321+00:00,daily,bitcoin-up-or-down-on-september-6-2026,0.535,0.6216703537909651,BUY_YES,1775.442473716633,10.471254910833332,30111.779669999993,0.53,0.54,0.010000000000000009,702.2385000000002,9436.0713,9872.5814,565.69,519.06,4445.92,0
2026-09-06T05:41:32.143164+00:00,daily,bitcoin-up-or-down-on-september-6-2026,0.675,0.7896937018521045,BUY_YES,2000.0,10.30773801,30158.439305999993,0.67,0.68,0.010000000000000009,3706.3466,7298.8446,7876.944,194.27,97.73000000000002,224.43,0
2026-09-06T05:51:36.985186+00:00,daily,bitcoin-up-or-down-on-september-6-2026,0.625,0.6698574508026292,BUY_YES,1077.228400071058,10.139726337222223,30158.439305999993,0.62,0.63,0.010000000000000009,2381.2317000000003,5756.681700000001,10533.954700000002,109.85,70.15,2980.15,0
2026-09-06T06:02:02.616211+00:00,daily,bitcoin-up-or-down-on-september-6-2026,0.595,0.6461987468311523,BUY_YES,1154.9686707788082,9.96593994138889,31734.786665999996,0.59,0.6,0.010000000000000009,3121.3365999999996,6388.7366,10876.1616,4723.6984,3295.0616,3403.9376,0
2026-09-06T06:11:40.034519+00:00,daily,bitcoin-up-or-down-on-september-6-2026,0.585,0.6365556774771663,BUY_YES,1135.5043287113751,9.805545966944445,34379.14472,0.58,0.59,0.010000000000000009,2758.5119999999997,5971.992,10388.092,4899.013999999999,3556.1859999999997,3570.7059999999997,0
2026-09-06T06:21:41.507239+00:00,daily,bitcoin-up-or-down-on-september-6-2026,0.565,0.620204492432538,BUY_YES,1167.5463356404184,9.638470211388888,34379.14472,0.56,0.57,0.009999999999999898,232.85,2252.7149999999997,9548.915,4311.39,3396.61,3620.0872,0
2026-09-06T06:32:01.019268+00:00,daily,bitcoin-up-or-down-on-september-6-2026,0.515,0.5588155568829802,BUY_YES,808.6574350620879,9.466383536666667,36637.66914999999,0.51,0.52,0.010000000000000009,236.6956,8657.455600000001,9035.8556,1157.4,1144.6,5086.9,0
2026-09-06T06:41:39.400358+00:00,daily,bitcoin-up-or-down-on-september-6-2026,0.515,0.5783763809969008,BUY_YES,1216.1746041021,9.305722122777778,36791.222536,0.51,0.52,0.010000000000000009,3830.632,8417.8132,8794.9882,1423.5916,1410.5684,1665.5684,0
2026-09-06T06:51:30.749250+00:00,daily,bitcoin-up-or-down-on-september-6-2026,0.475,0.5209474089287438,BUY_YES,787.4501717066119,9.141458541666667,36791.222536,0.47,0.48,0.010000000000000009,3519.6468,3875.6468,8694.3996,2643.6492,3025.7508000000003,3039.5008000000003,0
2026-09-06T07:02:00.864320+00:00,daily,bitcoin-up-or-down-on-september-6-2026,0.475,0.5523354974905723,BUY_YES,1391.0672594340833,8.966426577777778,38138.193453999986,0.47,0.48,0.010000000000000009,247.04999999999998,3849.05,8585.1104,2471.558,2874.2520000000004,7243.452000000001,0
2026-09-06T07:11:33.162278+00:00,daily,bitcoin-up-or-down-on-september-6-2026,0.475,0.5308757457031809,BUY_YES,978.3797250611707,8.807454922777778,38766.575522999985,0.47,0.48,0.010000000000000009,3901.31,5481.755,8573.18,160.74,188.26000000000002,697.0100000000001,0
2026-09-06T07:21:43.544271+00:00,daily,bitcoin-up-or-down-on-september-6-2026,0.505,0.5889388805762424,BUY_YES,1610.997562780458,8.637904369166668,38766.575522999985,0.5,0.51,0.010000000000000009,468.6,574.6,9407.1592,4564.11,4578.89,6190.344,0
2026-09-06T07:31:46.099830+00:00,daily,bitcoin-up-or-down-on-september-6-2026,0.515,0.5825076224701675,BUY_YES,1302.2421347951563,8.470527825,48064.078099999984,0.51,0.52,0.010000000000000009,159.46,5747.266600000001,9036.063100000003,4143.69,4127.31,4418.01,0
2026-09-06T07:41:38.468145+00:00,daily,bitcoin-up-or-down-on-september-6-2026,0.515,0.5778585008050232,BUY_YES,1205.3854334379832,8.305981070833333,49155.39888299999,0.51,0.52,0.010000000000000009,198.15000000000003,1894.3494000000003,9097.570900000002,4361.59,4201.41,4318.71,0
2026-09-06T07:51:37.258727+00:00,daily,bitcoin-up-or-down-on-september-6-2026,0.515,0.5703127773742858,BUY_YES,1048.1828619642863,8.139650353611112,49155.39888299999,0.51,0.52,0.010000000000000009,4190.216,8645.5994,8854.4494,772.05,766.95,4525.650000000001,0
2026-09-06T08:02:09.673127+00:00,daily,bitcoin-up-or-down-on-september-6-2026,0.515,0.5665141788612275,BUY_YES,969.0453929422384,7.963979686944445,49385.848883000006,0.51,0.52,0.010000000000000009,629.7572,3363.7934,3901.2184,206.45,146.55,817.2,0
2026-09-06T08:11:31.273070+00:00,daily,bitcoin-up-or-down-on-september-6-2026,0.555,0.6334852629581086,BUY_YES,1670.1196126842854,7.807979702777778,49504.928882999986,0.55,0.56,0.010000000000000009,72.5543,285.9943,7673.621799999999,4227.240000000001,3462.76,3642.7700000000004,0
2026-09-06T08:21:29.799085+00:00,daily,bitcoin-up-or-down-on-september-6-2026,0.515,0.5592796945922034,BUY_YES,818.3269706709036,7.641722476388889,49504.928882999986,0.51,0.52,0.010000000000000009,51.5983,4077.8383000000003,7615.5228,4412.66,4406.34,4746.0,0
2026-09-06T08:31:49.694306+00:00,daily,bitcoin-up-or-down-on-september-6-2026,0.495,0.5422893188328364,BUY_YES,845.7863766567276,7.4695293594444445,49863.12567399999,0.49,0.5,0.010000000000000009,89.75,216.1048,8569.335500000001,4206.24,4549.76,5116.33,0
2026-09-06T08:41:52.067272+00:00,daily,bitcoin-up-or-down-on-september-6-2026,0.49,0.543268634029803,BUY_YES,865.3726805960594,7.302203535555556,49889.12567399999,0.48,0.5,0.020000000000000018,8081.976299999999,8122.5363,8190.4846,240.9628,267.1472,469.10720000000003,0
2026-09-06T08:51:32.704941+00:00,daily,bitcoin-up-or-down-on-september-6-2026,0.495,0.556039779221636,BUY_YES,1120.7955844327212,7.140915294166667,49889.12567399999,0.49,0.5,0.010000000000000009,134.01,5380.992,8593.6903,128.55,138.45,4472.79,0
2026-09-06T09:01:58.820900+00:00,daily,bitcoin-up-or-down-on-september-6-2026,0.525,0.5996826394311776,BUY_YES,1482.6093495995233,6.966994194444445,50418.91028799999,0.52,0.53,0.010000000000000009,82.41460000000001,5631.0346,8804.7095,653.7,616.3,4241.3,0
2026-09-06T09:11:35.109811+00:00,daily,bitcoin-up-or-down-on-september-6-2026,0.575,0.6549012480187666,BUY_YES,1783.3630480658721,6.806913941388889,50913.050287999984,0.57,0.58,0.010000000000000009,1859.2942999999998,4937.2943,10191.751799999998,5019.049999999999,3806.9500000000003,3945.1000000000004,0
2026-09-06T09:21:35.375714+00:00,daily,bitcoin-up-or-down-on-september-6-2026,0.625,0.704139881127612,BUY_YES,2000.0,6.640173412777777,50913.050287999984,0.62,0.63,0.010000000000000009,5282.9591,5502.6591,10844.0541,5227.38,3211.62,3335.22,0
2026-09-06T09:31:49.038461+00:00,daily,bitcoin-up-or-down-on-september-6-2026,0.655,0.7260615437134743,BUY_YES,1942.9865798080675,6.4697115386111115,57371.11732299997,0.65,0.66,0.010000000000000009,5794.1888,6134.1888,11767.4528,5315.85,2878.1499999999996,3135.0372999999995,0
2026-09-06T09:41:33.895936+00:00,daily,bitcoin-up-or-down-on-september-6-2026,0.585,0.625033861800538,BUY_YES,854.484434159464,6.307251128888889,61675.03814399999,0.58,0.59,0.010000000000000009,500.0,3733.0,10907.9456,4841.7,3517.3,3763.26,0
2026-09-06T09:51:34.934319+00:00,daily,bitcoin-up-or-down-on-september-6-2026,0.545,0.590473651876198,BUY_YES,899.4144861377334,6.1402960225,61675.03814399999,0.54,0.55,0.010000000000000009,413.99750000000006,533.6975,8258.5775,4565.27,4031.7299999999996,4597.65,0
2026-09-06T10:02:00.160418+00:00,daily,bitcoin-up-or-down-on-september-6-2026,0.585,0.6586624240235853,BUY_YES,1674.6932688679353,5.966622106111111,62902.83136599999,0.58,0.59,0.010000000000000009,23.799999999999997,78.69999999999999,10735.4778,5266.219999999999,3825.7799999999997,5265.9836,0
2026-09-06T10:11:37.734648+00:00,daily,bitcoin-up-or-down-on-september-6-2026,0.63,0.6995474658324259,BUY_YES,1654.096273122941,5.8061848199999995,63784.26564999999,0.62,0.64,0.020000000000000018,9879.342400000001,10246.3024,10935.832,4848.99,3093.01,3439.8100000000004,0
2026-09-06T10:21:35.836391+00:00,daily,bitcoin-up-or-down-on-september-6-2026,0.67,0.7420293600517711,BUY_YES,1938.4175016178465,5.640045446944444,63784.26564999999,0.66,0.68,0.020000000000000018,5571.8482,6159.386200000001,11892.4206,5614.5,2906.5,3016.3,0
2026-09-06T10:31:49.454462+00:00,daily,bitcoin-up-or-down-on-september-6-2026,0.6799999999999999,0.7397945022768919,BUY_YES,1606.274266996515,5.469595982777777,64219.064996999994,0.67,0.69,0.019999999999999907,6079.051799999999,6509.553199999999,11893.287799999998,5494.0,2716.0000000000005,2991.4500000000003,0
2026-09-06T10:41:37.709351+00:00,daily,bitcoin-up-or-down-on-september-6-2026,0.695,0.7554127946856758,BUY_YES,1847.0931561891941,5.3061918469444445,65347.187052999994,0.69,0.7,0.010000000000000009,5917.1034,6067.8282,11539.322999999999,5463.37,2460.63,2619.03,0
2026-09-06T10:51:40.577024+00:00,daily,bitcoin-up-or-down-on-september-6-2026,0.685,0.7418847278476708,BUY_YES,1673.7008983119622,5.138728604444445,65347.187052999994,0.68,0.69,0.009999999999999898,5642.1942,6276.2242,11769.588800000001,5157.000000000001,2428.0,2657.33,0
2026-09-06T11:01:56.596714+00:00,daily,bitcoin-up-or-down-on-september-6-2026,0.67,0.7220225530590038,BUY_YES,1313.2047830938664,4.967612023888889,65922.12430999998,0.66,0.68,0.020000000000000018,3946.3999999999996,4086.3999999999996,9452.9198,5398.555,2789.945,3220.8650000000002,0
2026-09-06T11:11:30.704987+00:00,daily,bitcoin-up-or-down-on-september-6-2026,0.675,0.7249779380718205,BUY_YES,1405.5605647443906,4.8081375036111105,69614.38103799998,0.67,0.68,0.010000000000000009,5965.2396,11075.2396,11960.539400000001,5478.03,2820.9700000000003,3042.17,0
2026-09-06T11:21:35.064811+00:00,daily,bitcoin-up-or-down-on-september-6-2026,0.655,0.714160211762859,BUY_YES,1592.9474047899712,4.640259774722222,69614.38103799998,0.65,0.66,0.010000000000000009,5622.7455,5988.5855,6799.535500000001,333.6,186.4,474.63,0
2026-09-06T11:31:50.543911+00:00,daily,bitcoin-up-or-down-on-september-6-2026,0.635,0.6812386388231756,BUY_YES,1145.5177450882106,4.469293358055555,70122.84573599997,0.63,0.64,0.010000000000000009,5383.778,5647.778,5865.138,1055.0431999999998,638.3168,794.3168,0
2026-09-06T11:41:34.499928+00:00,daily,bitcoin-up-or-down-on-september-6-2026,0.645,0.7074658177910736,BUY_YES,1641.8805083163898,4.307083353333334,70473.49001399995,0.64,0.65,0.010000000000000009,3497.0,3631.0,4022.415,721.5999999999999,413.4,519.5568,0
2026-09-06T11:51:34.033749+00:00,daily,bitcoin-up-or-down-on-september-6-2026,0.685,0.7542915530048365,BUY_YES,2000.0,4.140546180833334,70473.49001399995,0.68,0.69,0.009999999999999898,5252.4072,5400.4067,6057.999999999999,921.77,444.23,659.11,0
2026-09-06T12:01:54.600686+00:00,daily,bitcoin-up-or-down-on-september-6-2026,0.645,0.697415723257224,BUY_YES,1354.7349502063996,3.968166476111111,70844.06251399996,0.64,0.65,0.010000000000000009,5221.51,5226.481400000001,5604.981200000001,1272.47,728.53,825.3768,0
2026-09-06T12:11:28.897970+00:00,daily,bitcoin-up-or-down-on-september-6-2026,0.59,0.6370250648759186,BUY_YES,925.6266218979653,3.808639452777778,71961.12367899997,0.58,0.6,0.020000000000000018,4340.0,9337.8324,9624.310799999997,820.8899999999999,601.11,905.59,0
2026-09-06T12:21:42.316446+00:00,daily,bitcoin-up-or-down-on-september-6-2026,0.695,0.7723035134028681,BUY_YES,2000.0,3.6382454316666664,74903.53138199997,0.69,0.7,0.010000000000000009,2064.6409,10788.0025,11348.099199999999,880.7171,402.0129,562.8615,0
2026-09-06T12:31:42.738296+00:00,daily,bitcoin-up-or-down-on-september-6-2026,0.725,0.7892497871257698,BUY_YES,2000.0,3.4714615844444445,74903.53138199997,0.72,0.73,0.010000000000000009,2149.731,2179.0860000000002,12016.176499999998,5481.081999999999,2214.9179999999997,2275.8689999999997,0
2026-09-06T12:41:30.591058+00:00,daily,bitcoin-up-or-down-on-september-6-2026,0.715,0.7691135790449514,BUY_YES,1754.0563944625494,3.3081691505555555,75016.31804699996,0.71,0.72,0.010000000000000009,7284.7420999999995,11015.644499999999,11223.6498,3.55,1.45,62.231700000000004,0
2026-09-06T12:51:36.146362+00:00,daily,bitcoin-up-or-down-on-september-6-2026,0.685,0.7367862105811973,BUY_YES,1509.232599393463,3.139959343888889,75016.31804699996,0.68,0.69,0.009999999999999898,242.41249999999997,7308.1763,11204.3176,121.93460000000002,57.4454,2558.8968000000004,0
2026-09-06T13:01:58.947579+00:00,daily,bitcoin-up-or-down-on-september-6-2026,0.665,0.7150523669090787,BUY_YES,1365.2232396690504,2.9669590058333335,75090.88679699997,0.66,0.67,0.010000000000000009,6581.2854,10105.7364,10123.754899999998,14.183600000000002,7.526399999999999,44.178,0
2026-09-06T13:11:34.412699+00:00,daily,bitcoin-up-or-down-on-september-6-2026,0.65,0.709792981611304,BUY_YES,1464.499459155999,2.807107583611111,77642.02567899997,0.64,0.66,0.020000000000000018,6610.8763,6750.2762999999995,10381.7848,68.82339999999999,38.816599999999994,114.8166,0
2026-09-06T13:21:44.717431+00:00,daily,bitcoin-up-or-down-on-september-6-2026,0.535,0.5665768985745278,NO_TRADE,0.0,2.637578491388889,79063.53440099998,0.53,0.54,0.010000000000000009,4190.6,4305.400000000001,8995.7036,363.12,332.88,1979.3289999999997,0
2026-09-06T13:31:52.809700+00:00,daily,bitcoin-up-or-down-on-september-6-2026,0.485,0.5364712379213457,BUY_YES,911.2007435557973,2.468663972222222,79063.53440099998,0.48,0.49,0.010000000000000009,36.6,72.30000000000001,4632.7349,673.8632,744.4768,923.1790000000001,0
2026-09-06T13:41:37.960293+00:00,daily,bitcoin-up-or-down-on-september-6-2026,0.5,0.5617199198064624,BUY_YES,1055.5085674788245,2.3061221408333332,81027.00932199997,0.49,0.51,0.020000000000000018,217.6331,371.33310000000006,1816.6583000000003,643.8436,681.9764,2153.8500000000004,0
2026-09-06T13:51:36.602163+00:00,daily,bitcoin-up-or-down-on-september-6-2026,0.495,0.5541128202269703,BUY_YES,1082.2564045394056,2.1398327325,88315.033866,0.49,0.5,0.010000000000000009,274.522,287.522,520.312,357.64,385.36,829.5,0
2026-09-06T14:01:54.345806+00:00,daily,bitcoin-up-or-down-on-september-6-2026,0.535,0.6054148475038894,BUY_YES,1422.0619022584647,1.968237276111111,88315.033866,0.53,0.54,0.010000000000000009,124.7587,309.98990000000003,2075.3768,358.9787,319.81129999999996,1776.0765999999999,0
2026-09-06T14:11:34.496692+00:00,daily,bitcoin-up-or-down-on-september-6-2026,0.455,0.4927849437492497,BUY_YES,607.128587949068,1.8070842522222224,90494.077732,0.45,0.46,0.010000000000000009,459.97450000000003,873.3025,2646.2214000000004,73.05,91.95,1545.4044,0
2026-09-06T14:21:35.288553+00:00,daily,bitcoin-up-or-down-on-september-6-2026,0.255,0.25634015990405085,NO_TRADE,0.0,1.6401976241666665,90494.077732,0.25,0.26,0.010000000000000009,132.85000000000002,2198.4296,2246.4170999999997,106.85,338.15,5878.292299999999,0
2026-09-06T14:31:44.653988+00:00,daily,bitcoin-up-or-down-on-september-6-2026,0.16999999999999998,0.1626773740258769,NO_TRADE,0.0,1.4709294477777777,100893.36093000001,0.16,0.18,0.01999999999999999,0.8999999999999999,36.9,331.1674,73.66,387.34,978.1599999999999,0
2026-09-06T14:41:36.036511+00:00,daily,bitcoin-up-or-down-on-september-6-2026,0.395,0.46525940579619063,BUY_YES,1087.6567632698436,1.3066565247222222,113943.18211799998,0.39,0.4,0.010000000000000009,298.3632,3301.3632,4478.2546999999995,168.13,270.87,4769.07,0
2026-09-06T14:51:37.466449+00:00,daily,bitcoin-up-or-down-on-september-6-2026,0.275,0.3062165922810566,NO_TRADE,0.0,1.1395926530555556,120936.37956400003,0.25,0.3,0.04999999999999999,188.31,2491.67,2785.8920000000003,1823.0,5477.0,5477.0,0
2026-09-06T15:02:00.192434+00:00,daily,bitcoin-up-or-down-on-september-6-2026,0.045,0.03383586664151566,NO_TRADE,0.0,0.9666132127777778,120936.37956400003,0.04,0.05,0.010000000000000002,18.28,19.4798,60.9856,99.6261,3199.2439,6476.6775,0
2026-09-06T15:11:37.364618+00:00,daily,bitcoin-up-or-down-on-september-6-2026,0.09,0.09426771343399662,NO_TRADE,0.0,0.806287606111111,127719.88742899998,0.08,0.1,0.020000000000000004,86.70920000000001,137.10920000000002,189.0492,73.6593,954.3307,1543.7107,0
2026-09-06T15:21:34.691358+00:00,daily,bitcoin-up-or-down-on-september-6-2026,0.125,0.1481672714099821,NO_TRADE,0.0,0.6403635116666666,133414.79445599997,0.12,0.13,0.010000000000000009,10.4,37.064,401.33000000000004,141.39,1107.6100000000001,1107.6100000000001,0
2026-09-06T15:31:51.661049+00:00,daily,bitcoin-up-or-down-on-september-6-2026,0.1,0.10604745744195208,NO_TRADE,0.0,0.46898304194444446,133414.79445599997,0.09,0.11,0.020000000000000004,30.64,37.4,1105.105,393.34150000000005,4000.0085000000004,4000.0085000000004,0
2026-09-06T15:41:31.864804+00:00,daily,bitcoin-up-or-down-on-september-6-2026,0.175,0.1997456700499866,NO_TRADE,0.0,0.3078153322222222,144077.29373899993,0.17,0.18,0.009999999999999981,55.801,55.801,1589.8142,561.6336,2942.3264,2962.0463999999997,0
2026-09-06T15:51:38.334661+00:00,daily,bitcoin-up-or-down-on-september-6-2026,0.11,0.11710028462803074,NO_TRADE,0.0,0.13935148305555556,157837.39094899996,0.09,0.13,0.04000000000000001,929.86,986.26,1742.6054,49.2006,519.1394,10552.091000000002,0
2026-09-06T16:01:53.997148+00:00,daily,bitcoin-up-or-down-on-september-7-2026,0.495,0.5696111769363913,NO_TRADE,0.0,23.968334125555558,209.061833,0.49,0.5,0.010000000000000009,4611.795,4705.4418000000005,5130.573300000001,5.9976,6.2424,59.1841,0
2026-09-06T16:11:35.122120+00:00,daily,bitcoin-up-or-down-on-september-7-2026,0.485,0.5509786067173881,BUY_YES,913.1405622999999,23.80691052222222,9131.405622999999,0.48,0.49,0.010000000000000009,4842.665,6379.856,9411.392899999999,923.0799999999999,1008.9200000000001,2790.7904000000003,0
2026-09-06T16:21:35.028372+00:00,daily,bitcoin-up-or-down-on-september-7-2026,0.495,0.5815987383596652,BUY_YES,913.1405622999999,23.640269896666666,9131.405622999999,0.49,0.5,0.010000000000000009,5732.8684,8386.132000000001,8801.919300000001,747.0799999999999,808.9200000000001,1205.89,0
2026-09-06T16:31:52.820121+00:00,daily,bitcoin-up-or-down-on-september-7-2026,0.485,0.5514480029300906,BUY_YES,977.1283803000001,23.468661077500002,9771.283803,0.48,0.49,0.010000000000000009,4751.245,4991.6284,9345.343700000001,2299.3674,2552.0526,6453.7308,0
2026-09-06T16:41:32.697009+00:00,daily,bitcoin-up-or-down-on-september-7-2026,0.495,0.5716456871785696,BUY_YES,997.0145789000001,23.307584164166666,9970.145789,0.49,0.5,0.010000000000000009,4266.5184,4994.222,8633.2278,1134.1884,1191.3916,5236.881600000001,0
2026-09-06T16:51:43.435683+00:00,daily,bitcoin-up-or-down-on-september-7-2026,0.495,0.5594270284681344,BUY_YES,1010.2106572000001,23.137934532499997,10102.106572,0.49,0.5,0.010000000000000009,4876.1884,8808.106,9479.5918,915.2430999999999,969.3669,2532.8404,0
2026-09-06T17:02:00.801862+00:00,daily,bitcoin-up-or-down-on-september-7-2026,0.485,0.5475189743225112,BUY_YES,1010.2106572000001,22.966443927222222,10102.106572,0.48,0.49,0.010000000000000009,5434.612,9137.2885,9568.8254,903.7284,995.8516,2600.8072,0
2026-09-06T17:11:39.214818+00:00,daily,bitcoin-up-or-down-on-september-7-2026,0.46499999999999997,0.5139393703160455,BUY_YES,829.0447229442558,22.80577366166667,10128.010652,0.46,0.47,0.009999999999999953,5261.852999999999,6390.602299999999,6882.514299999999,18.200000000000003,21.8,2067.7992000000004,0
2026-09-06T17:21:46.268701+00:00,daily,bitcoin-up-or-down-on-september-7-2026,0.485,0.5829291835916269,BUY_YES,1012.8010652000002,22.637147583055558,10128.010652,0.48,0.49,0.010000000000000009,4658.995,5096.7483999999995,9245.599699999999,2049.0833999999995,2281.1366,6422.5748,0
2026-09-06T17:31:44.876139+00:00,daily,bitcoin-up-or-down-on-september-7-2026,0.485,0.5442710767019141,BUY_YES,1064.138758861061,22.470867739166668,10679.631365000001,0.48,0.49,0.010000000000000009,4653.525,5982.437099999999,9031.733999999999,388.89,438.11,2074.148,0
2026-09-06T17:41:35.487420+00:00,daily,bitcoin-up-or-down-on-september-7-2026,0.495,0.5802305361473973,BUY_YES,1203.745444,22.30680905,12037.45444,0.49,0.5,0.010000000000000009,165.6584,4779.842000000001,9903.405,6093.003199999999,6507.6768,9168.2768,0
2026-09-06T17:51:37.257853+00:00,daily,bitcoin-up-or-down-on-september-7-2026,0.495,0.5664073003162802,BUY_YES,1227.1954440000002,22.13965059638889,12271.954440000001,0.49,0.5,0.010000000000000009,163.10840000000002,4777.292,9796.7248,2494.3295000000003,2617.2205,9358.8205,0
2026-09-06T18:02:02.041019+00:00,daily,bitcoin-up-or-down-on-september-7-2026,0.495,0.5670963563811291,BUY_YES,1227.1954440000002,21.966099716944445,12271.954440000001,0.49,0.5,0.010000000000000009,165.6584,4779.842000000001,9748.4342,5978.886699999999,6390.9433,9263.543300000001,0
2026-09-06T18:11:41.273322+00:00,daily,bitcoin-up-or-down-on-september-7-2026,0.515,0.6068227702252581,BUY_YES,1233.8777968000004,21.805201855000004,12338.777968000002,0.51,0.52,0.010000000000000009,125.06070000000001,295.52250000000004,7350.9871,9142.164999999999,9095.045,9105.245,0
2026-09-06T18:21:36.557186+00:00,daily,bitcoin-up-or-down-on-september-7-2026,0.535,0.6222245035876234,BUY_YES,1233.8777968000004,21.63984522611111,12338.777968000002,0.53,0.54,0.010000000000000009,392.2343000000001,5277.0639,6097.6945000000005,8304.580000000002,7521.42,7533.719,0
2026-09-06T18:31:52.515718+00:00,daily,bitcoin-up-or-down-on-september-7-2026,0.545,0.6366342416015075,BUY_YES,1249.3532303000002,21.46874563388889,12493.532303,0.54,0.55,0.010000000000000009,403.44210000000004,5671.4049,6251.8167,8034.8025,6981.9675,7389.9675,0
2026-09-06T18:41:36.151382+00:00,daily,bitcoin-up-or-down-on-september-7-2026,0.565,0.6478541170054944,BUY_YES,1329.8065154,21.30662461611111,13298.065154,0.56,0.57,0.009999999999999898,881.8871999999999,5701.7978,6278.3748,8681.748500000002,6971.521500000001,6983.223900000001,0
2026-09-06T18:51:37.120986+00:00,daily,bitcoin-up-or-down-on-september-7-2026,0.555,0.62639672453726,BUY_YES,1352.6565154,21.139688615,13526.565154,0.55,0.56,0.010000000000000009,668.98,5171.4272,5565.2592,8202.7661,6870.9439,6882.849,0
2026-09-06T19:02:01.258339+00:00,daily,bitcoin-up-or-down-on-september-7-2026,0.555,0.6223374762383728,BUY_YES,1352.6565154,20.966317128055554,13526.565154,0.55,0.56,0.010000000000000009,5428.5792,5669.6678,8944.8598,1133.4876000000002,956.9524,7050.1875,0
2026-09-06T19:11:35.544500+00:00,daily,bitcoin-up-or-down-on-september-7-2026,0.545,0.5968169954399692,BUY_YES,1040.3776764437603,20.80679319444444,13573.231818,0.54,0.55,0.010000000000000009,4919.026800000001,5357.755800000001,8811.909,1672.7449000000001,1460.5851,7536.9051,0
2026-09-06T19:21:37.961009+00:00,daily,bitcoin-up-or-down-on-september-7-2026,0.535,0.5954865797044818,BUY_YES,1206.2299935756912,20.639455275277776,13695.017531,0.53,0.54,0.010000000000000009,1180.93,1477.0468,4714.885,670.1849000000001,603.1451,1320.5540999999998,0
2026-09-06T19:31:51.950995+00:00,daily,bitcoin-up-or-down-on-september-7-2026,0.535,0.6048300934755243,BUY_YES,1369.5017531,20.468902501388886,13695.017531,0.53,0.54,0.010000000000000009,5222.472000000001,5518.5888,9896.142600000001,2399.7816000000003,2199.7983999999997,6144.8374,0
2026-09-06T19:41:34.109728+00:00,daily,bitcoin-up-or-down-on-september-7-2026,0.525,0.5866315200559894,BUY_YES,1204.9259586380717,20.307191742222223,14525.294125,0.52,0.53,0.010000000000000009,5298.22,5397.462,8370.6764,757.7610000000001,715.3389999999999,7044.839,0
2026-09-06T19:51:37.593691+00:00,daily,bitcoin-up-or-down-on-september-7-2026,0.525,0.6010120566508216,BUY_YES,1452.5294125,20.139557308055554,14525.294125,0.52,0.53,0.010000000000000009,1684.7071,5633.9491,8662.7159,812.76,760.24,7039.74,0
2026-09-06T20:01:57.963008+00:00,daily,bitcoin-up-or-down-on-september-7-2026,0.525,0.6012346001532769,BUY_YES,1454.7804125000002,19.967232497777776,14547.804125000002,0.52,0.53,0.010000000000000009,1252.8295,5499.6215,8607.8683,979.0500000000001,927.9499999999999,7037.95,0
2026-09-06T20:11:38.032524+00:00,daily,bitcoin-up-or-down-on-september-7-2026,0.525,0.5858896036690792,BUY_YES,1189.1405035974287,19.80610207666667,14567.804125,0.52,0.53,0.010000000000000009,5406.0708,5512.4628,8663.4947,241.38920000000002,231.8208,961.3208,0
2026-09-06T20:21:40.937474+00:00,daily,bitcoin-up-or-down-on-september-7-2026,0.535,0.6473901959240868,BUY_YES,1466.4125619000001,19.638628479444442,14664.125619,0.53,0.54,0.010000000000000009,1512.5702,1885.2894000000001,6354.925799999999,7336.0492,6650.1608,6855.9608,0
2026-09-06T20:31:40.998859+00:00,daily,bitcoin-up-or-down-on-september-7-2026,0.565,0.6681634901687579,BUY_YES,1466.4125619000001,19.47194476138889,14664.125619,0.56,0.57,0.009999999999999898,5738.4576,5776.9964,5941.7852,3497.7303,2851.3696999999997,6336.9920999999995,0
2026-09-06T20:41:35.004442+00:00,daily,bitcoin-up-or-down-on-september-7-2026,0.555,0.6238432869908589,BUY_YES,1450.983795246792,19.306943210555556,15601.130162000001,0.55,0.56,0.010000000000000009,1041.359,5443.3676,7110.687599999999,5003.0146,4203.1654,7647.010499999999,0
2026-09-06T20:51:37.256464+00:00,daily,bitcoin-up-or-down-on-september-7-2026,0.565,0.6379173212906041,BUY_YES,1560.1130162000002,19.13965098222222,15601.130162000001,0.56,0.57,0.009999999999999898,5659.9466,5946.285400000001,7953.3702,5449.5751,4397.3549,7891.2573,0
2026-09-06T21:02:00.983808+00:00,daily,bitcoin-up-or-down-on-september-7-2026,0.565,0.6515735941679334,BUY_YES,1727.6457433000005,18.966393386666667,17276.457433000003,0.56,0.57,0.009999999999999898,710.2166,5200.895399999999,5394.6842,8080.355500000001,6506.9145,6617.9769,0
2026-09-06T21:11:33.045120+00:00,daily,bitcoin-up-or-down-on-september-7-2026,0.585,0.6836492460204069,BUY_YES,1729.6457433000005,18.807487466666668,17296.457433000003,0.58,0.59,0.010000000000000009,5250.5148,5290.543,6002.280400000001,4633.0062,3386.6538,6692.989799999999,0
2026-09-06T21:21:36.928503+00:00,daily,bitcoin-up-or-down-on-september-7-2026,0.585,0.665780907438096,BUY_YES,1729.6457433000005,18.6397420825,17296.457433000003,0.58,0.59,0.010000000000000009,5422.376,5846.7042,6192.2196,4562.633,3416.987,6775.683,0
2026-09-06T21:31:47.038264+00:00,daily,bitcoin-up-or-down-on-september-7-2026,0.575,0.6229751660818237,BUY_YES,1023.218240043422,18.470267148888887,18549.811817000005,0.57,0.58,0.010000000000000009,7422.94,7482.016,10730.3279,231.84890000000001,182.12109999999998,678.2776,0
2026-09-06T21:41:36.171209+00:00,daily,bitcoin-up-or-down-on-september-7-2026,0.565,0.6479576456925971,BUY_YES,1812.9685044790021,18.306619108611113,19410.282768000005,0.56,0.57,0.009999999999999898,5456.643599999999,5533.921799999999,8819.6806,1169.1475,1115.9725,6932.414900000001,0
2026-09-06T21:51:33.413803+00:00,daily,bitcoin-up-or-down-on-september-7-2026,0.565,0.6473714355558594,BUY_YES,1799.3357106013825,18.140718388055554,19410.282768000005,0.56,0.57,0.009999999999999898,6219.4194,6296.6975999999995,9575.0946,15.831500000000002,12.5385,2409.3409,0
2026-09-06T22:02:01.464786+00:00,daily,bitcoin-up-or-down-on-september-7-2026,0.565,0.6350111652945305,BUY_YES,1511.8875649890824,17.96625978166667,20203.029739999998,0.56,0.57,0.009999999999999898,1611.8419999999999,1925.1201999999998,5197.8672,466.98150000000004,374.3885,2909.1909,0
2026-09-06T22:11:30.229309+00:00,daily,bitcoin-up-or-down-on-september-7-2026,0.495,0.5037502217746589,NO_TRADE,0.0,17.80826963638889,20272.38149900001,0.49,0.5,0.010000000000000009,971.98,1452.98,6143.8099999999995,2000.7132000000001,2151.1268,2634.4868,0
2026-09-06T22:21:41.552452+00:00,daily,bitcoin-up-or-down-on-september-7-2026,0.495,0.5663390321327424,BUY_YES,1326.780642654848,17.638457652222222,21271.87130100001,0.49,0.5,0.010000000000000009,2901.4,3417.76,3513.7952000000005,408.2981,442.29190000000006,945.2619000000001,0
2026-09-06T22:31:45.336826+00:00,daily,bitcoin-up-or-down-on-september-7-2026,0.535,0.664459392093937,BUY_YES,2000.0,17.470739770555557,21271.87130100001,0.53,0.54,0.010000000000000009,4662.6602,5080.1794,10369.228599999999,2550.9702,2265.3698,8281.5898,0
2026-09-06T22:41:32.645927+00:00,daily,bitcoin-up-or-down-on-september-7-2026,0.585,0.6959868840394162,BUY_YES,2000.0,17.307598353611112,21501.20249100001,0.58,0.59,0.010000000000000009,5580.415999999999,6123.084199999999,9835.3321,1412.7716999999998,1051.0383,3529.5582999999997,0
2026-09-06T22:51:36.217243+00:00,daily,bitcoin-up-or-down-on-september-7-2026,0.595,0.6869569520328589,BUY_YES,2000.0,17.139939654722223,21693.38938600001,0.59,0.6,0.010000000000000009,5689.494199999999,6186.938799999999,11937.6235,5752.586199999999,4154.8038,7646.7521,0
2026-09-06T23:01:55.418158+00:00,daily,bitcoin-up-or-down-on-september-7-2026,0.605,0.692835617773841,BUY_YES,2000.0,16.967939400555554,21693.38938600001,0.6,0.61,0.010000000000000009,502.74879999999996,807.4042,6095.9832,5199.2908,3590.8292,3849.5492,0
2026-09-06T23:11:42.492130+00:00,daily,bitcoin-up-or-down-on-september-7-2026,0.665,0.767891724013237,BUY_YES,2000.0,16.804863297222223,22939.67339500001,0.66,0.67,0.010000000000000009,6578.6900000000005,6852.620000000001,7375.4458,4692.85,742.15,921.0699999999999,0
2026-09-06T23:21:35.816434+00:00,daily,bitcoin-up-or-down-on-september-7-2026,0.675,0.7365461858485122,BUY_YES,1767.0683077660042,16.640050990555554,23142.07594800001,0.67,0.68,0.010000000000000009,6213.379999999999,6489.179999999999,7272.0983,4504.4800000000005,2243.52,2628.87,0
2026-09-06T23:31:51.405158+00:00,daily,bitcoin-up-or-down-on-september-7-2026,0.655,0.7001327590759175,BUY_YES,1180.3752669387504,16.469054122777777,23142.07594800001,0.65,0.66,0.010000000000000009,1310.71,1477.31,1986.4066999999998,571.341,2117.799,2391.1587,0
2026-09-06T23:41:30.080777+00:00,daily,bitcoin-up-or-down-on-september-7-2026,0.725,0.8289437843361984,BUY_YES,2000.0,16.308310895277778,23455.714536000007,0.72,0.73,0.010000000000000009,2027.0,2073.2825,2806.3878999999997,4764.2684,1874.9516000000003,2159.9516000000003,0
2026-09-06T23:51:31.668790+00:00,daily,bitcoin-up-or-down-on-september-7-2026,0.745,0.7995654561386042,BUY_YES,1982.6182455441678,16.14120311388889,23455.714536000007,0.74,0.75,0.010000000000000009,1395.43,2005.6011,3066.5769,5599.61,2057.8900000000003,2230.9300000000003,0
2026-09-07T00:02:05.566199+00:00,daily,bitcoin-up-or-down-on-september-7-2026,0.695,0.7114292824777522,NO_TRADE,0.0,15.965120500277777,29381.521587000007,0.69,0.7,0.010000000000000009,836.13,836.13,1680.4081999999999,4317.71,2031.29,2238.86,0
2026-09-07T00:11:33.709289+00:00,daily,bitcoin-up-or-down-on-september-7-2026,0.735,0.8025431075485735,BUY_YES,2000.0,15.807302975277779,30866.377973000006,0.73,0.74,0.010000000000000009,987.62,1920.1399999999999,2057.5537999999997,4839.169999999999,1874.8300000000002,2064.4900000000002,0
2026-09-07T00:21:37.700363+00:00,daily,bitcoin-up-or-down-on-september-7-2026,0.655,0.6608286574886604,NO_TRADE,0.0,15.639527676944443,31536.02179000001,0.65,0.66,0.010000000000000009,5792.908600000001,6503.508600000001,6524.728600000001,3869.26,2164.74,5023.36,0
2026-09-07T00:31:49.331373+00:00,daily,bitcoin-up-or-down-on-september-7-2026,0.71,0.8022714293741562,BUY_YES,2000.0,15.469630174166667,31536.02179000001,0.7,0.72,0.020000000000000018,1437.9099999999999,1747.9699999999998,5716.87,4590.969999999999,2062.03,2335.63,0
2026-09-07T00:41:31.949544+00:00,daily,bitcoin-up-or-down-on-september-7-2026,0.655,0.695079839514326,BUY_YES,1031.7599857154685,15.307791793333333,31743.961790000005,0.65,0.66,0.010000000000000009,1179.19,1352.5900000000001,5334.9400000000005,559.5665,80.64349999999999,270.08349999999996,0
2026-09-07T00:52:03.650582+00:00,daily,bitcoin-up-or-down-on-september-7-2026,0.66,0.7227765422231992,BUY_YES,1599.289158278763,15.132319282777777,31756.78179,0.65,0.67,0.020000000000000018,970.6,1123.021,5168.5455,4430.360000000001,2478.64,2720.99,0
2026-09-07T01:01:58.100414+00:00,daily,bitcoin-up-or-down-on-september-7-2026,0.66,0.7195728996642705,BUY_YES,1502.2090807354691,14.967194329444444,31756.78179,0.65,0.67,0.020000000000000018,229.81,896.281,4649.2055,1256.58,691.42,696.2299999999999,0
2026-09-07T01:11:37.982824+00:00,daily,bitcoin-up-or-down-on-september-7-2026,0.635,0.6717693882838618,BUY_YES,882.4830078850495,14.806115882222223,31782.899435999996,0.63,0.64,0.010000000000000009,857.3184,1161.2484,4701.3694000000005,607.7726,358.9574,2808.5474000000004,0
2026-09-07T01:21:32.413661+00:00,daily,bitcoin-up-or-down-on-september-7-2026,0.575,0.6202384242739348,BUY_YES,958.057720807973,14.640996205277778,32197.792394999993,0.57,0.58,0.010000000000000009,439.31,687.11,4314.625,794.4817,623.3283,893.1348,0
2026-09-07T01:31:46.582855+00:00,daily,bitcoin-up-or-down-on-september-7-2026,0.585,0.6442991517536597,BUY_YES,1324.3695549673105,14.470393651388889,32197.792394999993,0.58,0.59,0.010000000000000009,5118.093,5370.023,5513.5804,154.1888,115.5112,857.7912,0
2026-09-07T01:41:39.082815+00:00,daily,bitcoin-up-or-down-on-september-7-2026,0.575,0.6200767462972001,BUY_YES,954.208245171432,14.305810329166667,33252.35833999999,0.57,0.58,0.010000000000000009,6039.891999999999,9047.692,9433.150699999998,42.430400000000006,33.2896,829.1460999999999,0
2026-09-07T01:51:34.247773+00:00,daily,bitcoin-up-or-down-on-september-7-2026,0.565,0.6252359580945355,BUY_YES,1284.557164989198,14.140486729722221,33734.345098999984,0.56,0.57,0.009999999999999898,1151.7799999999997,1545.3099999999997,5195.465700000001,1128.5100000000002,901.49,1185.9724,0
2026-09-07T02:01:56.594125+00:00,daily,bitcoin-up-or-down-on-september-7-2026,0.595,0.6765690576428995,BUY_YES,1914.226441072489,13.967612743055554,33734.345098999984,0.59,0.6,0.010000000000000009,956.2819999999999,3248.8311999999996,7065.1146,903.0695999999998,645.0504,2328.1607,0
2026-09-07T02:11:33.168532+00:00,daily,bitcoin-up-or-down-on-september-7-2026,0.545,0.5739875901441365,NO_TRADE,0.0,13.807453185555554,34354.46344699999,0.54,0.55,0.010000000000000009,863.7485,2960.1572,6231.719399999999,1484.054,1284.746,3089.0227999999997,0
2026-09-07T02:21:34.212077+00:00,daily,bitcoin-up-or-down-on-september-7-2026,0.595,0.6927887832602223,BUY_YES,2000.0,13.640496645277778,34628.98708999999,0.59,0.6,0.010000000000000009,120.3528,794.5718,5305.2052,1813.4483999999998,1271.5316,3423.6816,0
2026-09-07T02:31:47.187026+00:00,daily,bitcoin-up-or-down-on-september-7-2026,0.635,0.7152656757653127,BUY_YES,2000.0,13.470225826111111,34628.98708999999,0.63,0.64,0.010000000000000009,792.5184,1619.967,5309.3468,559.52,336.48,456.21000000000004,0
2026-09-07T02:41:32.071061+00:00,daily,bitcoin-up-or-down-on-september-7-2026,0.745,0.8508082690537897,BUY_YES,2000.0,13.30775803861111,34679.47348299998,0.74,0.75,0.010000000000000009,1376.45,2197.27,2610.9107999999997,413.23,147.77,407.06960000000004,0
2026-09-07T02:51:31.407682+00:00,daily,bitcoin-up-or-down-on-september-7-2026,0.705,0.7225284952336151,NO_TRADE,0.0,13.14127564388889,34679.47348299998,0.7,0.71,0.010000000000000009,1372.5817,2012.7917,2775.4125,5169.395999999999,2314.1839999999997,2443.7519999999995,0
2026-09-07T03:01:57.341955+00:00,daily,bitcoin-up-or-down-on-september-7-2026,0.575,0.5073639430649679,BUY_NO,1098.8781918426685,12.967405012499999,35525.422302999985,0.57,0.58,0.010000000000000009,690.3614,922.5614,1529.3554000000001,49.8332,37.8868,318.2548,0
2026-09-07T03:11:34.049990+00:00,daily,bitcoin-up-or-down-on-september-7-2026,0.565,0.5963247183870856,NO_TRADE,0.0,12.807208336111112,36328.675997999984,0.56,0.57,0.009999999999999898,5014.19,7964.19,8338.061,274.3752,224.1848,518.5848000000001,0
2026-09-07T03:21:33.821984+00:00,daily,bitcoin-up-or-down-on-september-7-2026,0.545,0.5968225318772231,BUY_YES,1040.500708382735,12.640605004444444,36783.59636499998,0.54,0.55,0.010000000000000009,1260.672,7401.601199999999,10591.993199999999,5788.6568,5129.4032,5419.803199999999,0
2026-09-07T03:31:46.192737+00:00,daily,bitcoin-up-or-down-on-september-7-2026,0.515,0.5459912980099607,NO_TRADE,0.0,12.470502017500001,36783.59636499998,0.51,0.52,0.010000000000000009,9281.3488,9464.4088,9477.6328,157.13,155.87,4370.2499,0
2026-09-07T03:41:31.365933+00:00,daily,bitcoin-up-or-down-on-september-7-2026,0.485,0.51047210440881,NO_TRADE,0.0,12.3079539075,37512.830207999985,0.48,0.49,0.010000000000000009,8963.72,8963.72,9181.119999999999,96.91799999999999,109.182,439.3002000000001,0
2026-09-07T03:51:29.728907+00:00,daily,bitcoin-up-or-down-on-september-7-2026,0.475,0.5139067339956843,BUY_YES,652.0525768400835,12.141741970277778,37512.830207999985,0.47,0.48,0.010000000000000009,4690.688,8721.558,9048.833,315.27000000000004,368.73,6572.279,0
2026-09-07T04:01:56.135805+00:00,daily,bitcoin-up-or-down-on-september-7-2026,0.475,0.5241417541375896,BUY_YES,848.8798872613381,11.967740054166667,37544.31412799999,0.47,0.48,0.010000000000000009,3993.2279999999996,5832.263,6155.563,125.63000000000001,146.37,6390.0085,0
2026-09-07T04:11:34.425763+00:00,daily,bitcoin-up-or-down-on-september-7-2026,0.46499999999999997,0.5193505434139225,BUY_YES,931.1423285645761,11.807103954722223,37686.97984099999,0.46,0.47,0.009999999999999953,6879.8647,8674.5926,8679.7926,150.2022,181.36780000000002,6585.483000000001,0
2026-09-07T04:21:38.213858+00:00,daily,bitcoin-up-or-down-on-september-7-2026,0.485,0.5478527827451175,BUY_YES,1134.3682891199512,11.639385039444443,37808.696435,0.48,0.49,0.010000000000000009,922.6,6413.101900000001,9518.7819,4253.4167,4778.8933,6932.964099999999,0
2026-09-07T04:31:49.770328+00:00,daily,bitcoin-up-or-down-on-september-7-2026,0.455,0.4767556821253695,NO_TRADE,0.0,11.469508242222222,37808.696435,0.45,0.46,0.010000000000000009,1448.2275,7581.288299999999,7725.887299999999,3854.7032,4901.076800000001,5564.955800000001,0
2026-09-07T04:41:36.723803+00:00,daily,bitcoin-up-or-down-on-september-7-2026,0.445,0.4913624277992644,BUY_YES,752.0441418048075,11.306465610277778,37889.156435000004,0.44,0.45,0.010000000000000009,228.1089,908.354,8781.3406,5281.7788,6814.381200000001,7300.3226,0
2026-09-07T04:51:31.437300+00:00,daily,bitcoin-up-or-down-on-september-7-2026,0.485,0.5511957700763059,BUY_YES,1199.9170603197247,11.141267416666667,37889.156435000004,0.48,0.49,0.010000000000000009,621.199,836.929,7784.402999999999,1132.4886999999999,1256.7213000000002,6000.4053,0
2026-09-07T05:01:57.613557+00:00,daily,bitcoin-up-or-down-on-september-7-2026,0.505,0.5615352713356943,BUY_YES,1051.740231340699,10.9673295675,38163.756361,0.5,0.51,0.010000000000000009,748.8019999999999,1106.6633,8359.4321,2500.8111,2580.5789,5789.0309,0
2026-09-07T05:11:37.275253+00:00,daily,bitcoin-up-or-down-on-september-7-2026,0.495,0.5304903993402623,BUY_YES,609.8079868052464,10.806312429722222,38590.376361,0.49,0.5,0.010000000000000009,1043.26,5560.942000000001,5757.251500000001,962.208,1036.892,5841.850799999999,0
2026-09-07T05:21:35.443093+00:00,daily,bitcoin-up-or-down-on-september-7-2026,0.555,0.6192475998871584,BUY_YES,1346.5363610717804,10.640154696388889,38590.376361,0.55,0.56,0.010000000000000009,4993.105199999999,8241.105199999998,8506.440199999997,1409.3776000000003,1167.0624,1552.1475,0
2026-09-07T05:31:51.133572+00:00,daily,bitcoin-up-or-down-on-september-7-2026,0.585,0.633106165129553,BUY_YES,1051.36988120861,10.469129563333334,40562.903418,0.58,0.59,0.010000000000000009,3753.3999999999996,6803.4,7652.509999999999,1358.56,997.44,1260.56,0
2026-09-07T05:41:37.959809+00:00,daily,bitcoin-up-or-down-on-september-7-2026,0.585,0.6296290786787971,BUY_YES,966.562894604809,10.306122275277778,41243.238704999996,0.58,0.59,0.010000000000000009,3753.3999999999996,7039.469999999999,7513.439999999999,1409.96,1036.04,1093.68,0
2026-09-07T05:51:35.036459+00:00,daily,bitcoin-up-or-down-on-september-7-2026,0.55,0.5756248187161406,NO_TRADE,0.0,10.140267650277776,41283.387209,0.54,0.56,0.020000000000000018,2908.7589000000003,8735.9203,8987.5485,1524.6203,1318.7197,5571.692500000001,0
2026-09-07T06:02:04.069655+00:00,daily,bitcoin-up-or-down-on-september-7-2026,0.525,0.545991679203495,NO_TRADE,0.0,9.965536206944444,41283.387209,0.52,0.53,0.010000000000000009,890.24,2887.0535,8524.7735,1159.5700000000002,1088.4299999999998,5776.209999999999,0
2026-09-07T06:11:39.433890+00:00,daily,bitcoin-up-or-down-on-september-7-2026,0.545,0.6005414089023026,BUY_YES,1123.1424200511674,9.805712808333332,41551.127467000006,0.54,0.55,0.010000000000000009,5807.856000000001,8714.856,8846.856,899.6800000000001,796.3199999999999,1086.7199999999998,0
2026-09-07T06:21:38.534748+00:00,daily,bitcoin-up-or-down-on-september-7-2026,0.51,0.5346877447521494,NO_TRADE,0.0,9.639295903333334,41551.127467000006,0.5,0.52,0.020000000000000018,7058.768200000001,7112.768200000001,7460.468200000001,489.74,504.26,5029.0088000000005,0
2026-09-07T06:31:49.657246+00:00,daily,bitcoin-up-or-down-on-september-7-2026,0.505,0.5501303640708728,BUY_YES,818.9870218545467,9.469539653888889,41586.84175100001,0.5,0.51,0.010000000000000009,251.8,5944.530000000001,6193.130000000001,712.5,737.5,3765.98,0
2026-09-07T06:41:33.784164+00:00,daily,bitcoin-up-or-down-on-september-7-2026,0.505,0.5526276754195474,BUY_YES,869.9525595825996,9.307282176666668,41618.04175099998,0.5,0.51,0.010000000000000009,983.14,8067.294900000001,8309.9549,787.81,815.19,4010.8500000000004,0
2026-09-07T06:51:29.402148+00:00,daily,bitcoin-up-or-down-on-september-7-2026,0.485,0.5249552522311655,BUY_YES,685.3971025718719,9.141832736666666,41618.04175099998,0.48,0.49,0.010000000000000009,1145.5091,7948.235900000001,8325.6359,749.77,844.23,1439.6124,0
2026-09-07T07:01:58.008876+00:00,daily,bitcoin-up-or-down-on-september-7-2026,0.475,0.5110826273626204,BUY_YES,597.7428338965474,8.967219756666667,41951.091552000005,0.47,0.48,0.010000000000000009,5345.5359,7916.0359,8241.7109,135.32080000000002,158.7992,484.0857,0
2026-09-07T07:11:44.869686+00:00,daily,bitcoin-up-or-down-on-september-7-2026,0.475,0.5253603016077936,BUY_YES,872.3134924575689,8.804202865,42462.65412500001,0.47,0.48,0.010000000000000009,1073.81,7905.200000000001,8284.7,211.40030000000002,245.08970000000005,3435.0897000000004,0
2026-09-07T07:21:43.229625+00:00,daily,bitcoin-up-or-down-on-september-7-2026,0.445,0.4574112572586641,NO_TRADE,0.0,8.637991770833333,42765.52355600001,0.44,0.45,0.010000000000000009,7178.7017,7615.3317,7947.4817,114.77919999999999,151.65079999999998,354.07079999999996,0
2026-09-07T07:31:48.845731+00:00,daily,bitcoin-up-or-down-on-september-7-2026,0.38,0.39436830318412935,NO_TRADE,0.0,8.469765074722222,42765.52355600001,0.37,0.39,0.020000000000000018,4212.0599999999995,6302.24,6798.71,2551.06,4504.9400000000005,6791.900000000001,0
2026-09-07T07:41:34.643825+00:00,daily,bitcoin-up-or-down-on-september-7-2026,0.19,0.1461981555645879,BUY_NO,1877.880246411784,8.307043381944444,52623.19562300001,0.18,0.2,0.020000000000000018,2048.688,2369.668,2466.518,236.56,1131.44,4937.7068,0
2026-09-07T07:51:39.340224+00:00,daily,bitcoin-up-or-down-on-september-7-2026,0.335,0.4108185873554061,BUY_YES,1073.0088993243348,8.13907216,61272.005426,0.33,0.34,0.010000000000000009,3832.2424,3889.8424,4729.2235,45.68000000000001,94.57000000000001,163.57,0
2026-09-07T08:02:01.004384+00:00,daily,bitcoin-up-or-down-on-september-7-2026,0.33999999999999997,0.3862153950821074,BUY_YES,557.1599243401141,7.966387671111111,61272.005426,0.33,0.35,0.019999999999999962,823.8,3929.1619,4731.1733,136.0232,286.2368,2948.1670999999997,0
2026-09-07T08:11:43.679863+00:00,daily,bitcoin-up-or-down-on-september-7-2026,0.365,0.4261500490567679,BUY_YES,891.270619948697,7.804533371388889,61545.54868400001,0.36,0.37,0.010000000000000009,2516.4773,2721.6173,7020.499599999999,49.940999999999995,89.319,2655.8940000000002,0
2026-09-07T08:21:35.693102+00:00,daily,bitcoin-up-or-down-on-september-7-2026,0.365,0.3864453514163537,NO_TRADE,0.0,7.640085249444444,61545.54868400001,0.36,0.37,0.010000000000000009,6167.3804,6210.2804,7184.262699999999,36.0,64.0,97.0,0
2026-09-07T08:31:50.064245+00:00,daily,bitcoin-up-or-down-on-september-7-2026,0.335,0.35615039034071583,NO_TRADE,0.0,7.46942659861111,63821.522959000016,0.33,0.34,0.010000000000000009,550.4734000000001,591.3082,5886.806600000001,2790.7448000000004,5818.8152,9287.458999999999,0
2026-09-07T08:41:39.780233+00:00,daily,bitcoin-up-or-down-on-september-7-2026,0.345,0.37698487269191616,NO_TRADE,0.0,7.305616601944444,63979.130743000016,0.34,0.35,0.009999999999999953,742.0337999999999,4540.4538,6058.763,29.855800000000002,59.4042,2278.1354,0
2026-09-07T08:51:41.719640+00:00,daily,bitcoin-up-or-down-on-september-7-2026,0.345,0.383592132456045,BUY_YES,516.8020377853082,7.138411211111111,63979.130743000016,0.34,0.35,0.009999999999999953,520.5548,3612.0824,4350.6444,172.13,347.37,768.97,0
2026-09-07T09:02:08.642092+00:00,daily,bitcoin-up-or-down-on-september-7-2026,0.315,0.35369280206443243,BUY_YES,495.482383300477,6.964266085555556,64937.472921000015,0.31,0.32,0.010000000000000009,14.8,1868.14,5899.864,1220.0026,2826.6974,2833.7974,0
2026-09-07T09:11:35.568686+00:00,daily,bitcoin-up-or-down-on-september-7-2026,0.355,0.4269614589957506,BUY_YES,1046.2727968086035,6.806786476111111,65240.413406000014,0.35,0.36,0.010000000000000009,16.0348,46.434799999999996,4004.7608,1362.231,2541.429,9275.599,0
2026-09-07T09:21:37.623487+00:00,daily,bitcoin-up-or-down-on-september-7-2026,0.375,0.410403870171461,BUY_YES,490.3850027655002,6.6395490313888885,65240.413406000014,0.37,0.38,0.010000000000000009,5395.9637,6325.175700000001,6642.125700000001,305.8882,532.9718,565.4718,0
2026-09-07T09:31:52.733249+00:00,daily,bitcoin-up-or-down-on-september-7-2026,0.345,0.3685231766300919,NO_TRADE,0.0,6.468685208611111,65441.453804000026,0.34,0.35,0.009999999999999953,5062.9344,5313.7944,6246.315799999999,161.86,326.74,720.6368,0
2026-09-07T09:41:38.944658+00:00,daily,bitcoin-up-or-down-on-september-7-2026,0.295,0.3049755181165104,NO_TRADE,0.0,6.305848706111111,70834.47240600003,0.29,0.3,0.010000000000000009,2883.4347000000002,5112.4043,5422.6993,143.99,367.01,746.6099999999999,0
2026-09-07T09:51:31.678517+00:00,daily,bitcoin-up-or-down-on-september-7-2026,0.315,0.35519181840148306,BUY_YES,517.5267411982803,6.141200411944444,70834.47240600003,0.31,0.32,0.010000000000000009,4492.1837000000005,4698.2237000000005,5617.5842,584.341,1350.129,1363.8036,0
2026-09-07T10:02:01.885082+00:00,daily,bitcoin-up-or-down-on-september-7-2026,0.265,0.28202523096894283,NO_TRADE,0.0,5.966143032777778,71009.55154900003,0.26,0.27,0.010000000000000009,1518.6796000000002,4112.3671,4363.137100000001,8.8,26.2,3956.1676,0
2026-09-07T10:11:34.568686+00:00,daily,bitcoin-up-or-down-on-september-7-2026,0.275,0.32502897828765837,BUY_YES,493.36589137547026,5.807064253888889,72994.09806900003,0.26,0.29,0.02999999999999997,1829.0,3503.31,3609.5049999999997,1561.4076,4653.8524,4890.0224,0
2026-09-07T10:21:40.801913+00:00,daily,bitcoin-up-or-down-on-september-7-2026,0.31,0.35633518234529665,BUY_YES,534.3409168425978,5.638666135277778,72994.09806900003,0.3,0.32,0.020000000000000018,4863.421200000001,5146.641200000001,5470.416200000001,148.35,346.65,353.31719999999996,0
2026-09-07T10:31:53.565758+00:00,daily,bitcoin-up-or-down-on-september-7-2026,0.31,0.34767297520524115,NO_TRADE,0.0,5.4684539561111105,73818.61177100003,0.3,0.32,0.020000000000000018,5297.8196,5377.0396,5449.9146,140.0,340.0,736.0,0
2026-09-07T10:41:32.071352+00:00,daily,bitcoin-up-or-down-on-september-7-2026,0.31,0.34820985869777954,NO_TRADE,0.0,5.3077579577777785,74000.721757,0.3,0.32,0.020000000000000018,4796.81,5288.1202,5571.020200000001,149.8,350.2,825.4,0
2026-09-07T10:51:34.432751+00:00,daily,bitcoin-up-or-down-on-september-7-2026,0.31,0.3564312623599055,BUY_YES,535.7538582339047,5.140435346944444,74000.721757,0.3,0.32,0.020000000000000018,4595.4624,5083.0326000000005,5347.457600000001,140.0,340.0,728.2672,0
2026-09-07T11:02:01.039135+00:00,daily,bitcoin-up-or-down-on-september-7-2026,0.265,0.2816193858063275,NO_TRADE,0.0,4.966378018055556,74361.441081,0.26,0.27,0.010000000000000009,1071.1984000000002,2683.0184,5035.8177,300.78,875.22,4713.9800000000005,0
2026-09-07T11:11:40.292232+00:00,daily,bitcoin-up-or-down-on-september-7-2026,0.25,0.2805695425397607,NO_TRADE,0.0,4.80547438,75381.97624399999,0.24,0.26,0.020000000000000018,2618.2300999999998,2898.2300999999998,5052.229399999999,1413.2198,4706.0402,4947.840200000001,0
2026-09-07T11:21:54.376568+00:00,daily,bitcoin-up-or-down-on-september-7-2026,0.305,0.37662954425944944,BUY_YES,965.6455689775283,4.634895397777778,75381.97624399999,0.3,0.31,0.010000000000000009,2478.8393,2660.3393,3121.5593,289.0,691.0,784.6,0
2026-09-07T11:31:41.501755+00:00,daily,bitcoin-up-or-down-on-september-7-2026,0.28500000000000003,0.3166042715066624,NO_TRADE,0.0,4.471805068055556,76085.312861,0.28,0.29,0.009999999999999953,6.0827,1791.3727,5502.471799999999,268.90000000000003,706.1,7100.8618,0
2026-09-07T11:41:34.826856+00:00,daily,bitcoin-up-or-down-on-september-7-2026,0.28500000000000003,0.3097618098941663,NO_TRADE,0.0,4.30699254,76631.120856,0.28,0.29,0.009999999999999953,1371.5419999999997,4878.5813,5252.2113,81.25,213.75,4240.09,0
2026-09-07T11:51:36.890342+00:00,daily,bitcoin-up-or-down-on-september-7-2026,0.275,0.30487644323152613,NO_TRADE,0.0,4.139752682777778,76631.120856,0.27,0.28,0.010000000000000009,1318.0324,4732.0414,5069.9464,194.24,549.76,849.76,0
2026-09-07T12:02:01.143050+00:00,daily,bitcoin-up-or-down-on-september-7-2026,0.265,0.2954519760564008,NO_TRADE,0.0,3.9663491527777777,76631.120856,0.26,0.27,0.010000000000000009,645.7181,1814.6733,4918.5433,1441.37,4317.63,4909.3204000000005,0
2026-09-07T12:11:36.149934+00:00,daily,bitcoin-up-or-down-on-september-7-2026,0.305,0.35245094214291284,BUY_YES,615.2310455494616,3.8066250183333334,76737.151908,0.3,0.31,0.010000000000000009,266.78000000000003,1386.6943999999999,5255.874400000001,330.58,793.42,4681.6071999999995,0
2026-09-07T12:21:35.288356+00:00,daily,bitcoin-up-or-down-on-september-7-2026,0.295,0.33446256693713644,BUY_YES,492.322384816235,3.6401976788888892,76737.151908,0.29,0.3,0.010000000000000009,127.0,216.60000000000002,3410.5515,2506.4326,6238.3174,6530.3174,0
2026-09-07T12:31:51.078187+00:00,daily,bitcoin-up-or-down-on-september-7-2026,0.325,0.36960183254083034,BUY_YES,591.0721274750796,3.469144948055556,80405.65364899999,0.32,0.33,0.010000000000000009,682.04,811.54,6145.2626,88.1282,187.5618,4283.2618,0
2026-09-07T12:41:33.248632+00:00,daily,bitcoin-up-or-down-on-september-7-2026,0.295,0.31289465755983076,NO_TRADE,0.0,3.3074309355555553,80849.81483700001,0.29,0.3,0.010000000000000009,693.53,3355.9108000000006,5148.240800000001,23.2,56.8,348.8,0
2026-09-07T12:51:38.980723+00:00,daily,bitcoin-up-or-down-on-september-7-2026,0.335,0.3956374289659787,BUY_YES,842.991347969374,3.1391720213888887,80849.81483700001,0.33,0.34,0.010000000000000009,153.9,497.70000000000005,6020.191999999999,1748.4758000000002,3711.7842,5719.4427,0
2026-09-07T13:02:03.080845+00:00,daily,bitcoin-up-or-down-on-september-7-2026,0.365,0.41572711987380645,BUY_YES,725.8272995842294,2.965810876388889,81072.50916100001,0.36,0.37,0.010000000000000009,300.59000000000003,3509.3423000000003,6263.982300000001,26.785,47.965,133.765,0
2026-09-07T13:11:35.828957+00:00,daily,bitcoin-up-or-down-on-september-7-2026,0.415,0.4716733231253739,BUY_YES,890.9193642305848,2.806714178611111,82553.10916100001,0.41,0.42,0.010000000000000009,85.2,251.51999999999998,6564.2002,2158.8092000000006,3238.0308,5050.5665,0
2026-09-07T13:21:40.586301+00:00,daily,bitcoin-up-or-down-on-september-7-2026,0.4,0.46232531127900595,BUY_YES,886.8696826950163,2.6387260275,82553.10916100001,0.39,0.41,0.019999999999999962,114.54999999999998,260.75,6494.041,3064.3019999999997,3341.1024,3341.1024,0
2026-09-07T13:31:46.243710+00:00,daily,bitcoin-up-or-down-on-september-7-2026,0.405,0.456025888350838,BUY_YES,780.0998025565768,2.470487858333333,84026.680634,0.4,0.41,0.009999999999999953,63.86,2467.56,6341.6,176.0,264.0,561.6,0
2026-09-07T13:41:33.520834+00:00,daily,bitcoin-up-or-down-on-september-7-2026,0.195,0.16492419018156051,NO_TRADE,0.0,2.307355323888889,85609.27685800001,0.18,0.21,0.03,2050.7956,2233.0706,3628.7156,911.47,40.60000000000001,4481.93,0
2026-09-07T13:51:36.791726+00:00,daily,bitcoin-up-or-down-on-september-7-2026,0.14500000000000002,0.1465385085310436,NO_TRADE,0.0,2.139780076111111,85609.27685800001,0.14,0.15,0.009999999999999981,706.0,1644.5700000000002,1818.8950000000002,138.3111,878.1589,5444.0389000000005,0
2026-09-07T14:02:01.372347+00:00,daily,bitcoin-up-or-down-on-september-7-2026,0.155,0.1787832008999277,NO_TRADE,0.0,1.9662854591666665,92259.20791099998,0.15,0.16,0.010000000000000009,925.9404000000001,1905.3204,2007.5204,46.8186,266.1714,4721.4414,0
2026-09-07T14:11:32.461407+00:00,daily,bitcoin-up-or-down-on-september-7-2026,0.065,0.05593330145563586,NO_TRADE,0.0,1.8076496091666667,94511.87805499998,0.06,0.07,0.010000000000000009,357.8185000000001,358.71850000000006,995.6685000000001,242.9955,4322.7145,9411.674500000001,0
2026-09-07T14:21:43.164800+00:00,daily,bitcoin-up-or-down-on-september-7-2026,0.045,0.04180799179000185,NO_TRADE,0.0,1.638009777777778,94511.87805499998,0.04,0.05,0.010000000000000002,514.2754,569.574,1020.9739999999999,89.7999,2838.5300999999995,6285.6801,0
2026-09-07T14:31:46.968159+00:00,daily,bitcoin-up-or-down-on-september-7-2026,0.0225,0.01872886594499679,NO_TRADE,0.0,1.4702866225,104419.32574699995,0.02,0.025,0.005000000000000001,226.04524,250.04524,263.34399,66.0022,5733.1178,22432.077100000002,0
2026-09-07T14:41:32.614208+00:00,daily,bitcoin-up-or-down-on-september-7-2026,0.0225,0.020282617641329156,NO_TRADE,0.0,1.3076071644444445,110304.08853399997,0.019,0.026,0.006999999999999999,216.29244999999997,233.93245,244.92745,44.056200000000004,3960.5638,20062.83899,0
2026-09-07T14:51:45.059949+00:00,daily,bitcoin-up-or-down-on-september-7-2026,0.0215,0.0218198582710113,NO_TRADE,0.0,1.1374833475,110304.08853399997,0.015,0.028,0.013000000000000001,42.00527,48.245270000000005,417.06027000000006,38.19045,4159.37955,25946.44514,0
2026-09-07T15:02:02.273062+00:00,daily,bitcoin-up-or-down-on-september-7-2026,0.0165,0.01702166924770617,NO_TRADE,0.0,0.9660352605555556,113279.40499599998,0.014,0.019,0.004999999999999999,116.58000000000001,296.1363,326.62629999999996,20.802200000000003,3027.8178000000003,23848.81039,0
2026-09-07T15:11:46.456790+00:00,daily,bitcoin-up-or-down-on-september-7-2026,0.010499999999999999,0.008124966779743335,NO_TRADE,0.0,0.8037620027777778,115669.67632799994,0.01,0.011,0.0009999999999999992,75.88199999999999,86.622,96.002,27.67161,18616.41839,18616.41839,0
2026-09-07T15:21:33.538115+00:00,daily,bitcoin-up-or-down-on-september-7-2026,0.0065,0.005704466610688348,NO_TRADE,0.0,0.6406838569444445,115669.67632799994,0.004,0.009,0.004999999999999999,71.73278,82.79278000000001,95.88278000000001,15.66441,12383.80559,12383.80559,0
2026-09-07T15:31:57.198100+00:00,daily,bitcoin-up-or-down-on-september-7-2026,0.011,0.007624843347132848,NO_TRADE,0.0,0.4674449722222222,117055.65632799995,0.01,0.012,0.002,83.67999999999999,83.67999999999999,91.27999999999999,36.83121,7047.718790000001,7047.718790000001,0
2026-09-07T15:41:37.543643+00:00,daily,bitcoin-up-or-down-on-september-7-2026,0.004,0.0022395455024880177,NO_TRADE,0.0,0.30623787694444443,125130.51976899993,0.002,0.006,0.004,260.5114,266.21139999999997,273.8114,5.99698,3004.99302,3004.99302,0
2026-09-07T15:51:43.236330+00:00,daily,bitcoin-up-or-down-on-september-7-2026,0.0005,0.0004011121503346287,NO_TRADE,0.0,0.13798990833333333,125130.51976899993,,0.001,,131.73542,137.43542,139.43542,0.0,0.0,0.0,0
